0.6956101655960083,0.7114765644073486,-3.0526825867127627e-07,0.6220508813858032,0.706777036190033,-0.009711033664643764,0.552251935005188,0.6725741624832153,-0.02306031994521618,0.4994513988494873,0.6677740216255188,-0.04064160957932472,0.4554988145828247,0.6773822903633118,-0.05873274430632591,0.5569524765014648,0.5397858619689941,-0.010507184080779552,0.5023475885391235,0.5000641345977783,-0.03713550418615341,0.4665956199169159,0.4687764346599579,-0.053999196738004684,0.4368516802787781,0.43821263313293457,-0.06786546111106873,0.5915235280990601,0.5097203850746155,-0.023618459701538086,0.5384756922721863,0.5523123741149902,-0.05431707203388214,0.5664902329444885,0.6176403164863586,-0.0531647726893425,0.5907987952232361,0.6151087284088135,-0.047643449157476425,0.6316146850585938,0.5076324939727783,-0.04075544327497482,0.5803410410881042,0.5638365149497986,-0.06796394288539886,0.601830005645752,0.6235253214836121,-0.04846102371811867,0.6221094131469727,0.6166889667510986,-0.031953778117895126,0.6695528626441956,0.5256260633468628,-0.06062047556042671,0.6265100240707397,0.5747331380844116,-0.07646945863962173,0.6334611177444458,0.621082603931427,-0.06307189911603928,0.64993816614151,0.6178605556488037,-0.05117788538336754,0.18123090267181396,0.714052677154541,3.396934857846645e-07,0.23929814994335175,0.7124793529510498,-0.024258939549326897,0.30863094329833984,0.686416506767273,-0.04242143779993057,0.3643299341201782,0.6815934777259827,-0.061270568519830704,0.41045957803726196,0.6922034025192261,-0.08071237802505493,0.3013378381729126,0.5623969435691833,-0.025204505771398544,0.35277625918388367,0.49999964237213135,-0.05172990262508392,0.3886895179748535,0.4711941182613373,-0.06678794324398041,0.4170086681842804,0.44000017642974854,-0.07717691361904144,0.26682156324386597,0.5411480069160461,-0.03178110718727112,0.3209158480167389,0.48347535729408264,-0.0719127207994461,0.3094826638698578,0.5534644722938538,-0.08038998395204544,0.28794610500335693,0.5861161947250366,-0.07609917968511581,0.2238484025001526,0.537023663520813,-0.041294850409030914,0.2661268413066864,0.5084532499313354,-0.0840885266661644,0.2564045786857605,0.5771209597587585,-0.07642784714698792,0.2381523847579956,0.596757173538208,-0.059523239731788635,0.1750842034816742,0.5431381464004517,-0.05215531960129738,0.21238255500793457,0.5172455906867981,-0.07995077967643738,0.21773236989974976,0.5703120231628418,-0.06888197362422943,0.20574072003364563,0.5906906127929688,-0.05402497574687004,A
0.6919860243797302,0.7206498384475708,-3.0155538865983544e-07,0.6268187165260315,0.720281720161438,-0.00999035406857729,0.5517018437385559,0.6862622499465942,-0.020042385905981064,0.49666300415992737,0.6788561940193176,-0.03464411944150925,0.4528193771839142,0.6927883625030518,-0.049751874059438705,0.5571614503860474,0.562710165977478,-0.008926142938435078,0.5036359429359436,0.4997478723526001,-0.03574017807841301,0.4681611955165863,0.46057605743408203,-0.051542337983846664,0.4386337697505951,0.4233776330947876,-0.06391005963087082,0.5879918932914734,0.5396180152893066,-0.021908586844801903,0.5409770011901855,0.5430022478103638,-0.06250525265932083,0.5694258809089661,0.6104783415794373,-0.06606475263834,0.5952023863792419,0.6215749382972717,-0.0596664622426033,0.6259856224060059,0.5311432480812073,-0.03857816383242607,0.5837888717651367,0.5503029823303223,-0.07419179379940033,0.6077172160148621,0.615115225315094,-0.05717172473669052,0.6280831694602966,0.6179959774017334,-0.03784133493900299,0.6677841544151306,0.5326982140541077,-0.05736299604177475,0.6288752555847168,0.548355221748352,-0.07425866276025772,0.6350557208061218,0.6012264490127563,-0.05884594842791557,0.6487425565719604,0.607552170753479,-0.043897729367017746,0.18203827738761902,0.7110000252723694,2.0365374098219036e-07,0.24103644490242004,0.7106930017471313,-0.02290661446750164,0.3128601312637329,0.6837383508682251,-0.03906742110848427,0.36977529525756836,0.6830767393112183,-0.05659874901175499,0.41274693608283997,0.699738085269928,-0.07514935731887817,0.31056681275367737,0.5668095946311951,-0.021958613768219948,0.36357802152633667,0.5012097358703613,-0.04728352651000023,0.3968593180179596,0.464903324842453,-0.06209959834814072,0.4234146475791931,0.4280956983566284,-0.07333528250455856,0.27791550755500793,0.545166552066803,-0.028327208012342453,0.324638307094574,0.5041658878326416,-0.07022974640130997,0.29858940839767456,0.5762137174606323,-0.07831922173500061,0.27604201436042786,0.6033191680908203,-0.07403306663036346,0.23699267208576202,0.5352461338043213,-0.037718672305345535,0.2736339271068573,0.509227991104126,-0.08126767724752426,0.2561132609844208,0.5759349465370178,-0.07198673486709595,0.23883023858070374,0.5937347412109375,-0.054450102150440216,0.18923413753509521,0.5308343172073364,-0.048548076301813126,0.2225777953863144,0.5006163716316223,-0.07708685845136642,0.22295615077018738,0.5553849339485168,-0.06557156890630722,0.21311025321483612,0.5799810886383057,-0.05044100061058998,A
0.717170774936676,0.7044293880462646,-2.0254356059012935e-07,0.6531336903572083,0.707464337348938,-0.017190881073474884,0.5748025178909302,0.6758688688278198,-0.031469620764255524,0.5148597955703735,0.6657220721244812,-0.04912571609020233,0.46636897325515747,0.676738977432251,-0.06677849590778351,0.5717233419418335,0.545071542263031,-0.014853349886834621,0.5136117935180664,0.4808923006057739,-0.04282310977578163,0.47466814517974854,0.44270917773246765,-0.056771326810121536,0.44527876377105713,0.4051913022994995,-0.06744483858346939,0.6044083833694458,0.5183236002922058,-0.026700550690293312,0.5551042556762695,0.49650686979293823,-0.06991312652826309,0.5789810419082642,0.5687808990478516,-0.07320880144834518,0.6040118932723999,0.5877007842063904,-0.06428153812885284,0.6467173099517822,0.5102365016937256,-0.04279510676860809,0.6078236103057861,0.5243191719055176,-0.08191607147455215,0.6296695470809937,0.5906432271003723,-0.0665213093161583,0.6507824063301086,0.5906791687011719,-0.04657549411058426,0.6919206976890564,0.5156646966934204,-0.06129128485918045,0.6559956669807434,0.5365211367607117,-0.07998195290565491,0.6620379686355591,0.5879977941513062,-0.06574457883834839,0.6770549416542053,0.5889310240745544,-0.051205914467573166,0.18082067370414734,0.7151598334312439,2.0229332164944935e-07,0.24291333556175232,0.7131539583206177,-0.023059776052832603,0.317973256111145,0.6810621023178101,-0.03886132314801216,0.37689560651779175,0.6758444309234619,-0.05624785274267197,0.4217250347137451,0.6893936395645142,-0.07469740509986877,0.31483179330825806,0.5580970048904419,-0.022310342639684677,0.37076202034950256,0.4878212809562683,-0.046987760812044144,0.404043585062027,0.4484887719154358,-0.06169366091489792,0.43039917945861816,0.40935808420181274,-0.07307426631450653,0.2785768508911133,0.5359206199645996,-0.028704943135380745,0.32159489393234253,0.4899404048919678,-0.07067139446735382,0.2998172342777252,0.5622814893722534,-0.07966617494821548,0.27870041131973267,0.5949560403823853,-0.07650873064994812,0.23376739025115967,0.5270115733146667,-0.037995725870132446,0.267886221408844,0.4893333911895752,-0.07946419715881348,0.25650283694267273,0.5561551451683044,-0.07035620510578156,0.24128466844558716,0.5807422995567322,-0.05398501083254814,0.18215009570121765,0.5238527059555054,-0.0489661805331707,0.21200093626976013,0.4863106608390808,-0.07557477802038193,0.21599721908569336,0.5384219884872437,-0.0643267035484314,0.20777559280395508,0.564527690410614,-0.04998965188860893,A
0.7215661406517029,0.707848072052002,-2.0141936829531915e-07,0.6556045413017273,0.7116245031356812,-0.017359722405672073,0.5766685605049133,0.6786867380142212,-0.031695470213890076,0.5158634781837463,0.6690894365310669,-0.0496937595307827,0.4676216244697571,0.6805373430252075,-0.06761562079191208,0.5748368501663208,0.5469642281532288,-0.013959682546555996,0.5143857598304749,0.48231247067451477,-0.04378315806388855,0.4753698408603668,0.4430219531059265,-0.05935468524694443,0.4451355040073395,0.4039686918258667,-0.07109861820936203,0.6074298620223999,0.5184479355812073,-0.026412224397063255,0.5580902099609375,0.49363988637924194,-0.07412110269069672,0.5815260410308838,0.566913902759552,-0.07998241484165192,0.6066544055938721,0.5895534157752991,-0.07142949104309082,0.6494413614273071,0.5101125836372375,-0.043162327259778976,0.6110911965370178,0.5276494026184082,-0.08503738790750504,0.6331912875175476,0.5967150926589966,-0.07067142426967621,0.6544814705848694,0.5981872081756592,-0.05029360577464104,0.6938761472702026,0.5162901878356934,-0.06239798292517662,0.6590453386306763,0.5431678891181946,-0.08185195922851562,0.6650897264480591,0.5957516431808472,-0.06823094934225082,0.6797685623168945,0.5945286154747009,-0.05377634987235069,0.17791235446929932,0.7215268611907959,1.971640983811085e-07,0.2422180473804474,0.7190039753913879,-0.024536602199077606,0.3199547231197357,0.6841117143630981,-0.04107239469885826,0.38096189498901367,0.6794909238815308,-0.05908409506082535,0.42776763439178467,0.694891095161438,-0.07827962934970856,0.31363701820373535,0.5605411529541016,-0.024697279557585716,0.3703736662864685,0.48664069175720215,-0.05087936297059059,0.40400421619415283,0.44669365882873535,-0.06592921167612076,0.4311184585094452,0.40680640935897827,-0.07749075442552567,0.27665531635284424,0.5383878350257874,-0.03145574778318405,0.3232214152812958,0.4893413782119751,-0.07667479664087296,0.29974108934402466,0.5666223168373108,-0.08580116182565689,0.27658766508102417,0.6021922826766968,-0.0817306712269783,0.2309807687997818,0.529409646987915,-0.04129490256309509,0.2689855992794037,0.4901849031448364,-0.08662226796150208,0.2563026249408722,0.5626553893089294,-0.0774591863155365,0.23911097645759583,0.5893679261207581,-0.059703279286623,0.17854589223861694,0.5267986059188843,-0.05282720923423767,0.21144919097423553,0.48569682240486145,-0.08299446105957031,0.21626955270767212,0.5418714880943298,-0.07213454693555832,0.20761260390281677,0.5720969438552856,-0.05715826153755188,A
0.720003604888916,0.7060511708259583,-1.8908139054474304e-07,0.6529603600502014,0.7075921893119812,-0.01872164197266102,0.5735992193222046,0.6741027235984802,-0.033697932958602905,0.5108532905578613,0.666725754737854,-0.0520133376121521,0.4623176157474518,0.6805483102798462,-0.07019375264644623,0.5726906061172485,0.5419103503227234,-0.014804335311055183,0.5129618048667908,0.4765577018260956,-0.04487626254558563,0.47507041692733765,0.4372418522834778,-0.061121344566345215,0.4454699754714966,0.3975587487220764,-0.07345018535852432,0.605819582939148,0.5127016305923462,-0.02655261941254139,0.5563172101974487,0.4908849596977234,-0.07481686770915985,0.5795328617095947,0.5634077191352844,-0.08170574903488159,0.6050964593887329,0.585369348526001,-0.07400067150592804,0.64812171459198,0.5046320557594299,-0.042660053819417953,0.6100016236305237,0.5258758068084717,-0.08468061685562134,0.6318644285202026,0.5942332744598389,-0.07117254287004471,0.6534519791603088,0.5951247215270996,-0.051467251032590866,0.6923931837081909,0.5113904476165771,-0.061391692608594894,0.6577276587486267,0.5410021543502808,-0.08072607219219208,0.6632147431373596,0.5941335558891296,-0.0675920695066452,0.677544355392456,0.5932644605636597,-0.05358338728547096,0.1772470325231552,0.718105137348175,1.919835312946816e-07,0.24109481275081635,0.7145732641220093,-0.02476697787642479,0.31787246465682983,0.6797441244125366,-0.042184166610240936,0.3786955177783966,0.6745851039886475,-0.06128300726413727,0.42538902163505554,0.6893436908721924,-0.08148568868637085,0.311702162027359,0.5567403435707092,-0.024629229679703712,0.36779531836509705,0.48367786407470703,-0.05086749792098999,0.40150412917137146,0.44312116503715515,-0.0659809559583664,0.42846137285232544,0.40333473682403564,-0.07758482545614243,0.2747412919998169,0.5343224406242371,-0.0312560498714447,0.32066774368286133,0.49422159790992737,-0.07640358060598373,0.29567089676856995,0.5704683065414429,-0.085443414747715,0.2722615599632263,0.6009661555290222,-0.08151312172412872,0.22969114780426025,0.5244275331497192,-0.04103678837418556,0.2671375274658203,0.4918474853038788,-0.08670934289693832,0.25264039635658264,0.5637537837028503,-0.07733753323554993,0.23525011539459229,0.5870136618614197,-0.059527285397052765,0.177876815199852,0.5209516286849976,-0.052531566470861435,0.21034710109233856,0.4830182194709778,-0.08285953849554062,0.21396777033805847,0.5398113131523132,-0.07168105989694595,0.2052152454853058,0.5692675709724426,-0.056404318660497665,A
0.7197353839874268,0.7047367691993713,-1.9406712681302452e-07,0.6535477042198181,0.7064319849014282,-0.01855715923011303,0.5747278332710266,0.6736745238304138,-0.0337132066488266,0.512718677520752,0.6652544736862183,-0.052320465445518494,0.46403127908706665,0.6783952713012695,-0.07080730050802231,0.5737857818603516,0.5420800447463989,-0.015277551487088203,0.5140787363052368,0.4764779210090637,-0.04524810239672661,0.47525131702423096,0.43735578656196594,-0.06080017238855362,0.4451446831226349,0.39839646220207214,-0.07256300002336502,0.60712069272995,0.5132394433021545,-0.02710619382560253,0.5580160021781921,0.49054038524627686,-0.07506316900253296,0.5812501311302185,0.5640718340873718,-0.08098144084215164,0.6062548756599426,0.5859689712524414,-0.07248427718877792,0.6494007706642151,0.5050485134124756,-0.04328767582774162,0.6108501553535461,0.5261014699935913,-0.0853489339351654,0.6330987811088562,0.5947542190551758,-0.07132525742053986,0.654578685760498,0.5958115458488464,-0.05111420154571533,0.6938889026641846,0.5111424922943115,-0.062056951224803925,0.6591339111328125,0.5409507155418396,-0.08163999021053314,0.6646141409873962,0.5934926271438599,-0.06843399256467819,0.6788200736045837,0.5927475690841675,-0.05420040339231491,0.17830783128738403,0.7159584760665894,1.8216590547126543e-07,0.24178557097911835,0.7124922275543213,-0.024186505004763603,0.31846529245376587,0.6783484816551208,-0.040949296206235886,0.37786662578582764,0.6727144718170166,-0.05957285314798355,0.42339932918548584,0.6870428323745728,-0.07940138131380081,0.31247401237487793,0.554625391960144,-0.025057852268218994,0.3689909279346466,0.4805286228656769,-0.05174000933766365,0.4026702642440796,0.44086480140686035,-0.06749693304300308,0.4299813210964203,0.40183645486831665,-0.07935132831335068,0.2755606770515442,0.5327873229980469,-0.03182566910982132,0.32210275530815125,0.4936513900756836,-0.07788637280464172,0.2983262538909912,0.5690193772315979,-0.08791067451238632,0.27447155117988586,0.6024710536003113,-0.08458681404590607,0.2308061271905899,0.5232251286506653,-0.041660062968730927,0.26917776465415955,0.489242821931839,-0.08737979084253311,0.2557004690170288,0.5609179139137268,-0.07919750362634659,0.23793981969356537,0.5881507992744446,-0.062111809849739075,0.17931042611598969,0.5201206803321838,-0.05321326479315758,0.211472749710083,0.48139506578445435,-0.08385813981294632,0.21644702553749084,0.5366758108139038,-0.0741359069943428,0.2086486965417862,0.5681600570678711,-0.059789568185806274,A
0.7124373316764832,0.705824613571167,-2.1546581763232098e-07,0.6473555564880371,0.7064006328582764,-0.0168492179363966,0.569689929485321,0.6730852127075195,-0.030754242092370987,0.5104265213012695,0.6634572148323059,-0.04828125610947609,0.46467846632003784,0.6758347749710083,-0.06550954282283783,0.5678613781929016,0.5416691899299622,-0.01429505180567503,0.5088895559310913,0.4771641492843628,-0.044170081615448,0.4704386591911316,0.4396921992301941,-0.05885672569274902,0.4413379430770874,0.4000588059425354,-0.06985251605510712,0.6013727188110352,0.5137988328933716,-0.02641841024160385,0.5525082945823669,0.4954218864440918,-0.07096340507268906,0.5782054662704468,0.5695981383323669,-0.07376164197921753,0.6038473844528198,0.5837386846542358,-0.06431008875370026,0.6441506147384644,0.5055596232414246,-0.043088141828775406,0.6061734557151794,0.5228708982467651,-0.08278220891952515,0.6274775862693787,0.5908099412918091,-0.06629494577646255,0.6478070020675659,0.5878154635429382,-0.04560013487935066,0.689469039440155,0.5114604234695435,-0.062388163059949875,0.6561565399169922,0.5372412800788879,-0.0808110460639,0.6610002517700195,0.5895507335662842,-0.06645896285772324,0.6745058298110962,0.5885029435157776,-0.05194810777902603,0.1764601171016693,0.7175115346908569,1.936965645654709e-07,0.239429771900177,0.7130573391914368,-0.024245763197541237,0.31567052006721497,0.6779331564903259,-0.041129495948553085,0.37574172019958496,0.6729559898376465,-0.05978338047862053,0.42225658893585205,0.6888347864151001,-0.07955613732337952,0.3088090717792511,0.5555888414382935,-0.0237447340041399,0.3639870285987854,0.4822198748588562,-0.04997669905424118,0.39730408787727356,0.442056804895401,-0.06549358367919922,0.4243220090866089,0.40332353115081787,-0.07718417048454285,0.2722080945968628,0.5342789888381958,-0.03026876226067543,0.3172173798084259,0.495907723903656,-0.07505515962839127,0.2933944761753082,0.5698953866958618,-0.08449580520391464,0.2705918848514557,0.6015255451202393,-0.08093109726905823,0.22729447484016418,0.525529682636261,-0.0399964414536953,0.26439422369003296,0.49456411600112915,-0.0843849629163742,0.251302570104599,0.5633372068405151,-0.07578909397125244,0.2349754273891449,0.5871300101280212,-0.058762941509485245,0.17566163837909698,0.5233998894691467,-0.051474377512931824,0.20784157514572144,0.48583075404167175,-0.08024785667657852,0.2122296690940857,0.5393121838569641,-0.06941523402929306,0.20436400175094604,0.5678790807723999,-0.05465032905340195,A
0.7123207449913025,0.7063855528831482,-1.9277271690043563e-07,0.6453443765640259,0.7089858055114746,-0.018036145716905594,0.5679964423179626,0.6773232817649841,-0.03372681140899658,0.5061417818069458,0.6681618690490723,-0.05325409024953842,0.45746445655822754,0.681452751159668,-0.07266467809677124,0.5648464560508728,0.5444524884223938,-0.013805916532874107,0.5044561624526978,0.4803870618343353,-0.04363288730382919,0.4648910462856293,0.4415184259414673,-0.058896131813526154,0.43460121750831604,0.4025194048881531,-0.0704990029335022,0.5976651906967163,0.5151415467262268,-0.02606101520359516,0.5480011701583862,0.495135635137558,-0.0732419490814209,0.5728950500488281,0.5694668292999268,-0.07821296900510788,0.5983328819274902,0.5888149738311768,-0.06928054988384247,0.6394472122192383,0.5062255263328552,-0.04281747713685036,0.6007336378097534,0.5285684466362,-0.08455176651477814,0.6237421035766602,0.5973557233810425,-0.06963424384593964,0.6453248262405396,0.5972816348075867,-0.049050040543079376,0.6831271648406982,0.511944055557251,-0.062218401581048965,0.6480172276496887,0.5424908399581909,-0.08176764845848083,0.654516339302063,0.5952518582344055,-0.06821166723966599,0.6691601276397705,0.5944288372993469,-0.05383341759443283,0.17105039954185486,0.7223031520843506,2.0179888338134333e-07,0.23364542424678802,0.7195223569869995,-0.026320230215787888,0.31017014384269714,0.6851949691772461,-0.04419146105647087,0.3708295226097107,0.6796314716339111,-0.06346701085567474,0.41815903782844543,0.6951355934143066,-0.08378741890192032,0.3047385811805725,0.5598998665809631,-0.02534700185060501,0.3595946133136749,0.4869019687175751,-0.05282185226678848,0.3934426009654999,0.44528302550315857,-0.06933235377073288,0.4213167428970337,0.4057420790195465,-0.08185990154743195,0.2674051523208618,0.538023829460144,-0.031192021444439888,0.31112614274024963,0.4994089901447296,-0.0778420940041542,0.28638404607772827,0.5755645036697388,-0.08788684755563736,0.2634177505970001,0.6089399456977844,-0.08441738039255142,0.22197595238685608,0.5294820070266724,-0.04040885344147682,0.25639569759368896,0.4945010244846344,-0.08654052019119263,0.24276338517665863,0.5662005543708801,-0.07754595577716827,0.22622042894363403,0.5921444296836853,-0.059919435530900955,0.17028284072875977,0.527931809425354,-0.05157412216067314,0.19996371865272522,0.49003076553344727,-0.08217421919107437,0.20383477210998535,0.5444265007972717,-0.07175222784280777,0.1958378553390503,0.5721848607063293,-0.05696043372154236,A
0.7096281051635742,0.7065421938896179,-2.0459462746202917e-07,0.6427350044250488,0.7071976065635681,-0.0169780645519495,0.5640658140182495,0.6754748821258545,-0.031671568751335144,0.5029385685920715,0.6679757833480835,-0.050145093351602554,0.4560962915420532,0.682935893535614,-0.06844626367092133,0.5618340969085693,0.5430857539176941,-0.013809659518301487,0.5023399591445923,0.4804297983646393,-0.043060336261987686,0.46380582451820374,0.44282248616218567,-0.05700714513659477,0.4347638487815857,0.4036293029785156,-0.06749378144741058,0.5956499576568604,0.5140410661697388,-0.026034384965896606,0.5465162992477417,0.4975082576274872,-0.07004805654287338,0.5733641982078552,0.572869062423706,-0.07212292402982712,0.5987749099731445,0.5862881541252136,-0.06205412745475769,0.638933539390564,0.5052657127380371,-0.04280645027756691,0.6003241539001465,0.5252719521522522,-0.08231475204229355,0.6226463317871094,0.5941818356513977,-0.06526345014572144,0.6430351138114929,0.5907526612281799,-0.04411542788147926,0.6840571165084839,0.5114862322807312,-0.06219401955604553,0.6499213576316833,0.5405330657958984,-0.08014781773090363,0.6560124754905701,0.5929368138313293,-0.06513582170009613,0.6703128218650818,0.5903030633926392,-0.05014992132782936,0.1696312576532364,0.7216497659683228,1.9832684472476103e-07,0.23185618221759796,0.7178398966789246,-0.024482395499944687,0.30773255228996277,0.6839128136634827,-0.04151970520615578,0.36774733662605286,0.6788946390151978,-0.06023825705051422,0.4139830470085144,0.6935874819755554,-0.08010496199131012,0.30056264996528625,0.559561014175415,-0.024996930733323097,0.3559311330318451,0.4856868386268616,-0.05121613293886185,0.3893122673034668,0.44522351026535034,-0.06676331162452698,0.4163232445716858,0.40662339329719543,-0.07849615067243576,0.2638775408267975,0.5391641855239868,-0.03129426762461662,0.3084252178668976,0.5004072785377502,-0.07595404237508774,0.28600576519966125,0.5738758444786072,-0.08556531369686127,0.26350319385528564,0.6067519783973694,-0.08243878185749054,0.21887415647506714,0.5316067934036255,-0.04069934040307999,0.25496193766593933,0.4973227381706238,-0.0844099372625351,0.24331897497177124,0.5657196044921875,-0.07602974772453308,0.22734670341014862,0.5916937589645386,-0.05960991606116295,0.16707298159599304,0.5304049849510193,-0.05192917585372925,0.19711634516716003,0.49143776297569275,-0.0805734172463417,0.20291796326637268,0.5433383584022522,-0.0705488845705986,0.19627276062965393,0.5722693800926208,-0.05659941956400871,A
0.7063028812408447,0.7028055787086487,-1.9506437354266382e-07,0.6409664750099182,0.7033247351646423,-0.016448451206088066,0.5622205138206482,0.6717079877853394,-0.03066134639084339,0.5012677907943726,0.6650721430778503,-0.04870926961302757,0.4541003406047821,0.6774179935455322,-0.06686408072710037,0.5597141981124878,0.539840042591095,-0.013376855291426182,0.49989837408065796,0.4758315682411194,-0.04177067428827286,0.46091824769973755,0.4372916519641876,-0.055523183196783066,0.431522011756897,0.3991345167160034,-0.06584130972623825,0.5924334526062012,0.5126103758811951,-0.02593822218477726,0.5412245392799377,0.4895572364330292,-0.0707070380449295,0.5646405220031738,0.5660032033920288,-0.07396956533193588,0.5894240140914917,0.5865879058837891,-0.06400793790817261,0.6351034045219421,0.5048288702964783,-0.04276890307664871,0.5952260494232178,0.5204423666000366,-0.08307886123657227,0.6172212958335876,0.5911767482757568,-0.06743720173835754,0.6391009092330933,0.5924282670021057,-0.04638765752315521,0.6800974011421204,0.5114493370056152,-0.06197235360741615,0.6441007256507874,0.5365748405456543,-0.08070050925016403,0.6495944261550903,0.5903452038764954,-0.06624513119459152,0.6646522879600525,0.5906677842140198,-0.05116136372089386,0.1656637191772461,0.7202914953231812,2.079217154005164e-07,0.2283816635608673,0.7164508104324341,-0.025369388982653618,0.3037104904651642,0.6818426251411438,-0.04303007572889328,0.36343997716903687,0.676853358745575,-0.06227482482790947,0.4091991186141968,0.6909138560295105,-0.08261299878358841,0.29546189308166504,0.556856095790863,-0.02750980481505394,0.35176730155944824,0.48179998993873596,-0.05494679510593414,0.3858086168766022,0.4408634305000305,-0.07147344946861267,0.41349565982818604,0.40150779485702515,-0.08389849215745926,0.25824958086013794,0.536094605922699,-0.03373977169394493,0.30326682329177856,0.4985564053058624,-0.08018281310796738,0.28148698806762695,0.5733457803726196,-0.09045849740505219,0.25892797112464905,0.6085837483406067,-0.08764829486608505,0.2131117582321167,0.5279999375343323,-0.0430634580552578,0.2497822791337967,0.4924326539039612,-0.08796053379774094,0.23901772499084473,0.5624669790267944,-0.07971871644258499,0.2228393405675888,0.591601550579071,-0.06321143358945847,0.1615370213985443,0.5267311334609985,-0.054321158677339554,0.19251134991645813,0.48763978481292725,-0.08448490500450134,0.19850502908229828,0.540802001953125,-0.07515756040811539,0.19141197204589844,0.5718570947647095,-0.06141192093491554,A
0.7080967426300049,0.7009238600730896,-1.854466518125264e-07,0.6400256156921387,0.7016515135765076,-0.017550930380821228,0.5621681213378906,0.6686099767684937,-0.032880716025829315,0.500049352645874,0.6608126163482666,-0.05198094621300697,0.45150652527809143,0.675912618637085,-0.07111869752407074,0.5604026317596436,0.5385324358940125,-0.013861839659512043,0.4989628195762634,0.47464874386787415,-0.04353569075465202,0.45969200134277344,0.4355090856552124,-0.059010159224271774,0.4295063018798828,0.39636072516441345,-0.07084950804710388,0.5933820605278015,0.5094871520996094,-0.02624564990401268,0.5416030287742615,0.4883957505226135,-0.0735989436507225,0.5673604607582092,0.5618999004364014,-0.07903709262609482,0.5938916802406311,0.5823782086372375,-0.0704069435596466,0.6357329487800598,0.5007289052009583,-0.042944811284542084,0.5946481227874756,0.5207299590110779,-0.08431628346443176,0.6183143258094788,0.5890167951583862,-0.06941474229097366,0.6406436562538147,0.5895608067512512,-0.048875898122787476,0.6801438331604004,0.5063658952713013,-0.06220751628279686,0.6442921161651611,0.5375062227249146,-0.08150505274534225,0.6516566872596741,0.5887100696563721,-0.06787881255149841,0.6671473979949951,0.5862587690353394,-0.053511928766965866,0.16744816303253174,0.7194302678108215,2.0055766469795344e-07,0.22913746535778046,0.7143250703811646,-0.026327572762966156,0.30491480231285095,0.6796275973320007,-0.04482751712203026,0.36552414298057556,0.6732614636421204,-0.06473692506551743,0.4131331443786621,0.6882935166358948,-0.085694320499897,0.2970007061958313,0.5572907328605652,-0.027252813801169395,0.3522133529186249,0.4812586307525635,-0.05382782593369484,0.3856785297393799,0.4397886395454407,-0.06913039833307266,0.41242462396621704,0.39960601925849915,-0.0808122307062149,0.2596707344055176,0.5360702872276306,-0.033158786594867706,0.3057505190372467,0.4924772083759308,-0.07827397435903549,0.2829458713531494,0.5685940980911255,-0.08744954317808151,0.25955837965011597,0.6011818647384644,-0.08375478535890579,0.2147781103849411,0.5276390314102173,-0.04224912077188492,0.2516174614429474,0.48888587951660156,-0.08702006936073303,0.24030271172523499,0.5604034662246704,-0.07816483080387115,0.22350093722343445,0.5866459608078003,-0.061011895537376404,0.16348715126514435,0.5258309245109558,-0.053288307040929794,0.1935749053955078,0.4821181297302246,-0.08330586552619934,0.2001589834690094,0.5360777974128723,-0.07323310524225235,0.19297346472740173,0.566983699798584,-0.05891682580113411,A
0.7094974517822266,0.7013999223709106,-1.8909801724475983e-07,0.6414956450462341,0.7033969759941101,-0.01692519709467888,0.5624452233314514,0.670426607131958,-0.03184887394309044,0.500020444393158,0.6629145741462708,-0.050770536065101624,0.4517618417739868,0.679349422454834,-0.06983017921447754,0.5590291619300842,0.5383378863334656,-0.012685233727097511,0.4987776577472687,0.47489842772483826,-0.042441483587026596,0.46026143431663513,0.4352959394454956,-0.058061469346284866,0.43033701181411743,0.39567553997039795,-0.07000082731246948,0.5921161770820618,0.5087958574295044,-0.025573009625077248,0.541154146194458,0.48851126432418823,-0.07314230501651764,0.568327009677887,0.5622351765632629,-0.07872553914785385,0.5951522588729858,0.5815690159797668,-0.07013453543186188,0.6343957185745239,0.49971598386764526,-0.04282210394740105,0.5950409173965454,0.5205211639404297,-0.08492766320705414,0.6190381646156311,0.5894156098365784,-0.07007969915866852,0.6408544778823853,0.589364767074585,-0.04936378076672554,0.6781131029129028,0.5055122375488281,-0.06252642720937729,0.6418164968490601,0.5346575975418091,-0.08199665695428848,0.6496347188949585,0.587184727191925,-0.0678541511297226,0.6653244495391846,0.5849552154541016,-0.053057264536619186,0.16754350066184998,0.7200148701667786,1.8924123423857964e-07,0.22904640436172485,0.7150353193283081,-0.025714658200740814,0.3049790561199188,0.6803771257400513,-0.04382789880037308,0.3646939992904663,0.6731746792793274,-0.06330041587352753,0.41203126311302185,0.687637984752655,-0.08381688594818115,0.2977982759475708,0.5577048063278198,-0.025837935507297516,0.3515937328338623,0.48213106393814087,-0.05158834904432297,0.38472121953964233,0.44019362330436707,-0.06615004688501358,0.410440593957901,0.3995993435382843,-0.07736078649759293,0.2605263590812683,0.5359673500061035,-0.03181106597185135,0.3058592975139618,0.4932561218738556,-0.07600358873605728,0.2827528119087219,0.5712267756462097,-0.08445852249860764,0.25932422280311584,0.6020771861076355,-0.08029596507549286,0.21572372317314148,0.5269489288330078,-0.040895551443099976,0.25225070118904114,0.49022141098976135,-0.08567333221435547,0.24000374972820282,0.5632015466690063,-0.07610015571117401,0.22279229760169983,0.5868068933486938,-0.058476708829402924,0.16421720385551453,0.5242508053779602,-0.05177143216133118,0.1951228231191635,0.48269766569137573,-0.08167164772748947,0.20049706101417542,0.53883957862854,-0.07062084972858429,0.19230793416500092,0.5685461759567261,-0.05565937981009483,A
0.7062004804611206,0.7015769481658936,-1.9214601820749522e-07,0.6399221420288086,0.7037156224250793,-0.017002128064632416,0.5608648061752319,0.6724438667297363,-0.031897928565740585,0.498890221118927,0.6661014556884766,-0.050641752779483795,0.45064347982406616,0.681097686290741,-0.06954165548086166,0.5580130219459534,0.5409016013145447,-0.014110996387898922,0.49793022871017456,0.4766702651977539,-0.044119395315647125,0.4592243432998657,0.43769246339797974,-0.05942956730723381,0.42911481857299805,0.3986636996269226,-0.0709419995546341,0.5910694003105164,0.51177579164505,-0.02665584720671177,0.5405800342559814,0.49062925577163696,-0.07387654483318329,0.567272424697876,0.5656498670578003,-0.07858038693666458,0.5935443639755249,0.5849137902259827,-0.0693434625864029,0.6332991719245911,0.5025507211685181,-0.04353662580251694,0.5938827991485596,0.5222994089126587,-0.08550811558961868,0.617728054523468,0.5915991067886353,-0.07012974470853806,0.6395503282546997,0.5909242033958435,-0.04899260029196739,0.6773941516876221,0.5079188942909241,-0.06282216310501099,0.6411605477333069,0.5364837646484375,-0.08211833983659744,0.6485847234725952,0.589072585105896,-0.06760735809803009,0.6641692519187927,0.5867908596992493,-0.05246211215853691,0.1674739420413971,0.7218729257583618,1.9091778824531502e-07,0.22975772619247437,0.7186422348022461,-0.025840383023023605,0.30554166436195374,0.6830804347991943,-0.04371601715683937,0.36521023511886597,0.676369845867157,-0.0630871057510376,0.4121476411819458,0.691035270690918,-0.08341646939516068,0.2992728352546692,0.5592324733734131,-0.02506764605641365,0.35295677185058594,0.48440492153167725,-0.05189133062958717,0.3863982558250427,0.4424554705619812,-0.06746543198823929,0.41246479749679565,0.4024922847747803,-0.07938310503959656,0.26178649067878723,0.5375648736953735,-0.03111897222697735,0.30481284856796265,0.4981567859649658,-0.07713252305984497,0.28162673115730286,0.5773659348487854,-0.0863182544708252,0.2590840458869934,0.6091282367706299,-0.08234638720750809,0.216605544090271,0.5287363529205322,-0.04049951210618019,0.25167739391326904,0.4940777122974396,-0.08655349165201187,0.2387578934431076,0.5681421756744385,-0.0766468197107315,0.2216329425573349,0.5918396711349487,-0.05844838172197342,0.16478699445724487,0.5265677571296692,-0.05174591392278671,0.19495779275894165,0.48847198486328125,-0.08226097375154495,0.19918526709079742,0.544109046459198,-0.07115954160690308,0.19054891169071198,0.5708004236221313,-0.055976249277591705,A
0.7089177966117859,0.702477753162384,-1.9342822099588375e-07,0.6394882202148438,0.7054921984672546,-0.016902051866054535,0.5616592168807983,0.6735810041427612,-0.03249843418598175,0.4994862675666809,0.6678084135055542,-0.05224335566163063,0.45029377937316895,0.6816645860671997,-0.07201939076185226,0.558699905872345,0.5413838028907776,-0.01247287355363369,0.4987650513648987,0.4784565269947052,-0.04288453236222267,0.4596421420574188,0.4396301209926605,-0.058975957334041595,0.4287910461425781,0.40068939328193665,-0.07121822237968445,0.5915824174880981,0.5111194252967834,-0.025224333629012108,0.5417452454566956,0.4940902590751648,-0.0725243017077446,0.5693346261978149,0.5682752728462219,-0.07761263847351074,0.595827579498291,0.5855310559272766,-0.06901279836893082,0.6337997913360596,0.5014804601669312,-0.04246213659644127,0.5946836471557617,0.524518609046936,-0.08333596587181091,0.6187452077865601,0.5938209295272827,-0.0670911893248558,0.6404355764389038,0.5918170213699341,-0.0460151843726635,0.6777762770652771,0.5074819922447205,-0.0623469352722168,0.642388105392456,0.5388772487640381,-0.08063645660877228,0.650026261806488,0.5914764404296875,-0.06570843607187271,0.6657604575157166,0.5877022743225098,-0.05064762756228447,0.16754662990570068,0.722964346408844,1.984367514751284e-07,0.22947958111763,0.7198038697242737,-0.02660009078681469,0.30535608530044556,0.6856949329376221,-0.04470723494887352,0.3652752935886383,0.6793655753135681,-0.06408657133579254,0.41158249974250793,0.6934158802032471,-0.08445394039154053,0.2975498139858246,0.5625975131988525,-0.026904668658971786,0.352205753326416,0.488034725189209,-0.05381662771105766,0.3856785297393799,0.4460656940937042,-0.06955663114786148,0.4120709300041199,0.40538039803504944,-0.08159390091896057,0.260254830121994,0.5408387184143066,-0.03233255818486214,0.3037071228027344,0.5011928081512451,-0.07820092886686325,0.28001919388771057,0.5784575343132019,-0.0875200629234314,0.2567237913608551,0.6102139353752136,-0.08377675712108612,0.2155560702085495,0.5316640138626099,-0.041013382375240326,0.2511252462863922,0.4960518777370453,-0.08648402988910675,0.23819555342197418,0.5690833330154419,-0.07678505033254623,0.2208329290151596,0.5937008857727051,-0.05889368802309036,0.1647035926580429,0.5292211771011353,-0.05168144032359123,0.19523265957832336,0.49033862352371216,-0.08206894248723984,0.20011870563030243,0.5449041128158569,-0.07147002965211868,0.19203847646713257,0.572724461555481,-0.05665335804224014,A
0.7083941102027893,0.7033350467681885,-1.9571481857383333e-07,0.6394757032394409,0.7057449221611023,-0.016391633078455925,0.5615127086639404,0.6746721267700195,-0.03151839226484299,0.5008764863014221,0.6687842011451721,-0.05062759295105934,0.4531135559082031,0.6827622652053833,-0.06981175392866135,0.5599578619003296,0.5417234897613525,-0.014082202687859535,0.49943286180496216,0.47825825214385986,-0.044446125626564026,0.45977357029914856,0.44012337923049927,-0.06051997095346451,0.4285295009613037,0.4016331434249878,-0.07277226448059082,0.5928992033004761,0.5127121210098267,-0.027241937816143036,0.5423838496208191,0.4934271574020386,-0.07448047399520874,0.5682626366615295,0.5675531029701233,-0.07957594841718674,0.5944213271141052,0.5860933065414429,-0.07099420577287674,0.6353397369384766,0.5040823221206665,-0.04470792040228844,0.5967138409614563,0.5247906446456909,-0.08550462871789932,0.6200895309448242,0.5932725667953491,-0.06955508887767792,0.6417289972305298,0.5910651683807373,-0.04876869544386864,0.6797494292259216,0.510414719581604,-0.06475137174129486,0.6449059844017029,0.5392020344734192,-0.08302399516105652,0.6521570682525635,0.5914962887763977,-0.06813561171293259,0.6676924228668213,0.587525486946106,-0.05322890728712082,0.16845853626728058,0.7248014807701111,1.8933261003439839e-07,0.2308880090713501,0.7221252918243408,-0.025205865502357483,0.3068615198135376,0.6871604323387146,-0.04255646839737892,0.3666555881500244,0.6798861026763916,-0.06147298589348793,0.4124574363231659,0.6937676072120667,-0.08139508217573166,0.2993433475494385,0.5627595782279968,-0.024730168282985687,0.3532356321811676,0.487832248210907,-0.05124088004231453,0.3866351842880249,0.4458681344985962,-0.06672588735818863,0.41322824358940125,0.40586918592453003,-0.07848266512155533,0.2619224786758423,0.5411821007728577,-0.030761994421482086,0.3053709864616394,0.5025646090507507,-0.07629640400409698,0.2812216877937317,0.5796752572059631,-0.08523058146238327,0.2578198313713074,0.6119239330291748,-0.08107145875692368,0.21719469130039215,0.5326065421104431,-0.04005550220608711,0.2522522807121277,0.49940115213394165,-0.08498664200305939,0.2388623058795929,0.5711967349052429,-0.07510809600353241,0.221607506275177,0.5953546762466431,-0.05704819783568382,0.16641803085803986,0.5311256647109985,-0.05124978348612785,0.19695419073104858,0.4940163493156433,-0.08064749836921692,0.20152097940444946,0.5480371713638306,-0.0695418193936348,0.1934046745300293,0.5749488472938538,-0.054421767592430115,A
0.7088896036148071,0.7038047313690186,-1.9374455462184415e-07,0.6412263512611389,0.7071012854576111,-0.01671442948281765,0.5627185106277466,0.6749656200408936,-0.03150319308042526,0.5013774633407593,0.6685587763786316,-0.050368987023830414,0.4538137912750244,0.6843286156654358,-0.06919077038764954,0.5592330098152161,0.543695867061615,-0.01305796392261982,0.4998094439506531,0.47978219389915466,-0.04378907009959221,0.46117648482322693,0.44151508808135986,-0.059449970722198486,0.4311180114746094,0.4018104076385498,-0.07122354209423065,0.5922917723655701,0.5136350989341736,-0.025784673169255257,0.5437110662460327,0.4953851103782654,-0.07330688834190369,0.5718289613723755,0.5694586038589478,-0.07781804352998734,0.5986425876617432,0.5842186212539673,-0.06866444647312164,0.6345750093460083,0.5038850903511047,-0.043055459856987,0.5970123410224915,0.5264736413955688,-0.08465611934661865,0.6208190321922302,0.5957379937171936,-0.06864465773105621,0.6420701742172241,0.5915490388870239,-0.04750403016805649,0.6787387132644653,0.5090493559837341,-0.0629090964794159,0.644664466381073,0.5395624041557312,-0.08156443387269974,0.6519131660461426,0.5926504135131836,-0.06690819561481476,0.6670539975166321,0.5885154604911804,-0.05199173465371132,0.16954198479652405,0.7260788083076477,1.8724210804066388e-07,0.2316083312034607,0.7221024036407471,-0.025013407692313194,0.30786624550819397,0.6872723698616028,-0.04226892441511154,0.36746230721473694,0.6800698637962341,-0.06104914844036102,0.41355717182159424,0.6939300894737244,-0.08100646734237671,0.3004586100578308,0.5623934268951416,-0.024715859442949295,0.35414111614227295,0.48808804154396057,-0.05068333074450493,0.3869231045246124,0.44611096382141113,-0.06563708931207657,0.41283226013183594,0.4057033061981201,-0.07699109613895416,0.2633330225944519,0.5411946773529053,-0.03090050257742405,0.30822357535362244,0.5010278224945068,-0.07564739882946014,0.2843764126300812,0.5773931741714478,-0.08467243611812592,0.261112242937088,0.608156681060791,-0.08060941100120544,0.21850499510765076,0.5330883860588074,-0.04017554968595505,0.2541627883911133,0.49954161047935486,-0.08547551184892654,0.24099892377853394,0.5718933939933777,-0.07640987634658813,0.2241889387369156,0.5955628156661987,-0.058699946850538254,0.1670498251914978,0.5314030647277832,-0.05115095525979996,0.1971256583929062,0.49156588315963745,-0.08091574162244797,0.20203782618045807,0.5462825894355774,-0.0698157399892807,0.1944831758737564,0.5746163129806519,-0.0545622855424881,A
0.7062859535217285,0.7031877636909485,-1.9965615649653046e-07,0.6393598318099976,0.7047660946846008,-0.018100222572684288,0.5612048506736755,0.6727936267852783,-0.03348793089389801,0.4996447265148163,0.6655251979827881,-0.05256608873605728,0.4530796706676483,0.6806144714355469,-0.07124602794647217,0.5578347444534302,0.5392939448356628,-0.01404911745339632,0.4972686171531677,0.47734585404396057,-0.04452735185623169,0.4587400555610657,0.44006627798080444,-0.05955319479107857,0.4296639561653137,0.40041548013687134,-0.07081760466098785,0.5914162993431091,0.5090339779853821,-0.025925887748599052,0.5423849821090698,0.4944098889827728,-0.07165218144655228,0.570298433303833,0.5696179866790771,-0.07458528131246567,0.5965253710746765,0.5822591185569763,-0.06475730240345001,0.6341498494148254,0.4996211528778076,-0.04259675741195679,0.5969955921173096,0.5241795778274536,-0.08256828784942627,0.6196373701095581,0.5929555892944336,-0.06552525609731674,0.6401289701461792,0.5879890322685242,-0.0442434661090374,0.6784806251525879,0.5057916641235352,-0.06217440590262413,0.6456977725028992,0.5378338098526001,-0.07997746765613556,0.6518188118934631,0.5904442667961121,-0.06521399319171906,0.6657544374465942,0.5864089131355286,-0.05042191594839096,0.1672109067440033,0.7253865003585815,2.044509699317132e-07,0.22898158431053162,0.7207036018371582,-0.025332044810056686,0.3053019046783447,0.6850534081459045,-0.04334913194179535,0.3663482367992401,0.6781949996948242,-0.06291933357715607,0.41340625286102295,0.6926807761192322,-0.08361129462718964,0.2976835370063782,0.5621244311332703,-0.026643699035048485,0.3527051508426666,0.48647457361221313,-0.053281962871551514,0.386032372713089,0.4447336196899414,-0.06898319721221924,0.41288095712661743,0.40478065609931946,-0.0808720737695694,0.26068398356437683,0.5415312051773071,-0.032786861062049866,0.3069360554218292,0.5017049908638,-0.07789044082164764,0.2838493287563324,0.5766422152519226,-0.08721403032541275,0.2607024312019348,0.6086407899856567,-0.08366230875253677,0.21573692560195923,0.5334485173225403,-0.04197253659367561,0.25261324644088745,0.4974013864994049,-0.08615913987159729,0.2411533147096634,0.5680876970291138,-0.07690645754337311,0.22470709681510925,0.5945484042167664,-0.05967419594526291,0.16416266560554504,0.5317118167877197,-0.05305202677845955,0.19466188549995422,0.49131134152412415,-0.08219113200902939,0.20115196704864502,0.5451837778091431,-0.0714840218424797,0.19434329867362976,0.5756973028182983,-0.05681142583489418,A
0.7086597084999084,0.7046613693237305,-1.9363810110917257e-07,0.6410102844238281,0.7064887881278992,-0.016915319487452507,0.5619292259216309,0.6751093864440918,-0.03185524046421051,0.5004317760467529,0.6688157916069031,-0.05070719122886658,0.4527530074119568,0.6838114261627197,-0.06966818124055862,0.5595186352729797,0.5426462888717651,-0.014321751892566681,0.4989108741283417,0.4789135456085205,-0.0449819341301918,0.4602147936820984,0.4396724998950958,-0.06104231998324394,0.4301772713661194,0.39959365129470825,-0.0732201337814331,0.5925372242927551,0.5128453969955444,-0.0272358488291502,0.542261004447937,0.49251025915145874,-0.07506533712148666,0.5697111487388611,0.5664333701133728,-0.08044947683811188,0.5968179106712341,0.5843638777732849,-0.07186350971460342,0.6350942850112915,0.5035128593444824,-0.04450157657265663,0.5961257219314575,0.5238320231437683,-0.08645842224359512,0.6198686361312866,0.5928004384040833,-0.07107716053724289,0.6415577530860901,0.5907003879547119,-0.050293393433094025,0.6795679330825806,0.5092987418174744,-0.06427624821662903,0.6442912817001343,0.5380555391311646,-0.08343663066625595,0.651696503162384,0.5906095504760742,-0.06889461725950241,0.6671119928359985,0.58708256483078,-0.05399864912033081,0.169038325548172,0.7229101657867432,1.9407082163525047e-07,0.23068273067474365,0.719951868057251,-0.02598694898188114,0.3067481517791748,0.6852844953536987,-0.04416988044977188,0.3662434220314026,0.6786615252494812,-0.06371459364891052,0.4124053120613098,0.6928726434707642,-0.08435849100351334,0.2995070219039917,0.5622533559799194,-0.027488382533192635,0.3544125258922577,0.4863247871398926,-0.05434222146868706,0.3874092102050781,0.44451865553855896,-0.06982079148292542,0.41391968727111816,0.4038928151130676,-0.08169104903936386,0.26191243529319763,0.5407946109771729,-0.03360066935420036,0.3071579039096832,0.49944883584976196,-0.07951793074607849,0.2829083502292633,0.5767480731010437,-0.08850624412298203,0.25958436727523804,0.6083884835243225,-0.08452446013689041,0.2167207896709442,0.5319521427154541,-0.042827408760786057,0.25325489044189453,0.4954681992530823,-0.0883314311504364,0.24045687913894653,0.568450391292572,-0.07838381826877594,0.2232351303100586,0.5932489037513733,-0.06040748953819275,0.16513246297836304,0.5298266410827637,-0.05396280810236931,0.19611874222755432,0.4892885684967041,-0.08429557085037231,0.2012692242860794,0.5451264381408691,-0.07317610830068588,0.1931699812412262,0.5748266577720642,-0.058077942579984665,A
0.7104058861732483,0.7080216407775879,-2.1764478219665762e-07,0.6421957015991211,0.7099303603172302,-0.016863927245140076,0.5626448392868042,0.6778143644332886,-0.03178714960813522,0.5011252760887146,0.6696826219558716,-0.050670865923166275,0.45283010601997375,0.6844338178634644,-0.06962911784648895,0.5612141489982605,0.5438527464866638,-0.013719174079596996,0.5001332759857178,0.4810248017311096,-0.04381316155195236,0.4616089463233948,0.44272446632385254,-0.059292878955602646,0.431708425283432,0.40326640009880066,-0.07108696550130844,0.5943780541419983,0.5137668251991272,-0.026639124378561974,0.5444508194923401,0.4963914453983307,-0.07448258250951767,0.5709542036056519,0.5713728666305542,-0.07971342653036118,0.5968996286392212,0.5910140872001648,-0.07100392878055573,0.6366899609565735,0.504427433013916,-0.0439794547855854,0.5980085134506226,0.5274986624717712,-0.08601538091897964,0.6222105622291565,0.5963346362113953,-0.07102200388908386,0.6438124775886536,0.5956593751907349,-0.05047014355659485,0.6806200742721558,0.5098867416381836,-0.06384985893964767,0.6452902555465698,0.5417481660842896,-0.08346595615148544,0.6530075073242188,0.5945907235145569,-0.06978252530097961,0.668028712272644,0.5918951034545898,-0.055412836372852325,0.1703765094280243,0.7262057065963745,1.943741096965823e-07,0.23173567652702332,0.7218174934387207,-0.025103619322180748,0.30758050084114075,0.6874793767929077,-0.04275380074977875,0.3667756915092468,0.6812126040458679,-0.06203693896532059,0.41258275508880615,0.6955406069755554,-0.08244530856609344,0.2997836768627167,0.5632218718528748,-0.02520088106393814,0.3546043038368225,0.4871949851512909,-0.05137791857123375,0.38850390911102295,0.44580549001693726,-0.06661459803581238,0.4153408408164978,0.40578603744506836,-0.07815730571746826,0.26247525215148926,0.5422793626785278,-0.031245792284607887,0.30687323212623596,0.5032771229743958,-0.0762074738740921,0.2836686074733734,0.580451250076294,-0.08529332280158997,0.2600867748260498,0.6118648648262024,-0.08147893100976944,0.2175859808921814,0.5339911580085754,-0.04039124771952629,0.25371015071868896,0.4993482530117035,-0.08527825027704239,0.24116656184196472,0.5721291899681091,-0.07589809596538544,0.2235957235097885,0.5968347787857056,-0.058221485465765,0.1661074161529541,0.532188892364502,-0.051321130245923996,0.19667454063892365,0.49154549837112427,-0.08080393821001053,0.20220860838890076,0.546405553817749,-0.06972172111272812,0.19393298029899597,0.5756186246871948,-0.05461856722831726,A
0.7041112780570984,0.7052767276763916,-1.824077173750993e-07,0.6374470591545105,0.7081904411315918,-0.017369544133543968,0.558695375919342,0.6769596338272095,-0.03225741907954216,0.496802419424057,0.669387936592102,-0.05082939565181732,0.4487144351005554,0.6840032935142517,-0.06928160786628723,0.5557347536087036,0.5449650883674622,-0.013104655779898167,0.49464884400367737,0.48213380575180054,-0.04179711267352104,0.4563387632369995,0.4435039758682251,-0.05562279745936394,0.4272461533546448,0.4043406844139099,-0.06621365249156952,0.5883852243423462,0.515308678150177,-0.025375578552484512,0.5369250178337097,0.49603381752967834,-0.0710713192820549,0.5637478232383728,0.5693402290344238,-0.07496799528598785,0.5895481705665588,0.586380660533905,-0.06538861989974976,0.630552351474762,0.5057010650634766,-0.04208074137568474,0.591693639755249,0.5283680558204651,-0.082900770008564,0.6164976358413696,0.5955696105957031,-0.06766244024038315,0.6374755501747131,0.5927503108978271,-0.04708603397011757,0.67463219165802,0.5102035403251648,-0.06128690764307976,0.6400062441825867,0.5426065325737,-0.08030197769403458,0.6494787931442261,0.5932713150978088,-0.0664026215672493,0.664868950843811,0.5880299210548401,-0.05193183943629265,0.1674271821975708,0.7285580039024353,1.976252548274715e-07,0.2281971573829651,0.724966287612915,-0.02698792889714241,0.3044889569282532,0.6908473968505859,-0.04536845535039902,0.3639519214630127,0.6847668290138245,-0.06494315713644028,0.40973326563835144,0.6979269981384277,-0.08553452789783478,0.2954165041446686,0.5663995146751404,-0.02742403745651245,0.3494246006011963,0.49112680554389954,-0.05442626774311066,0.38284942507743835,0.44936299324035645,-0.07045210152864456,0.40900981426239014,0.4089568555355072,-0.08262775093317032,0.2575128376483917,0.5447872281074524,-0.032571010291576385,0.3003443479537964,0.5064217448234558,-0.07814706861972809,0.27834758162498474,0.5839263796806335,-0.08785396069288254,0.2559467852115631,0.6148598194122314,-0.08475098013877869,0.2121937870979309,0.5362678170204163,-0.04095291718840599,0.24753126502037048,0.4996136426925659,-0.08600334823131561,0.2359306961297989,0.5722566246986389,-0.07671058177947998,0.21907660365104675,0.5962114930152893,-0.05951743572950363,0.1607530415058136,0.5347595810890198,-0.051337745040655136,0.19023963809013367,0.49410510063171387,-0.08130088448524475,0.1960069090127945,0.5482602119445801,-0.07079774886369705,0.18815450370311737,0.5763031840324402,-0.05633145198225975,A
0.701198935508728,0.7062461972236633,-1.99990296323449e-07,0.6342118382453918,0.7063215970993042,-0.01592850126326084,0.5554136633872986,0.6742721199989319,-0.03081185184419155,0.4938122630119324,0.6683452129364014,-0.0499696247279644,0.44743311405181885,0.6858978867530823,-0.06927230209112167,0.5521025061607361,0.5410953760147095,-0.011529824696481228,0.4927893280982971,0.47933581471443176,-0.04083181172609329,0.4529007077217102,0.44228678941726685,-0.05484156310558319,0.42223551869392395,0.4050736427307129,-0.06542903184890747,0.5855275988578796,0.5120186805725098,-0.024649381637573242,0.5351656079292297,0.49600234627723694,-0.06885428726673126,0.5633834004402161,0.5727629661560059,-0.07064249366521835,0.5890401005744934,0.5863399505615234,-0.060126449912786484,0.6285568475723267,0.5028594136238098,-0.04238419979810715,0.5879464149475098,0.5232312679290771,-0.08224420994520187,0.6118135452270508,0.593189537525177,-0.06461343169212341,0.6330311298370361,0.5893635153770447,-0.04281746223568916,0.6735414862632751,0.5091139674186707,-0.06262584030628204,0.6376325488090515,0.5397533774375916,-0.08093683421611786,0.6456695795059204,0.5923755168914795,-0.06541872024536133,0.6618795394897461,0.5879108905792236,-0.04991431161761284,0.1645677536725998,0.7275549173355103,1.924026094002329e-07,0.22529909014701843,0.723712682723999,-0.025913055986166,0.30131664872169495,0.6888741850852966,-0.043367210775613785,0.3613676130771637,0.6829620003700256,-0.06216275319457054,0.4074285626411438,0.6974169611930847,-0.08204393088817596,0.2942653298377991,0.563752293586731,-0.02561650425195694,0.348097562789917,0.4897823929786682,-0.05177786201238632,0.3805474638938904,0.44818180799484253,-0.06715906411409378,0.4067904055118561,0.4086707830429077,-0.07881657034158707,0.2569679617881775,0.5425599217414856,-0.03100818209350109,0.29892778396606445,0.5041218996047974,-0.07586466521024704,0.27649328112602234,0.579956591129303,-0.08522903174161911,0.25498339533805847,0.6136789917945862,-0.08175117522478104,0.2116115689277649,0.5344531536102295,-0.03961848095059395,0.2454727292060852,0.5005236864089966,-0.08407387882471085,0.23355484008789062,0.5715669393539429,-0.07551916688680649,0.21802863478660583,0.5980466604232788,-0.058673154562711716,0.1597786843776703,0.5335382223129272,-0.050131905823946,0.1881931722164154,0.4937014579772949,-0.07962285727262497,0.19429853558540344,0.5480858087539673,-0.06966793537139893,0.1883624792098999,0.5787526965141296,-0.05546443164348602,A
0.13498134911060333,0.7469925880432129,2.730558890107204e-07,0.20662766695022583,0.743206799030304,-0.03241158276796341,0.296577125787735,0.7098177075386047,-0.05610198527574539,0.3668002784252167,0.7108584642410278,-0.08145194500684738,0.42051589488983154,0.7330466508865356,-0.10836368799209595,0.2816714644432068,0.5420355200767517,-0.032024674117565155,0.33740806579589844,0.4478870928287506,-0.06765899062156677,0.3746236264705658,0.39058583974838257,-0.09099279344081879,0.4051670432090759,0.3419015407562256,-0.1075911819934845,0.23741883039474487,0.5213406682014465,-0.037075888365507126,0.28521203994750977,0.4975890815258026,-0.09194712340831757,0.2620169520378113,0.5857710838317871,-0.10397384315729141,0.23820070922374725,0.6278409957885742,-0.1014193445444107,0.18443500995635986,0.5164765119552612,-0.04669564962387085,0.229615718126297,0.505348801612854,-0.10154511034488678,0.21229124069213867,0.5855645537376404,-0.09144981950521469,0.19177734851837158,0.6169769763946533,-0.0718887522816658,0.12429636716842651,0.5213662385940552,-0.0588519349694252,0.16793373227119446,0.5098832249641418,-0.09492135792970657,0.16759300231933594,0.5743669271469116,-0.08368974924087524,0.1547434777021408,0.6013331413269043,-0.06741933524608612,0.7422740459442139,0.7022805213928223,-1.8996148298811022e-07,0.6606339812278748,0.7070353031158447,-0.013604672625660896,0.5730348229408264,0.6851573586463928,-0.029598861932754517,0.5137878656387329,0.7031857967376709,-0.050313107669353485,0.4718831777572632,0.7482050061225891,-0.07249235361814499,0.5651506781578064,0.5084952712059021,-0.020427539944648743,0.5003365278244019,0.43131718039512634,-0.05200287699699402,0.45953065156936646,0.37630701065063477,-0.07408913224935532,0.4248378872871399,0.32976680994033813,-0.09316978603601456,0.6069374084472656,0.4686323404312134,-0.03636923432350159,0.5520126819610596,0.5187461376190186,-0.08026622235774994,0.5840954184532166,0.584301233291626,-0.08720200508832932,0.6143937706947327,0.5916635394096375,-0.08551554381847382,0.656672477722168,0.4658113121986389,-0.056007303297519684,0.6104140877723694,0.5406067371368408,-0.0885264202952385,0.6347262263298035,0.5941842794418335,-0.07174304127693176,0.6552243232727051,0.5867056250572205,-0.0565623976290226,0.7048413157463074,0.48759981989860535,-0.0792383924126625,0.6670874953269958,0.5582746863365173,-0.09520120173692703,0.6775991320610046,0.5994721055030823,-0.08137661963701248,0.6920020580291748,0.5886790156364441,-0.06905274093151093,A
0.14743013679981232,0.7418003678321838,2.672036600870342e-07,0.22075039148330688,0.7407990097999573,-0.03326934948563576,0.308546245098114,0.7097683548927307,-0.0590786412358284,0.37837791442871094,0.7114822864532471,-0.08675183355808258,0.4326053857803345,0.7362743020057678,-0.1153097078204155,0.3000141978263855,0.5441031455993652,-0.03485092148184776,0.35874027013778687,0.4505549669265747,-0.07252444326877594,0.3950424790382385,0.39256179332733154,-0.0946313887834549,0.4234495460987091,0.34053924679756165,-0.11036916077136993,0.25518599152565,0.5199487209320068,-0.04151260480284691,0.30872201919555664,0.4986193776130676,-0.1011342704296112,0.2798602283000946,0.5943137407302856,-0.1115303784608841,0.25273311138153076,0.6320371031761169,-0.10547614097595215,0.2025565803050995,0.5123772621154785,-0.05273707956075668,0.2521302103996277,0.5091459155082703,-0.11227093636989594,0.2292783111333847,0.593850314617157,-0.09954453259706497,0.20578104257583618,0.6156787276268005,-0.07627114653587341,0.14300401508808136,0.5154036283493042,-0.06646177172660828,0.18918853998184204,0.5133413672447205,-0.10428901761770248,0.1856984794139862,0.5782486200332642,-0.09057919681072235,0.16989126801490784,0.5966145396232605,-0.0715901255607605,0.7546284198760986,0.7020599842071533,-1.8630476006364916e-07,0.6750836968421936,0.7075968980789185,-0.0162751954048872,0.5864011645317078,0.6865339875221252,-0.03260011598467827,0.5234054327011108,0.7040978074073792,-0.05271987244486809,0.4813731014728546,0.7473642826080322,-0.0737137719988823,0.5789020657539368,0.5140551924705505,-0.023595277220010757,0.513280987739563,0.4325900673866272,-0.055768270045518875,0.4725157916545868,0.37743401527404785,-0.07645229250192642,0.4396749436855316,0.3296636939048767,-0.09405893832445145,0.6207993626594543,0.4732055068016052,-0.03732577711343765,0.5676062703132629,0.5186708569526672,-0.08265067636966705,0.598034679889679,0.5849899053573608,-0.08865547925233841,0.6277683973312378,0.5925388336181641,-0.08556142449378967,0.6700527667999268,0.46884116530418396,-0.05498721823096275,0.6262340545654297,0.5476194024085999,-0.0897025391459465,0.6483309268951416,0.6007533669471741,-0.07426176220178604,0.6677039861679077,0.5926576256752014,-0.059066884219646454,0.7173025608062744,0.48805615305900574,-0.076297327876091,0.6815375089645386,0.5637406706809998,-0.09467030316591263,0.6886150240898132,0.6067884564399719,-0.08330117911100388,0.6995662450790405,0.5987111330032349,-0.07210951298475266,A
0.1470239758491516,0.7410157918930054,2.57318674812268e-07,0.22039252519607544,0.7400567531585693,-0.03311048820614815,0.30882248282432556,0.7092667818069458,-0.0580717958509922,0.3784325122833252,0.7113237977027893,-0.08468858152627945,0.431759774684906,0.7361024618148804,-0.11230413615703583,0.2996577322483063,0.5465570092201233,-0.034545108675956726,0.3573732376098633,0.4528682231903076,-0.07184761017560959,0.3932706415653229,0.3945179581642151,-0.09436577558517456,0.4214840531349182,0.3419669270515442,-0.11055947095155716,0.25523850321769714,0.5228515863418579,-0.041005898267030716,0.30901429057121277,0.4991705119609833,-0.10072308033704758,0.28044408559799194,0.5944613218307495,-0.11175532639026642,0.25281164050102234,0.6346250772476196,-0.10613489896059036,0.20267662405967712,0.5151562094688416,-0.051930733025074005,0.2519491910934448,0.5066092610359192,-0.11141252517700195,0.22978787124156952,0.5914925336837769,-0.09905742108821869,0.20632115006446838,0.6164265275001526,-0.07601768523454666,0.14310410618782043,0.5175812840461731,-0.06532595306634903,0.18952587246894836,0.512116014957428,-0.10392279922962189,0.18632732331752777,0.5783584117889404,-0.09069844335317612,0.17046380043029785,0.6001607179641724,-0.07198549807071686,0.7541381120681763,0.7020487785339355,-1.8376864829861006e-07,0.672676682472229,0.7070745825767517,-0.016757171601057053,0.5847696661949158,0.6851191520690918,-0.03390166908502579,0.5206301212310791,0.7027899026870728,-0.054910268634557724,0.4783761501312256,0.7474718689918518,-0.07675205916166306,0.5785398483276367,0.5113053917884827,-0.023188535124063492,0.5132785439491272,0.43110764026641846,-0.055427275598049164,0.472214937210083,0.37608832120895386,-0.07620452344417572,0.4392065405845642,0.32814133167266846,-0.09405732154846191,0.6208009719848633,0.47000235319137573,-0.037010353058576584,0.5667929649353027,0.5181139707565308,-0.08216947317123413,0.5978776216506958,0.5852925181388855,-0.0878935232758522,0.6279580593109131,0.5912287831306458,-0.08478783816099167,0.6703523397445679,0.46593159437179565,-0.05492837354540825,0.6254516839981079,0.5467479825019836,-0.0893864706158638,0.6474213004112244,0.6004759073257446,-0.07331052422523499,0.6668796539306641,0.5917139053344727,-0.0578797310590744,0.7172514796257019,0.4862750470638275,-0.07665158808231354,0.6804264783859253,0.5639275312423706,-0.09465062618255615,0.6873567700386047,0.6067594885826111,-0.0830182209610939,0.6986242532730103,0.5977071523666382,-0.07183229923248291,A
0.14584419131278992,0.7449854612350464,2.721751855006005e-07,0.21718044579029083,0.7428891658782959,-0.03263946995139122,0.3034399151802063,0.711397111415863,-0.0578656867146492,0.3713751435279846,0.7127910852432251,-0.0849333330988884,0.4250212013721466,0.7361025810241699,-0.11302556097507477,0.29309162497520447,0.5446712970733643,-0.03296361491084099,0.3486332893371582,0.4517253637313843,-0.06980760395526886,0.38524627685546875,0.3947451710700989,-0.09209973365068436,0.41463756561279297,0.3447977304458618,-0.1078503206372261,0.24822552502155304,0.5226923227310181,-0.03949962183833122,0.2999963164329529,0.4992751181125641,-0.09706392139196396,0.2740708887577057,0.5934897065162659,-0.1078931987285614,0.2487637996673584,0.6323754191398621,-0.10281618684530258,0.19573678076267242,0.5171080827713013,-0.0505995973944664,0.24298840761184692,0.510155200958252,-0.10819070041179657,0.22330081462860107,0.592723548412323,-0.09627850353717804,0.2018517553806305,0.6158807277679443,-0.07419691979885101,0.1363685429096222,0.5218515992164612,-0.06415948271751404,0.18083825707435608,0.5139833688735962,-0.10053817182779312,0.17971491813659668,0.5784433484077454,-0.08685729652643204,0.1659194827079773,0.5994448661804199,-0.06835420429706573,0.7446519136428833,0.7038018703460693,-1.934237872092126e-07,0.6665648221969604,0.7091051936149597,-0.014722516760230064,0.5776052474975586,0.6867132186889648,-0.029173674061894417,0.5161907076835632,0.7022375464439392,-0.04780786857008934,0.47580793499946594,0.746422290802002,-0.06754212826490402,0.5695648193359375,0.5153422355651855,-0.019672555848956108,0.5044277310371399,0.4356701374053955,-0.05004946142435074,0.464905321598053,0.3797001242637634,-0.07023563235998154,0.43246033787727356,0.33140984177589417,-0.08762694895267487,0.6101136207580566,0.4734896123409271,-0.03422005847096443,0.5595333576202393,0.5179381370544434,-0.07879122346639633,0.5895290970802307,0.5828776955604553,-0.08598637580871582,0.6183614134788513,0.5944050550460815,-0.08355013281106949,0.6588678956031799,0.4679975211620331,-0.052514489740133286,0.618095338344574,0.5443594455718994,-0.08659373968839645,0.6412733793258667,0.596325159072876,-0.07235798239707947,0.6603935956954956,0.590831995010376,-0.05782345309853554,0.7062351703643799,0.4860975444316864,-0.07433199137449265,0.6729732751846313,0.5588629841804504,-0.0913965180516243,0.6822307705879211,0.6014202833175659,-0.0797424167394638,0.6938954591751099,0.5945190191268921,-0.06845216453075409,A
0.14053574204444885,0.744560956954956,2.5794324187700113e-07,0.2122090756893158,0.7416476011276245,-0.03208061307668686,0.2990874648094177,0.7101733088493347,-0.056535303592681885,0.36614060401916504,0.7105786800384521,-0.08294820785522461,0.41862034797668457,0.7336018681526184,-0.11058025807142258,0.2870287001132965,0.5459933280944824,-0.03352121263742447,0.34274399280548096,0.44961094856262207,-0.07007797807455063,0.37894031405448914,0.3919142186641693,-0.0924607440829277,0.4087885022163391,0.34216371178627014,-0.1080896258354187,0.242472842335701,0.5259920358657837,-0.04007744789123535,0.29409876465797424,0.5013427734375,-0.09888803958892822,0.26924899220466614,0.5942256450653076,-0.11092645674943924,0.24410900473594666,0.6388312578201294,-0.10629940032958984,0.19058455526828766,0.5215616226196289,-0.05088917165994644,0.2380627691745758,0.5074753761291504,-0.10825305432081223,0.21909883618354797,0.5901278853416443,-0.09676124155521393,0.19756890833377838,0.6198986172676086,-0.07470116019248962,0.13151925802230835,0.5266528129577637,-0.06416697055101395,0.17598342895507812,0.5135529041290283,-0.10004548728466034,0.1753009408712387,0.5772823095321655,-0.08651434630155563,0.16169100999832153,0.6026087403297424,-0.06793911010026932,0.7413895726203918,0.6987961530685425,-1.8799626388954493e-07,0.6609390377998352,0.7025519013404846,-0.012827975675463676,0.5719959139823914,0.6821757555007935,-0.028115306049585342,0.5116800665855408,0.6997779011726379,-0.048205625265836716,0.4704463481903076,0.746317982673645,-0.06990251690149307,0.5644106864929199,0.510741114616394,-0.020508158951997757,0.4978718161582947,0.43420693278312683,-0.05102283135056496,0.45829132199287415,0.37943235039711,-0.07204604893922806,0.4267352819442749,0.33199864625930786,-0.08983469009399414,0.6056501865386963,0.4721781313419342,-0.03610199689865112,0.5527833700180054,0.5157164335250854,-0.08088437467813492,0.5829843878746033,0.579044759273529,-0.08892450481653214,0.6140778660774231,0.592742919921875,-0.08735277503728867,0.6550137400627136,0.46817153692245483,-0.0550675131380558,0.6094737648963928,0.5367079973220825,-0.0890592485666275,0.6322418451309204,0.5879932641983032,-0.0749768391251564,0.6542519330978394,0.5877258777618408,-0.06053504720330238,0.7034924030303955,0.4868319034576416,-0.07730643451213837,0.6663476228713989,0.5501861572265625,-0.09412189573049545,0.6724900603294373,0.5915635824203491,-0.08205753564834595,0.684790313243866,0.5900102257728577,-0.07041986286640167,A
0.3201020658016205,0.922869861125946,9.887622809401364e-07,0.39015236496925354,0.8636249899864197,-0.05295266956090927,0.41851916909217834,0.7710375189781189,-0.07971511781215668,0.39224544167518616,0.6945111155509949,-0.10687394440174103,0.3489643335342407,0.6260406970977783,-0.1298782229423523,0.40587708353996277,0.5547241568565369,-0.03431207686662674,0.44306838512420654,0.4227445423603058,-0.07599923759698868,0.46207481622695923,0.3365364670753479,-0.10427701473236084,0.4741635024547577,0.2600504159927368,-0.12163714319467545,0.33876678347587585,0.5473463535308838,-0.03931378945708275,0.3166205585002899,0.3850483000278473,-0.09080231934785843,0.30208292603492737,0.2813677489757538,-0.12336080521345139,0.2914731800556183,0.1885913610458374,-0.13839392364025116,0.2787579596042633,0.5879104137420654,-0.05046302080154419,0.2687772214412689,0.5113185048103333,-0.12546443939208984,0.29451143741607666,0.6144052743911743,-0.1363239735364914,0.31194567680358887,0.691443920135498,-0.12070730328559875,0.22929981350898743,0.6569485664367676,-0.06531571596860886,0.22872373461723328,0.6133886575698853,-0.12685561180114746,0.25811153650283813,0.6809497475624084,-0.12753194570541382,0.28080809116363525,0.7378607988357544,-0.11115022003650665,0.0,0.0,0.0,0.0,0.0,0.0,0.0,0.0,0.0,0.0,0.0,0.0,0.0,0.0,0.0,0.0,0.0,0.0,0.0,0.0,0.0,0.0,0.0,0.0,0.0,0.0,0.0,0.0,0.0,0.0,0.0,0.0,0.0,0.0,0.0,0.0,0.0,0.0,0.0,0.0,0.0,0.0,0.0,0.0,0.0,0.0,0.0,0.0,0.0,0.0,0.0,0.0,0.0,0.0,0.0,0.0,0.0,0.0,0.0,0.0,0.0,0.0,0.0,Y
0.31127268075942993,0.9206737279891968,9.574313253324362e-07,0.38207587599754333,0.8566581010818481,-0.04920654371380806,0.401721715927124,0.7509421110153198,-0.0713772252202034,0.3554139733314514,0.6676580905914307,-0.09359989315271378,0.30355700850486755,0.6023091673851013,-0.1118103489279747,0.40351682901382446,0.5566842555999756,-0.02886662818491459,0.4419722557067871,0.42231523990631104,-0.06672501564025879,0.46092450618743896,0.33401262760162354,-0.09189938008785248,0.4736749529838562,0.25711318850517273,-0.10758699476718903,0.33560633659362793,0.5455915927886963,-0.03383177891373634,0.31576287746429443,0.38286536931991577,-0.08132119476795197,0.3020286560058594,0.2783973813056946,-0.11167249828577042,0.29242056608200073,0.1874372661113739,-0.12519340217113495,0.276059091091156,0.5829592347145081,-0.044609908014535904,0.2665281295776367,0.5067659616470337,-0.116185761988163,0.2885238826274872,0.6067095398902893,-0.1278713047504425,0.30298542976379395,0.6799583435058594,-0.11367587745189667,0.22762104868888855,0.6484628319740295,-0.05866625905036926,0.22789043188095093,0.6096344590187073,-0.11989979445934296,0.2549809217453003,0.679607629776001,-0.12256021797657013,0.27584242820739746,0.7350215911865234,-0.10784269869327545,0.0,0.0,0.0,0.0,0.0,0.0,0.0,0.0,0.0,0.0,0.0,0.0,0.0,0.0,0.0,0.0,0.0,0.0,0.0,0.0,0.0,0.0,0.0,0.0,0.0,0.0,0.0,0.0,0.0,0.0,0.0,0.0,0.0,0.0,0.0,0.0,0.0,0.0,0.0,0.0,0.0,0.0,0.0,0.0,0.0,0.0,0.0,0.0,0.0,0.0,0.0,0.0,0.0,0.0,0.0,0.0,0.0,0.0,0.0,0.0,0.0,0.0,0.0,Y
0.3120543658733368,0.9217534065246582,9.574407613399671e-07,0.38193756341934204,0.8546655178070068,-0.04932606592774391,0.3983609080314636,0.7434746026992798,-0.07169714570045471,0.34625837206840515,0.6585766673088074,-0.09392943233251572,0.290622740983963,0.5939093828201294,-0.11215304583311081,0.40419843792915344,0.5580956935882568,-0.029648762196302414,0.44050759077072144,0.4215735197067261,-0.06821419298648834,0.45868992805480957,0.3315279483795166,-0.0935937911272049,0.47049275040626526,0.25331589579582214,-0.10919404774904251,0.33630794286727905,0.5479058623313904,-0.03475182503461838,0.3166702389717102,0.381788432598114,-0.08232526481151581,0.30380040407180786,0.276118665933609,-0.11202072352170944,0.29456627368927,0.18609288334846497,-0.12484605610370636,0.27659872174263,0.584559977054596,-0.045858949422836304,0.2670137882232666,0.5090908408164978,-0.11722806841135025,0.28949064016342163,0.6059938073158264,-0.1294330507516861,0.3034961223602295,0.6772819757461548,-0.11564958095550537,0.22744673490524292,0.647555410861969,-0.06026255339384079,0.22749868035316467,0.6086833477020264,-0.12006709724664688,0.25445979833602905,0.6776583194732666,-0.12246469408273697,0.2745676338672638,0.7320260405540466,-0.10803475230932236,0.0,0.0,0.0,0.0,0.0,0.0,0.0,0.0,0.0,0.0,0.0,0.0,0.0,0.0,0.0,0.0,0.0,0.0,0.0,0.0,0.0,0.0,0.0,0.0,0.0,0.0,0.0,0.0,0.0,0.0,0.0,0.0,0.0,0.0,0.0,0.0,0.0,0.0,0.0,0.0,0.0,0.0,0.0,0.0,0.0,0.0,0.0,0.0,0.0,0.0,0.0,0.0,0.0,0.0,0.0,0.0,0.0,0.0,0.0,0.0,0.0,0.0,0.0,Y
0.30898794531822205,0.916073203086853,9.756246299730265e-07,0.3795210123062134,0.8479912877082825,-0.04991757869720459,0.3964543640613556,0.7375987768173218,-0.07240855693817139,0.34332525730133057,0.6603471040725708,-0.09456723183393478,0.28349417448043823,0.604007363319397,-0.1130644828081131,0.39789140224456787,0.5538482666015625,-0.03055998496711254,0.4306161105632782,0.41402292251586914,-0.06877414882183075,0.44642072916030884,0.3207336366176605,-0.09404158592224121,0.4560946822166443,0.24095672369003296,-0.10947667062282562,0.33155179023742676,0.5461034774780273,-0.03605462983250618,0.312987744808197,0.3788902163505554,-0.08203353732824326,0.3003644645214081,0.2711372375488281,-0.11157975345849991,0.29102838039398193,0.18116217851638794,-0.12465778738260269,0.27311059832572937,0.5838465094566345,-0.04776453599333763,0.2647814154624939,0.5092017650604248,-0.11809943616390228,0.2861331105232239,0.6022244691848755,-0.13167572021484375,0.2988921105861664,0.6702589392662048,-0.11911889165639877,0.22468310594558716,0.6468381285667419,-0.06283646821975708,0.2231285274028778,0.6044995784759521,-0.12133121490478516,0.2500784993171692,0.6711550951004028,-0.12378009408712387,0.26978418231010437,0.7242525219917297,-0.10994353890419006,0.0,0.0,0.0,0.0,0.0,0.0,0.0,0.0,0.0,0.0,0.0,0.0,0.0,0.0,0.0,0.0,0.0,0.0,0.0,0.0,0.0,0.0,0.0,0.0,0.0,0.0,0.0,0.0,0.0,0.0,0.0,0.0,0.0,0.0,0.0,0.0,0.0,0.0,0.0,0.0,0.0,0.0,0.0,0.0,0.0,0.0,0.0,0.0,0.0,0.0,0.0,0.0,0.0,0.0,0.0,0.0,0.0,0.0,0.0,0.0,0.0,0.0,0.0,Y
0.3119068145751953,0.9165689945220947,9.952669870472164e-07,0.3818342089653015,0.8522090911865234,-0.054110463708639145,0.4005371630191803,0.7438305616378784,-0.07889404147863388,0.34761565923690796,0.6653328537940979,-0.10242844372987747,0.28854498267173767,0.6071768403053284,-0.1219434142112732,0.39572954177856445,0.5551567077636719,-0.03594379127025604,0.427086740732193,0.41356104612350464,-0.07491330802440643,0.4419180750846863,0.3204154670238495,-0.10061217844486237,0.45146656036376953,0.24104377627372742,-0.1164909228682518,0.32853835821151733,0.5486135482788086,-0.03980915993452072,0.30874893069267273,0.3821485638618469,-0.08676254004240036,0.29665514826774597,0.27511152625083923,-0.11681827157735825,0.28779417276382446,0.18596169352531433,-0.13046908378601074,0.2697029709815979,0.5867027640342712,-0.050066545605659485,0.2591734528541565,0.5093551874160767,-0.12164057791233063,0.2814346253871918,0.6046271920204163,-0.13493238389492035,0.2946535050868988,0.6753143668174744,-0.12219317257404327,0.22143888473510742,0.6506932973861694,-0.06403820961713791,0.2203424870967865,0.6081266403198242,-0.12451344728469849,0.24797633290290833,0.6753929257392883,-0.12777961790561676,0.2670331299304962,0.7296692132949829,-0.11432867497205734,0.0,0.0,0.0,0.0,0.0,0.0,0.0,0.0,0.0,0.0,0.0,0.0,0.0,0.0,0.0,0.0,0.0,0.0,0.0,0.0,0.0,0.0,0.0,0.0,0.0,0.0,0.0,0.0,0.0,0.0,0.0,0.0,0.0,0.0,0.0,0.0,0.0,0.0,0.0,0.0,0.0,0.0,0.0,0.0,0.0,0.0,0.0,0.0,0.0,0.0,0.0,0.0,0.0,0.0,0.0,0.0,0.0,0.0,0.0,0.0,0.0,0.0,0.0,Y
0.3087666928768158,0.9153627157211304,9.774797717909678e-07,0.3802362084388733,0.8505863547325134,-0.051690392196178436,0.4004867672920227,0.7387722730636597,-0.0752447098493576,0.34723013639450073,0.6642069816589355,-0.0979599729180336,0.2837807834148407,0.6156426668167114,-0.11708436906337738,0.3898194432258606,0.5565161108970642,-0.03538592904806137,0.414081335067749,0.41248372197151184,-0.07417777180671692,0.4254758358001709,0.3186267912387848,-0.09943999350070953,0.4323921799659729,0.23835405707359314,-0.11487875878810883,0.32326504588127136,0.5512939691543579,-0.040771838277578354,0.30235397815704346,0.38212350010871887,-0.08688483387231827,0.29051098227500916,0.27403631806373596,-0.11616192013025284,0.28201019763946533,0.1840362250804901,-0.12914851307868958,0.2658107876777649,0.5897465944290161,-0.052288517355918884,0.25756409764289856,0.5106462240219116,-0.12316077202558517,0.27971652150154114,0.6059137582778931,-0.1361108273267746,0.29223689436912537,0.6766154170036316,-0.12304186075925827,0.21910099685192108,0.6535997986793518,-0.06732730567455292,0.21910309791564941,0.6124960780143738,-0.12633293867111206,0.24664020538330078,0.6786950826644897,-0.12871713936328888,0.26489996910095215,0.7318727970123291,-0.11490780860185623,0.0,0.0,0.0,0.0,0.0,0.0,0.0,0.0,0.0,0.0,0.0,0.0,0.0,0.0,0.0,0.0,0.0,0.0,0.0,0.0,0.0,0.0,0.0,0.0,0.0,0.0,0.0,0.0,0.0,0.0,0.0,0.0,0.0,0.0,0.0,0.0,0.0,0.0,0.0,0.0,0.0,0.0,0.0,0.0,0.0,0.0,0.0,0.0,0.0,0.0,0.0,0.0,0.0,0.0,0.0,0.0,0.0,0.0,0.0,0.0,0.0,0.0,0.0,Y
0.3043263256549835,0.9157993793487549,9.63849970503361e-07,0.376046359539032,0.8535767793655396,-0.05264672264456749,0.4005644917488098,0.748557448387146,-0.07715483009815216,0.3530864715576172,0.6699721813201904,-0.10076753050088882,0.295127809047699,0.6156845688819885,-0.12082141637802124,0.387136846780777,0.5560566782951355,-0.03695521876215935,0.4129382371902466,0.4153934717178345,-0.07705762982368469,0.42489564418792725,0.322523832321167,-0.10340429097414017,0.43276023864746094,0.24121129512786865,-0.11941734701395035,0.3204847574234009,0.5486201643943787,-0.041207171976566315,0.300670862197876,0.3823671340942383,-0.08859153836965561,0.28658366203308105,0.27484187483787537,-0.11848361045122147,0.2769858241081238,0.18374085426330566,-0.131781667470932,0.2622988224029541,0.5862777829170227,-0.05136130750179291,0.2508905231952667,0.508908748626709,-0.12268157303333282,0.2711624503135681,0.6063607931137085,-0.13454438745975494,0.28504231572151184,0.6807249784469604,-0.12052150070667267,0.21496957540512085,0.6512390375137329,-0.06513869762420654,0.21219225227832794,0.6117982268333435,-0.12506498396396637,0.23984384536743164,0.6800207495689392,-0.12697595357894897,0.2607557475566864,0.7360349297523499,-0.1120978593826294,0.0,0.0,0.0,0.0,0.0,0.0,0.0,0.0,0.0,0.0,0.0,0.0,0.0,0.0,0.0,0.0,0.0,0.0,0.0,0.0,0.0,0.0,0.0,0.0,0.0,0.0,0.0,0.0,0.0,0.0,0.0,0.0,0.0,0.0,0.0,0.0,0.0,0.0,0.0,0.0,0.0,0.0,0.0,0.0,0.0,0.0,0.0,0.0,0.0,0.0,0.0,0.0,0.0,0.0,0.0,0.0,0.0,0.0,0.0,0.0,0.0,0.0,0.0,Y
0.3005041480064392,0.9157732129096985,9.470745112594159e-07,0.37285691499710083,0.8548779487609863,-0.05211611092090607,0.4025338590145111,0.7545468807220459,-0.07685881853103638,0.3637135922908783,0.6736177206039429,-0.10130050778388977,0.3099517524242401,0.614986002445221,-0.1221940740942955,0.38478177785873413,0.5557402968406677,-0.036586735397577286,0.4081246256828308,0.41450273990631104,-0.07690931111574173,0.41759273409843445,0.32104256749153137,-0.10343866050243378,0.42354509234428406,0.23960301280021667,-0.11936996132135391,0.3180655241012573,0.5488814115524292,-0.04143882915377617,0.2978409230709076,0.3831590414047241,-0.08902902156114578,0.2831422984600067,0.27494868636131287,-0.11914849281311035,0.27352505922317505,0.18292930722236633,-0.13249845802783966,0.2598282992839813,0.5876483917236328,-0.05205187946557999,0.24758552014827728,0.5086671113967896,-0.12299981713294983,0.26864463090896606,0.6061744093894958,-0.13355310261249542,0.28408151865005493,0.6817950010299683,-0.11845482885837555,0.21221989393234253,0.6546329855918884,-0.06631412357091904,0.20842309296131134,0.6118746399879456,-0.12480808049440384,0.23599691689014435,0.6777254939079285,-0.12499874830245972,0.25729116797447205,0.733982264995575,-0.10879577696323395,0.0,0.0,0.0,0.0,0.0,0.0,0.0,0.0,0.0,0.0,0.0,0.0,0.0,0.0,0.0,0.0,0.0,0.0,0.0,0.0,0.0,0.0,0.0,0.0,0.0,0.0,0.0,0.0,0.0,0.0,0.0,0.0,0.0,0.0,0.0,0.0,0.0,0.0,0.0,0.0,0.0,0.0,0.0,0.0,0.0,0.0,0.0,0.0,0.0,0.0,0.0,0.0,0.0,0.0,0.0,0.0,0.0,0.0,0.0,0.0,0.0,0.0,0.0,Y
0.30218222737312317,0.9119272232055664,9.005129300021508e-07,0.36947500705718994,0.8410837650299072,-0.04976285621523857,0.38647720217704773,0.7259646058082581,-0.07231324911117554,0.33126112818717957,0.6431320309638977,-0.09426828473806381,0.27038395404815674,0.5877397656440735,-0.11224458366632462,0.38239389657974243,0.5522331595420837,-0.032735832035541534,0.40141910314559937,0.4079502820968628,-0.07039789855480194,0.40803417563438416,0.31479737162590027,-0.09459950774908066,0.40956801176071167,0.23542162775993347,-0.10902319103479385,0.3167042136192322,0.55072021484375,-0.038000497967004776,0.2915850877761841,0.3819378614425659,-0.0837542861700058,0.277299702167511,0.2749527096748352,-0.11216308921575546,0.2662421464920044,0.18634921312332153,-0.12414801120758057,0.26007670164108276,0.5918144583702087,-0.04921591654419899,0.2504769563674927,0.5193524956703186,-0.11829931288957596,0.2777601182460785,0.609673798084259,-0.1305244117975235,0.2935708165168762,0.6764768362045288,-0.11712495237588882,0.21306194365024567,0.6557953357696533,-0.06380123645067215,0.21649035811424255,0.6135078072547913,-0.11986106634140015,0.24652260541915894,0.6763159036636353,-0.1207658052444458,0.2656629979610443,0.7271330952644348,-0.106224924325943,0.0,0.0,0.0,0.0,0.0,0.0,0.0,0.0,0.0,0.0,0.0,0.0,0.0,0.0,0.0,0.0,0.0,0.0,0.0,0.0,0.0,0.0,0.0,0.0,0.0,0.0,0.0,0.0,0.0,0.0,0.0,0.0,0.0,0.0,0.0,0.0,0.0,0.0,0.0,0.0,0.0,0.0,0.0,0.0,0.0,0.0,0.0,0.0,0.0,0.0,0.0,0.0,0.0,0.0,0.0,0.0,0.0,0.0,0.0,0.0,0.0,0.0,0.0,Y
0.30268678069114685,0.9052777290344238,9.062335948328837e-07,0.3698388636112213,0.8362314701080322,-0.0490373857319355,0.38415706157684326,0.7216552495956421,-0.07085417211055756,0.3303331732749939,0.6429579257965088,-0.09205137938261032,0.26793724298477173,0.593357264995575,-0.1092844307422638,0.3824571967124939,0.5479154586791992,-0.032288458198308945,0.40125328302383423,0.4017888605594635,-0.0694979876279831,0.4079642593860626,0.30823594331741333,-0.09326932579278946,0.40859442949295044,0.22999650239944458,-0.10728178918361664,0.31833261251449585,0.5454634428024292,-0.03754112124443054,0.29151785373687744,0.3753548264503479,-0.08305788040161133,0.2774789035320282,0.2686450183391571,-0.11178124696016312,0.26594600081443787,0.1817951798439026,-0.12374728173017502,0.26267269253730774,0.5849732160568237,-0.04883105680346489,0.25681260228157043,0.5173429250717163,-0.1163921132683754,0.2828820049762726,0.6001754999160767,-0.13156554102897644,0.29668915271759033,0.6608927249908447,-0.12070693075656891,0.21681617200374603,0.6450433135032654,-0.0634974017739296,0.2265474498271942,0.6137808561325073,-0.11749330163002014,0.25587573647499084,0.6721608638763428,-0.12093581259250641,0.2742117941379547,0.717327356338501,-0.10892950743436813,0.0,0.0,0.0,0.0,0.0,0.0,0.0,0.0,0.0,0.0,0.0,0.0,0.0,0.0,0.0,0.0,0.0,0.0,0.0,0.0,0.0,0.0,0.0,0.0,0.0,0.0,0.0,0.0,0.0,0.0,0.0,0.0,0.0,0.0,0.0,0.0,0.0,0.0,0.0,0.0,0.0,0.0,0.0,0.0,0.0,0.0,0.0,0.0,0.0,0.0,0.0,0.0,0.0,0.0,0.0,0.0,0.0,0.0,0.0,0.0,0.0,0.0,0.0,Y
0.3010993003845215,0.9058558940887451,8.656615477775631e-07,0.36700040102005005,0.8376341462135315,-0.05291268974542618,0.3827698826789856,0.718070924282074,-0.07322665303945541,0.325045645236969,0.6346797943115234,-0.09171486645936966,0.26382696628570557,0.5799028277397156,-0.10548841208219528,0.3819422423839569,0.5480796694755554,-0.030898867174983025,0.40017780661582947,0.3994404971599579,-0.06726814061403275,0.4069666564464569,0.30683210492134094,-0.08933302015066147,0.4061518609523773,0.22850194573402405,-0.10176389664411545,0.31757038831710815,0.5469503402709961,-0.033410172909498215,0.2852399945259094,0.3758394718170166,-0.07911010086536407,0.27047309279441833,0.2706005573272705,-0.10688692331314087,0.2567152976989746,0.18556499481201172,-0.11675508320331573,0.2638530135154724,0.587471604347229,-0.042777299880981445,0.2575241029262543,0.5345990657806396,-0.11205361783504486,0.2879994511604309,0.6172995567321777,-0.12963320314884186,0.3037880063056946,0.6733192801475525,-0.11891692876815796,0.22099551558494568,0.6464628577232361,-0.055750809609889984,0.23284608125686646,0.6308243870735168,-0.11080802977085114,0.26248523592948914,0.6899026036262512,-0.1170806959271431,0.2801983952522278,0.7299965620040894,-0.10642042756080627,0.0,0.0,0.0,0.0,0.0,0.0,0.0,0.0,0.0,0.0,0.0,0.0,0.0,0.0,0.0,0.0,0.0,0.0,0.0,0.0,0.0,0.0,0.0,0.0,0.0,0.0,0.0,0.0,0.0,0.0,0.0,0.0,0.0,0.0,0.0,0.0,0.0,0.0,0.0,0.0,0.0,0.0,0.0,0.0,0.0,0.0,0.0,0.0,0.0,0.0,0.0,0.0,0.0,0.0,0.0,0.0,0.0,0.0,0.0,0.0,0.0,0.0,0.0,Y
0.2906734347343445,0.910240888595581,8.957420618571632e-07,0.35524582862854004,0.8453108072280884,-0.05216876417398453,0.3715207576751709,0.7344191074371338,-0.07362241297960281,0.31689926981925964,0.6539400219917297,-0.09361711889505386,0.25844958424568176,0.5978963375091553,-0.10910885035991669,0.37531590461730957,0.5609545707702637,-0.032463546842336655,0.3969743847846985,0.4116077125072479,-0.07066752761602402,0.4068695902824402,0.31909093260765076,-0.0941508561372757,0.4081023931503296,0.2417897880077362,-0.10721994936466217,0.31141018867492676,0.558340311050415,-0.0354124940931797,0.2826187014579773,0.3854811191558838,-0.08098429441452026,0.2685920000076294,0.27902770042419434,-0.10950830578804016,0.25489598512649536,0.19337156414985657,-0.1202966570854187,0.25776633620262146,0.5990034341812134,-0.04494157433509827,0.24950328469276428,0.540787398815155,-0.11127157509326935,0.27743855118751526,0.6151957511901855,-0.12853789329528809,0.29208308458328247,0.6674789190292358,-0.11897733807563782,0.2154228836297989,0.659700334072113,-0.05814177170395851,0.2256704717874527,0.64479660987854,-0.11069867759943008,0.2526845932006836,0.6991981267929077,-0.11611775308847427,0.26842761039733887,0.7374253273010254,-0.10545524954795837,0.0,0.0,0.0,0.0,0.0,0.0,0.0,0.0,0.0,0.0,0.0,0.0,0.0,0.0,0.0,0.0,0.0,0.0,0.0,0.0,0.0,0.0,0.0,0.0,0.0,0.0,0.0,0.0,0.0,0.0,0.0,0.0,0.0,0.0,0.0,0.0,0.0,0.0,0.0,0.0,0.0,0.0,0.0,0.0,0.0,0.0,0.0,0.0,0.0,0.0,0.0,0.0,0.0,0.0,0.0,0.0,0.0,0.0,0.0,0.0,0.0,0.0,0.0,Y
0.28824543952941895,0.9917182326316833,1.0151245533052133e-06,0.3518553376197815,0.9475913643836975,-0.04958292096853256,0.3833470046520233,0.8506113290786743,-0.07474228739738464,0.3252953886985779,0.7686768770217896,-0.09891297668218613,0.26966753602027893,0.7041972875595093,-0.11916083842515945,0.39745450019836426,0.6652873158454895,-0.03494473174214363,0.4531925320625305,0.5390332341194153,-0.07614371180534363,0.48476433753967285,0.4554066061973572,-0.10218267887830734,0.5071701407432556,0.3842848837375641,-0.11766023933887482,0.33035218715667725,0.653098464012146,-0.04080280661582947,0.31888967752456665,0.48406797647476196,-0.08977575600147247,0.31089985370635986,0.3814657926559448,-0.12093966454267502,0.30392470955848694,0.292589396238327,-0.1347832977771759,0.2711639702320099,0.6892285943031311,-0.05205328390002251,0.2747478187084198,0.6265535354614258,-0.12340289354324341,0.2948133945465088,0.7151032090187073,-0.13682912290096283,0.30258625745773315,0.7751697301864624,-0.12489858269691467,0.22143910825252533,0.7487171292304993,-0.06623703986406326,0.23196759819984436,0.7275816798210144,-0.12595532834529877,0.25414592027664185,0.7969362735748291,-0.12835754454135895,0.2667185664176941,0.8434070348739624,-0.1143781915307045,0.0,0.0,0.0,0.0,0.0,0.0,0.0,0.0,0.0,0.0,0.0,0.0,0.0,0.0,0.0,0.0,0.0,0.0,0.0,0.0,0.0,0.0,0.0,0.0,0.0,0.0,0.0,0.0,0.0,0.0,0.0,0.0,0.0,0.0,0.0,0.0,0.0,0.0,0.0,0.0,0.0,0.0,0.0,0.0,0.0,0.0,0.0,0.0,0.0,0.0,0.0,0.0,0.0,0.0,0.0,0.0,0.0,0.0,0.0,0.0,0.0,0.0,0.0,Y
0.2854851484298706,0.9954607486724854,1.0844688631550525e-06,0.34804120659828186,0.9465228319168091,-0.04578151926398277,0.37428903579711914,0.856183648109436,-0.07045555114746094,0.31894955039024353,0.7830246686935425,-0.0951160117983818,0.263362318277359,0.7250570058822632,-0.11607802659273148,0.3890382647514343,0.670428991317749,-0.03495310619473457,0.4493138790130615,0.5461795926094055,-0.07591951638460159,0.484810471534729,0.46581730246543884,-0.10189490765333176,0.5108639001846313,0.3983043134212494,-0.11734484136104584,0.32164397835731506,0.6581552028656006,-0.042054638266563416,0.3070650100708008,0.49234601855278015,-0.08938946574926376,0.2970432639122009,0.3878900408744812,-0.12034671753644943,0.2890361547470093,0.29852139949798584,-0.134874165058136,0.26288026571273804,0.6963122487068176,-0.05401775613427162,0.2581789791584015,0.6344496607780457,-0.12195903062820435,0.2795911133289337,0.718461811542511,-0.13516919314861298,0.2911882996559143,0.7794404625892639,-0.1242096945643425,0.21554207801818848,0.7589103579521179,-0.06874512881040573,0.22083601355552673,0.7408421635627747,-0.1253994256258011,0.24370166659355164,0.805396556854248,-0.12738479673862457,0.25919386744499207,0.8511418104171753,-0.11373860388994217,0.0,0.0,0.0,0.0,0.0,0.0,0.0,0.0,0.0,0.0,0.0,0.0,0.0,0.0,0.0,0.0,0.0,0.0,0.0,0.0,0.0,0.0,0.0,0.0,0.0,0.0,0.0,0.0,0.0,0.0,0.0,0.0,0.0,0.0,0.0,0.0,0.0,0.0,0.0,0.0,0.0,0.0,0.0,0.0,0.0,0.0,0.0,0.0,0.0,0.0,0.0,0.0,0.0,0.0,0.0,0.0,0.0,0.0,0.0,0.0,0.0,0.0,0.0,Y
0.31426480412483215,0.9573825597763062,9.481854021942127e-07,0.37673723697662354,0.89450603723526,-0.040966056287288666,0.3955548107624054,0.7923487424850464,-0.0605393648147583,0.3428763449192047,0.7163416147232056,-0.08107458055019379,0.2907116711139679,0.6621296405792236,-0.09800692647695541,0.40214911103248596,0.6174889802932739,-0.025373093783855438,0.4529222548007965,0.4884222745895386,-0.06146663427352905,0.4804196059703827,0.4033883213996887,-0.08495593816041946,0.49824750423431396,0.3327462077140808,-0.09875873476266861,0.33708712458610535,0.6127303242683411,-0.03216357156634331,0.3129880428314209,0.45153501629829407,-0.07612483203411102,0.29736819863319397,0.34893137216567993,-0.10498280823230743,0.2848110496997833,0.2615239918231964,-0.11827974021434784,0.28047096729278564,0.6542425751686096,-0.043646007776260376,0.27697455883026123,0.585520327091217,-0.10697255283594131,0.30441194772720337,0.6663678884506226,-0.11890527606010437,0.31910941004753113,0.7279571294784546,-0.10765975713729858,0.23496004939079285,0.7178968787193298,-0.05770255625247955,0.24219505488872528,0.6858604550361633,-0.10993857681751251,0.26827260851860046,0.7458734512329102,-0.11072106659412384,0.28480398654937744,0.7930463552474976,-0.0968577191233635,0.0,0.0,0.0,0.0,0.0,0.0,0.0,0.0,0.0,0.0,0.0,0.0,0.0,0.0,0.0,0.0,0.0,0.0,0.0,0.0,0.0,0.0,0.0,0.0,0.0,0.0,0.0,0.0,0.0,0.0,0.0,0.0,0.0,0.0,0.0,0.0,0.0,0.0,0.0,0.0,0.0,0.0,0.0,0.0,0.0,0.0,0.0,0.0,0.0,0.0,0.0,0.0,0.0,0.0,0.0,0.0,0.0,0.0,0.0,0.0,0.0,0.0,0.0,Y
0.33441996574401855,0.9526243209838867,9.47825469665986e-07,0.39350175857543945,0.8822675347328186,-0.04856307432055473,0.4032004773616791,0.7746622562408447,-0.07017330825328827,0.34330523014068604,0.6988013982772827,-0.09144867211580276,0.2903326749801636,0.6378170251846313,-0.10814900696277618,0.3980327546596527,0.5969434380531311,-0.026425782591104507,0.43521732091903687,0.4624525010585785,-0.0630815178155899,0.4541628360748291,0.37506186962127686,-0.0869738906621933,0.46591514348983765,0.3025017976760864,-0.10107880085706711,0.3329680263996124,0.6018732190132141,-0.0305097084492445,0.29190438985824585,0.44192224740982056,-0.07644660770893097,0.2680875062942505,0.3431780934333801,-0.10618164390325546,0.24951493740081787,0.2584194242954254,-0.11900428682565689,0.2802271544933319,0.6514840722084045,-0.04049700126051903,0.27093783020973206,0.5888171195983887,-0.10980583727359772,0.30589547753334045,0.6723048090934753,-0.12352126836776733,0.32570958137512207,0.731252133846283,-0.11128844320774078,0.23998408019542694,0.7207725048065186,-0.053426630795001984,0.24436244368553162,0.6870616674423218,-0.11066590994596481,0.2775324881076813,0.7475958466529846,-0.11310912668704987,0.29936131834983826,0.7923702001571655,-0.09921447187662125,0.0,0.0,0.0,0.0,0.0,0.0,0.0,0.0,0.0,0.0,0.0,0.0,0.0,0.0,0.0,0.0,0.0,0.0,0.0,0.0,0.0,0.0,0.0,0.0,0.0,0.0,0.0,0.0,0.0,0.0,0.0,0.0,0.0,0.0,0.0,0.0,0.0,0.0,0.0,0.0,0.0,0.0,0.0,0.0,0.0,0.0,0.0,0.0,0.0,0.0,0.0,0.0,0.0,0.0,0.0,0.0,0.0,0.0,0.0,0.0,0.0,0.0,0.0,Y
0.3553925156593323,0.922141432762146,8.933629942475818e-07,0.41477805376052856,0.8503571152687073,-0.04223457723855972,0.4283425509929657,0.7520294785499573,-0.0651579201221466,0.37398841977119446,0.6877045631408691,-0.08872159570455551,0.32086682319641113,0.6391153931617737,-0.10820167511701584,0.4103533923625946,0.5689548254013062,-0.029733244329690933,0.44364574551582336,0.4373229444026947,-0.0668313205242157,0.45996615290641785,0.3531147539615631,-0.09213937819004059,0.4681631922721863,0.2823708653450012,-0.10775472223758698,0.3449189364910126,0.5782808065414429,-0.037045687437057495,0.3029841482639313,0.4239327907562256,-0.0813036784529686,0.2786335051059723,0.3288711607456207,-0.11063224822282791,0.25637972354888916,0.24780654907226562,-0.12489204108715057,0.29379206895828247,0.6318269371986389,-0.04895663633942604,0.28414782881736755,0.5639665126800537,-0.11081865429878235,0.3216666579246521,0.6340979933738708,-0.12084419280290604,0.3416198492050171,0.68845534324646,-0.10939895361661911,0.25576233863830566,0.7065365314483643,-0.06371455639600754,0.2633819580078125,0.6659652590751648,-0.11151286214590073,0.29473769664764404,0.7145406603813171,-0.1088559702038765,0.3127405345439911,0.7554224133491516,-0.09399162977933884,0.0,0.0,0.0,0.0,0.0,0.0,0.0,0.0,0.0,0.0,0.0,0.0,0.0,0.0,0.0,0.0,0.0,0.0,0.0,0.0,0.0,0.0,0.0,0.0,0.0,0.0,0.0,0.0,0.0,0.0,0.0,0.0,0.0,0.0,0.0,0.0,0.0,0.0,0.0,0.0,0.0,0.0,0.0,0.0,0.0,0.0,0.0,0.0,0.0,0.0,0.0,0.0,0.0,0.0,0.0,0.0,0.0,0.0,0.0,0.0,0.0,0.0,0.0,Y
0.36087724566459656,0.92164146900177,9.070326427718101e-07,0.4197841286659241,0.8477057218551636,-0.040766749531030655,0.4286320209503174,0.7459571361541748,-0.0608113557100296,0.3762035369873047,0.6764212846755981,-0.08189135789871216,0.3241408169269562,0.6255874037742615,-0.09912663698196411,0.4118770956993103,0.5691900253295898,-0.025315294042229652,0.44523903727531433,0.43549343943595886,-0.06103136017918587,0.4615962505340576,0.34983715415000916,-0.08494175970554352,0.46995142102241516,0.27764561772346497,-0.09921629726886749,0.3480854332447052,0.577401876449585,-0.03208598867058754,0.3071219027042389,0.4243224859237671,-0.0754871666431427,0.2819708585739136,0.3286020755767822,-0.10382048040628433,0.2599729299545288,0.24687889218330383,-0.11695713549852371,0.29667049646377563,0.6288315057754517,-0.04349537938833237,0.2865551710128784,0.558984637260437,-0.10634538531303406,0.32565072178840637,0.6342639923095703,-0.11636209487915039,0.3483215570449829,0.6940182447433472,-0.10379348695278168,0.2581939399242401,0.7013369798660278,-0.057567331939935684,0.26593017578125,0.6600796580314636,-0.10856765508651733,0.3004934787750244,0.713794469833374,-0.10738922655582428,0.32217392325401306,0.7600442171096802,-0.09220108389854431,0.0,0.0,0.0,0.0,0.0,0.0,0.0,0.0,0.0,0.0,0.0,0.0,0.0,0.0,0.0,0.0,0.0,0.0,0.0,0.0,0.0,0.0,0.0,0.0,0.0,0.0,0.0,0.0,0.0,0.0,0.0,0.0,0.0,0.0,0.0,0.0,0.0,0.0,0.0,0.0,0.0,0.0,0.0,0.0,0.0,0.0,0.0,0.0,0.0,0.0,0.0,0.0,0.0,0.0,0.0,0.0,0.0,0.0,0.0,0.0,0.0,0.0,0.0,Y
0.3547552824020386,0.9102047085762024,9.28677707179304e-07,0.4156959056854248,0.8420833945274353,-0.046987298876047134,0.4294712543487549,0.7392528057098389,-0.06895323842763901,0.37564021348953247,0.6663374304771423,-0.09054195135831833,0.3275068998336792,0.6029859781265259,-0.10769955813884735,0.4206758141517639,0.562172532081604,-0.027004262432456017,0.45633161067962646,0.43315738439559937,-0.06436879187822342,0.47538670897483826,0.3483807444572449,-0.08909887820482254,0.48654890060424805,0.27720871567726135,-0.10330700874328613,0.3559381067752838,0.5670106410980225,-0.031673021614551544,0.31792888045310974,0.40940964221954346,-0.07730492949485779,0.2973359227180481,0.3143812119960785,-0.10589640587568283,0.2797095775604248,0.2327542006969452,-0.11750476062297821,0.3038523197174072,0.6151217818260193,-0.04185907170176506,0.2984869182109833,0.5516685247421265,-0.10947640985250473,0.33394259214401245,0.6376650333404541,-0.11907366663217545,0.3518441617488861,0.6971294283866882,-0.10398992151021957,0.26309168338775635,0.6834806203842163,-0.0549502819776535,0.27237069606781006,0.6420643925666809,-0.10796669125556946,0.3014172613620758,0.7034615278244019,-0.10505861043930054,0.31683310866355896,0.7491471171379089,-0.08778637647628784,0.0,0.0,0.0,0.0,0.0,0.0,0.0,0.0,0.0,0.0,0.0,0.0,0.0,0.0,0.0,0.0,0.0,0.0,0.0,0.0,0.0,0.0,0.0,0.0,0.0,0.0,0.0,0.0,0.0,0.0,0.0,0.0,0.0,0.0,0.0,0.0,0.0,0.0,0.0,0.0,0.0,0.0,0.0,0.0,0.0,0.0,0.0,0.0,0.0,0.0,0.0,0.0,0.0,0.0,0.0,0.0,0.0,0.0,0.0,0.0,0.0,0.0,0.0,Y
0.33743202686309814,0.899170994758606,9.271308840652637e-07,0.4023534655570984,0.8354594707489014,-0.046250659972429276,0.42103058099746704,0.7307955026626587,-0.06711405515670776,0.3693806529045105,0.6478144526481628,-0.08755794912576675,0.3221563696861267,0.5805943012237549,-0.10392788052558899,0.4243323504924774,0.5592172145843506,-0.025012990459799767,0.4703351557254791,0.4343184232711792,-0.06156213954091072,0.4952146112918854,0.3515874743461609,-0.0860900729894638,0.5115488171577454,0.2815999388694763,-0.10038410872220993,0.3614184856414795,0.5563299059867859,-0.028936827555298805,0.33767014741897583,0.3972614109516144,-0.0735204741358757,0.3241346776485443,0.2994764745235443,-0.10211526602506638,0.31297004222869873,0.21659868955612183,-0.1142738088965416,0.3073335289955139,0.597125768661499,-0.03834819793701172,0.3050463795661926,0.5290361046791077,-0.1052786335349083,0.3327862024307251,0.6142439246177673,-0.11632324755191803,0.34610801935195923,0.6768510341644287,-0.10275043547153473,0.26352882385253906,0.6593096256256104,-0.050509974360466,0.27444204688072205,0.6186266541481018,-0.10540776699781418,0.3002631664276123,0.6827807426452637,-0.10496989637613297,0.3142910599708557,0.7338492274284363,-0.08919625729322433,0.0,0.0,0.0,0.0,0.0,0.0,0.0,0.0,0.0,0.0,0.0,0.0,0.0,0.0,0.0,0.0,0.0,0.0,0.0,0.0,0.0,0.0,0.0,0.0,0.0,0.0,0.0,0.0,0.0,0.0,0.0,0.0,0.0,0.0,0.0,0.0,0.0,0.0,0.0,0.0,0.0,0.0,0.0,0.0,0.0,0.0,0.0,0.0,0.0,0.0,0.0,0.0,0.0,0.0,0.0,0.0,0.0,0.0,0.0,0.0,0.0,0.0,0.0,Y
0.32754525542259216,0.8967787027359009,9.064641517397831e-07,0.39223194122314453,0.836246907711029,-0.04705160856246948,0.4134487211704254,0.7291187644004822,-0.06695231795310974,0.36586201190948486,0.6419163942337036,-0.08642524480819702,0.32149738073349,0.5702978372573853,-0.10132457315921783,0.4262509047985077,0.5585167407989502,-0.021930765360593796,0.47578033804893494,0.43717074394226074,-0.05677592754364014,0.5037562251091003,0.35835880041122437,-0.07993317395448685,0.5219976305961609,0.2915183901786804,-0.09365028142929077,0.36316269636154175,0.5524390339851379,-0.025672713294625282,0.3436761498451233,0.3926037847995758,-0.06916521489620209,0.33458974957466125,0.2966952919960022,-0.09670035541057587,0.3266562819480896,0.2152678370475769,-0.10812997817993164,0.3072003126144409,0.5901508927345276,-0.03561754897236824,0.3065372705459595,0.5232453346252441,-0.10224492847919464,0.33273401856422424,0.6118141412734985,-0.11437070369720459,0.34520629048347473,0.6728164553642273,-0.10180339217185974,0.26119309663772583,0.6493216753005981,-0.04852808266878128,0.2731039524078369,0.6164401769638062,-0.10403652489185333,0.29767632484436035,0.6823834180831909,-0.10616285353899002,0.311419278383255,0.7292726039886475,-0.09260967373847961,0.0,0.0,0.0,0.0,0.0,0.0,0.0,0.0,0.0,0.0,0.0,0.0,0.0,0.0,0.0,0.0,0.0,0.0,0.0,0.0,0.0,0.0,0.0,0.0,0.0,0.0,0.0,0.0,0.0,0.0,0.0,0.0,0.0,0.0,0.0,0.0,0.0,0.0,0.0,0.0,0.0,0.0,0.0,0.0,0.0,0.0,0.0,0.0,0.0,0.0,0.0,0.0,0.0,0.0,0.0,0.0,0.0,0.0,0.0,0.0,0.0,0.0,0.0,Y
0.3077905476093292,0.9062063694000244,9.1068767460456e-07,0.3723379373550415,0.8453611135482788,-0.04065238684415817,0.3926641047000885,0.7417610883712769,-0.059452518820762634,0.34719547629356384,0.659123957157135,-0.07925324141979218,0.3010909855365753,0.5955188274383545,-0.09514595568180084,0.4111917018890381,0.5730830430984497,-0.02206527255475521,0.464333713054657,0.45121559500694275,-0.05653557553887367,0.4950580596923828,0.3739849627017975,-0.07967539876699448,0.5162227153778076,0.3098497986793518,-0.09331033378839493,0.34828290343284607,0.5620124936103821,-0.02829733118414879,0.33527252078056335,0.40027040243148804,-0.06939946860074997,0.3287411332130432,0.30025747418403625,-0.09661493450403214,0.3235769271850586,0.21677425503730774,-0.10914956778287888,0.290571004152298,0.5963900685310364,-0.03967028483748436,0.29225197434425354,0.5252249240875244,-0.0997781753540039,0.314426064491272,0.6039718985557556,-0.11186845600605011,0.32423675060272217,0.6651456952095032,-0.10176379978656769,0.24288126826286316,0.6538259387016296,-0.05382898449897766,0.2535836696624756,0.622573733329773,-0.10344769060611725,0.2756452262401581,0.682303249835968,-0.10483457148075104,0.2878437638282776,0.7300360202789307,-0.0921945720911026,0.0,0.0,0.0,0.0,0.0,0.0,0.0,0.0,0.0,0.0,0.0,0.0,0.0,0.0,0.0,0.0,0.0,0.0,0.0,0.0,0.0,0.0,0.0,0.0,0.0,0.0,0.0,0.0,0.0,0.0,0.0,0.0,0.0,0.0,0.0,0.0,0.0,0.0,0.0,0.0,0.0,0.0,0.0,0.0,0.0,0.0,0.0,0.0,0.0,0.0,0.0,0.0,0.0,0.0,0.0,0.0,0.0,0.0,0.0,0.0,0.0,0.0,0.0,Y
0.30896520614624023,0.9069901704788208,9.219840535479307e-07,0.3695342242717743,0.8429301977157593,-0.04355510324239731,0.38594475388526917,0.7366002798080444,-0.06306888908147812,0.3354039192199707,0.6520342230796814,-0.08303029835224152,0.2859998047351837,0.5863676071166992,-0.0989556834101677,0.3978489339351654,0.5682160258293152,-0.02194630727171898,0.44414833188056946,0.44419464468955994,-0.058033574372529984,0.47108376026153564,0.3633444309234619,-0.08216293901205063,0.48881542682647705,0.2953423857688904,-0.09629084914922714,0.33483630418777466,0.561148464679718,-0.02712458185851574,0.3146709203720093,0.40044158697128296,-0.07112029939889908,0.3038739264011383,0.30177000164985657,-0.09938057512044907,0.29472264647483826,0.21778604388237,-0.11136922985315323,0.2789255976676941,0.5986210703849792,-0.03782424330711365,0.2761057913303375,0.5305885076522827,-0.10285867750644684,0.30289149284362793,0.6134347915649414,-0.1150866225361824,0.3158310055732727,0.6745201349258423,-0.10302619636058807,0.23298946022987366,0.6578165292739868,-0.05131608247756958,0.24369187653064728,0.6261100769042969,-0.10447932034730911,0.2697513699531555,0.6875097155570984,-0.10570886731147766,0.2849561274051666,0.7350783944129944,-0.0917554572224617,0.0,0.0,0.0,0.0,0.0,0.0,0.0,0.0,0.0,0.0,0.0,0.0,0.0,0.0,0.0,0.0,0.0,0.0,0.0,0.0,0.0,0.0,0.0,0.0,0.0,0.0,0.0,0.0,0.0,0.0,0.0,0.0,0.0,0.0,0.0,0.0,0.0,0.0,0.0,0.0,0.0,0.0,0.0,0.0,0.0,0.0,0.0,0.0,0.0,0.0,0.0,0.0,0.0,0.0,0.0,0.0,0.0,0.0,0.0,0.0,0.0,0.0,0.0,Y
0.3078324496746063,0.9071150422096252,8.98499536106101e-07,0.36884745955467224,0.8401502370834351,-0.046210817992687225,0.38499537110328674,0.7316120862960815,-0.06577533483505249,0.33384445309638977,0.6468003988265991,-0.08508855849504471,0.28401726484298706,0.579721212387085,-0.09998192638158798,0.39352262020111084,0.5637414455413818,-0.021317195147275925,0.43550997972488403,0.43528255820274353,-0.055990200489759445,0.46011587977409363,0.3529040813446045,-0.07911543548107147,0.4762110412120819,0.2838197350502014,-0.09279152005910873,0.33011603355407715,0.5600599050521851,-0.025197269394993782,0.3029850721359253,0.398162841796875,-0.06850219517946243,0.28899192810058594,0.30107468366622925,-0.09620361030101776,0.27747851610183716,0.2186778485774994,-0.10760773718357086,0.2751084864139557,0.6005181670188904,-0.03501896187663078,0.27110299468040466,0.531442403793335,-0.10129457712173462,0.2999952435493469,0.6173442006111145,-0.11327286064624786,0.314424604177475,0.6768917441368103,-0.10052036494016647,0.23089563846588135,0.6616992354393005,-0.047715406864881516,0.24102219939231873,0.6261821389198303,-0.10253032296895981,0.2671397924423218,0.6901067495346069,-0.10384200513362885,0.28198444843292236,0.7361859083175659,-0.08966806530952454,0.0,0.0,0.0,0.0,0.0,0.0,0.0,0.0,0.0,0.0,0.0,0.0,0.0,0.0,0.0,0.0,0.0,0.0,0.0,0.0,0.0,0.0,0.0,0.0,0.0,0.0,0.0,0.0,0.0,0.0,0.0,0.0,0.0,0.0,0.0,0.0,0.0,0.0,0.0,0.0,0.0,0.0,0.0,0.0,0.0,0.0,0.0,0.0,0.0,0.0,0.0,0.0,0.0,0.0,0.0,0.0,0.0,0.0,0.0,0.0,0.0,0.0,0.0,Y
0.32011252641677856,0.9201551675796509,8.98683310879278e-07,0.3799629509449005,0.85032057762146,-0.04697558656334877,0.3905988931655884,0.7392170429229736,-0.06642766296863556,0.3347232937812805,0.6568531394004822,-0.08552999794483185,0.28241634368896484,0.5931470394134521,-0.09999135881662369,0.39022237062454224,0.5671465396881104,-0.021740002557635307,0.42687273025512695,0.4341883659362793,-0.0555119663476944,0.446833997964859,0.34973639249801636,-0.07786647230386734,0.4591943025588989,0.2790646255016327,-0.09138961136341095,0.3266245722770691,0.5682610273361206,-0.024903368204832077,0.29185041785240173,0.4106813967227936,-0.06762322783470154,0.27266138792037964,0.3144569396972656,-0.09515798836946487,0.2572093904018402,0.2341911494731903,-0.10703421384096146,0.2733817398548126,0.612525224685669,-0.034121353179216385,0.2647528052330017,0.5406409502029419,-0.09949524700641632,0.2968364357948303,0.6222061514854431,-0.11222368478775024,0.3143237829208374,0.6830925941467285,-0.10063032805919647,0.23219120502471924,0.6771045923233032,-0.046385232359170914,0.2400655746459961,0.6435309648513794,-0.10202621668577194,0.2699440121650696,0.7041560411453247,-0.10589738190174103,0.2879377007484436,0.7503587007522583,-0.09368983656167984,0.0,0.0,0.0,0.0,0.0,0.0,0.0,0.0,0.0,0.0,0.0,0.0,0.0,0.0,0.0,0.0,0.0,0.0,0.0,0.0,0.0,0.0,0.0,0.0,0.0,0.0,0.0,0.0,0.0,0.0,0.0,0.0,0.0,0.0,0.0,0.0,0.0,0.0,0.0,0.0,0.0,0.0,0.0,0.0,0.0,0.0,0.0,0.0,0.0,0.0,0.0,0.0,0.0,0.0,0.0,0.0,0.0,0.0,0.0,0.0,0.0,0.0,0.0,Y
0.32500648498535156,0.9154548645019531,9.106083211918303e-07,0.3838495910167694,0.8446207046508789,-0.047493331134319305,0.39246243238449097,0.7358212471008301,-0.06762858480215073,0.33581769466400146,0.65494304895401,-0.0874839574098587,0.28366297483444214,0.5916110873222351,-0.10285590589046478,0.390018105506897,0.5654786229133606,-0.023214105516672134,0.4242086708545685,0.43164366483688354,-0.05789591372013092,0.44221609830856323,0.34611985087394714,-0.08065672218799591,0.4529711604118347,0.2744256854057312,-0.0942000150680542,0.3271452784538269,0.568405270576477,-0.02649431675672531,0.2916196882724762,0.41050097346305847,-0.07015831768512726,0.2717123329639435,0.3138362169265747,-0.09782370924949646,0.25528308749198914,0.23192864656448364,-0.10947179794311523,0.2747817039489746,0.6141805648803711,-0.035824861377477646,0.2647988200187683,0.5427137017250061,-0.10256034880876541,0.2977081537246704,0.6266340613365173,-0.11453629285097122,0.31585493683815,0.6871143579483032,-0.1017928272485733,0.23399636149406433,0.6802154183387756,-0.04813706874847412,0.23993894457817078,0.6416306495666504,-0.10389113426208496,0.2704010009765625,0.70246821641922,-0.10617387294769287,0.28903907537460327,0.7485644817352295,-0.09260743856430054,0.0,0.0,0.0,0.0,0.0,0.0,0.0,0.0,0.0,0.0,0.0,0.0,0.0,0.0,0.0,0.0,0.0,0.0,0.0,0.0,0.0,0.0,0.0,0.0,0.0,0.0,0.0,0.0,0.0,0.0,0.0,0.0,0.0,0.0,0.0,0.0,0.0,0.0,0.0,0.0,0.0,0.0,0.0,0.0,0.0,0.0,0.0,0.0,0.0,0.0,0.0,0.0,0.0,0.0,0.0,0.0,0.0,0.0,0.0,0.0,0.0,0.0,0.0,Y
0.6903756856918335,0.9511682987213135,8.268316378234886e-07,0.6231883764266968,0.8986058235168457,-0.03226403892040253,0.5785016417503357,0.7947708368301392,-0.05422203242778778,0.613062858581543,0.720341682434082,-0.07973328232765198,0.6677643060684204,0.6912685036659241,-0.10439839214086533,0.6156556606292725,0.5997932553291321,-0.037548184394836426,0.5756816864013672,0.4728233516216278,-0.07111521810293198,0.5509229898452759,0.3887666165828705,-0.09184062480926514,0.5328584313392639,0.317960649728775,-0.1064724549651146,0.6818110942840576,0.602047324180603,-0.05237758532166481,0.6973170638084412,0.4411408305168152,-0.08967576175928116,0.703345537185669,0.3365310728549957,-0.11406631767749786,0.711701512336731,0.25212061405181885,-0.12715880572795868,0.7387750148773193,0.6491793394088745,-0.07089382410049438,0.757301390171051,0.5799115300178528,-0.1254235953092575,0.7114876508712769,0.6655802726745605,-0.13467352092266083,0.6791661381721497,0.7358435392379761,-0.12590959668159485,0.7827543020248413,0.7215669751167297,-0.0916014164686203,0.7752277851104736,0.6867842674255371,-0.13415904343128204,0.7339811325073242,0.7436636090278625,-0.13307033479213715,0.7028723955154419,0.79481041431427,-0.12261155247688293,0.0,0.0,0.0,0.0,0.0,0.0,0.0,0.0,0.0,0.0,0.0,0.0,0.0,0.0,0.0,0.0,0.0,0.0,0.0,0.0,0.0,0.0,0.0,0.0,0.0,0.0,0.0,0.0,0.0,0.0,0.0,0.0,0.0,0.0,0.0,0.0,0.0,0.0,0.0,0.0,0.0,0.0,0.0,0.0,0.0,0.0,0.0,0.0,0.0,0.0,0.0,0.0,0.0,0.0,0.0,0.0,0.0,0.0,0.0,0.0,0.0,0.0,0.0,Y
0.6925337910652161,0.9510370492935181,8.224202474593767e-07,0.6251246333122253,0.8979084491729736,-0.03237622231245041,0.5815657377243042,0.7933396697044373,-0.05456294119358063,0.6164098381996155,0.7201218008995056,-0.08040139079093933,0.6698201298713684,0.6886031031608582,-0.10519631206989288,0.6201894879341125,0.5960344076156616,-0.037234507501125336,0.5818499326705933,0.4683314263820648,-0.07097972929477692,0.5572078824043274,0.3841760754585266,-0.09177350997924805,0.539084255695343,0.31310299038887024,-0.1064959168434143,0.6862469911575317,0.598544180393219,-0.052211694419384,0.7023400664329529,0.4391021728515625,-0.09000788629055023,0.708604633808136,0.33481112122535706,-0.11475119739770889,0.7178882360458374,0.2504814863204956,-0.12803253531455994,0.7429251670837402,0.6459935307502747,-0.0709211453795433,0.7623476982116699,0.579153835773468,-0.12538279592990875,0.7146159410476685,0.6660497188568115,-0.1341279000043869,0.6811956763267517,0.7372448444366455,-0.125077486038208,0.7864928245544434,0.7185958623886108,-0.09198091179132462,0.7784342169761658,0.6883341670036316,-0.1345432996749878,0.7364300489425659,0.7450565695762634,-0.1336739957332611,0.7049800157546997,0.7954845428466797,-0.12330342084169388,0.0,0.0,0.0,0.0,0.0,0.0,0.0,0.0,0.0,0.0,0.0,0.0,0.0,0.0,0.0,0.0,0.0,0.0,0.0,0.0,0.0,0.0,0.0,0.0,0.0,0.0,0.0,0.0,0.0,0.0,0.0,0.0,0.0,0.0,0.0,0.0,0.0,0.0,0.0,0.0,0.0,0.0,0.0,0.0,0.0,0.0,0.0,0.0,0.0,0.0,0.0,0.0,0.0,0.0,0.0,0.0,0.0,0.0,0.0,0.0,0.0,0.0,0.0,Y
0.7099343538284302,0.9513916969299316,7.658887284378579e-07,0.6400149464607239,0.9134879112243652,-0.038018375635147095,0.5859858393669128,0.8331016898155212,-0.06471084803342819,0.6063341498374939,0.762772798538208,-0.09405747056007385,0.6478672027587891,0.7135562896728516,-0.1214965209364891,0.5881237983703613,0.6241707801818848,-0.04307021200656891,0.5274979472160339,0.5023579597473145,-0.08325988799333572,0.4891550838947296,0.4232184588909149,-0.10808493942022324,0.46095407009124756,0.35406050086021423,-0.12401766330003738,0.6540654897689819,0.6098002791404724,-0.056405894458293915,0.6401056051254272,0.4468878507614136,-0.09836524724960327,0.6284535527229309,0.3413465917110443,-0.12530675530433655,0.6230958700180054,0.251209020614624,-0.13920684158802032,0.7171723246574402,0.6419040560722351,-0.07405666261911392,0.725191056728363,0.5708513259887695,-0.13374412059783936,0.6940855979919434,0.6723537445068359,-0.14165472984313965,0.6739634871482849,0.7517150640487671,-0.13015234470367432,0.7709579467773438,0.7023465633392334,-0.09430321305990219,0.7585901618003845,0.6807987093925476,-0.13924436271190643,0.7255373001098633,0.7526202201843262,-0.13641677796840668,0.7037004828453064,0.8105776906013489,-0.123381108045578,0.0,0.0,0.0,0.0,0.0,0.0,0.0,0.0,0.0,0.0,0.0,0.0,0.0,0.0,0.0,0.0,0.0,0.0,0.0,0.0,0.0,0.0,0.0,0.0,0.0,0.0,0.0,0.0,0.0,0.0,0.0,0.0,0.0,0.0,0.0,0.0,0.0,0.0,0.0,0.0,0.0,0.0,0.0,0.0,0.0,0.0,0.0,0.0,0.0,0.0,0.0,0.0,0.0,0.0,0.0,0.0,0.0,0.0,0.0,0.0,0.0,0.0,0.0,Y
0.706718385219574,0.9007047414779663,1.3724826430916437e-06,0.6478755474090576,0.9007126092910767,-0.049388449639081955,0.5895162224769592,0.8395158052444458,-0.08559639006853104,0.6064120531082153,0.7718991041183472,-0.12027101963758469,0.6598802208900452,0.7343655824661255,-0.1533484011888504,0.5995039939880371,0.641028106212616,-0.07650590687990189,0.5426648259162903,0.5218294858932495,-0.12865374982357025,0.5039304494857788,0.43525493144989014,-0.16700775921344757,0.47213315963745117,0.36082378029823303,-0.1950290948152542,0.6650880575180054,0.6250893473625183,-0.08769495785236359,0.6623252034187317,0.4703367352485657,-0.1416093111038208,0.6555427312850952,0.364887535572052,-0.17564594745635986,0.6485846042633057,0.27321967482566833,-0.19455470144748688,0.7284694910049438,0.6534208655357361,-0.10141575336456299,0.7371479868888855,0.5782346129417419,-0.1674642711877823,0.7166473269462585,0.684495210647583,-0.16721563041210175,0.7011061310768127,0.76493239402771,-0.15050408244132996,0.7828709483146667,0.7119715809822083,-0.11916658282279968,0.7778668999671936,0.681911826133728,-0.17670252919197083,0.7491575479507446,0.7564416527748108,-0.16997352242469788,0.7252684831619263,0.8172926902770996,-0.15173518657684326,0.7183772325515747,0.9560938477516174,8.76250510373211e-07,0.6483489274978638,0.916509747505188,-0.03872385993599892,0.5956627726554871,0.8377600908279419,-0.06744734197854996,0.6203547120094299,0.7706972360610962,-0.098598912358284,0.666965663433075,0.7251466512680054,-0.12792696058750153,0.6006476879119873,0.6293764114379883,-0.04831405729055405,0.5404384136199951,0.5084032416343689,-0.08975575864315033,0.50014728307724,0.4263796806335449,-0.1147959753870964,0.46900683641433716,0.3556808829307556,-0.13100193440914154,0.6683019995689392,0.6163374185562134,-0.06269959360361099,0.6560304164886475,0.4516493082046509,-0.10568078607320786,0.6451888680458069,0.3442448079586029,-0.13127388060092926,0.6398007273674011,0.252756804227829,-0.14391186833381653,0.733272910118103,0.6506343483924866,-0.08135014027357101,0.7429794669151306,0.5817973017692566,-0.14144782721996307,0.7110404968261719,0.6836863160133362,-0.14756374061107635,0.6894254684448242,0.7628961205482483,-0.134562686085701,0.7883682250976562,0.7138107419013977,-0.10273478180170059,0.7780110836029053,0.6887029409408569,-0.14744479954242706,0.7445065975189209,0.7574767470359802,-0.1427733451128006,0.7204750180244446,0.8134005069732666,-0.12830762565135956,Y
0.7085281610488892,0.9135165214538574,1.4994312778071617e-06,0.6496673822402954,0.9052574038505554,-0.05171794071793556,0.5956425666809082,0.8357751369476318,-0.08986667543649673,0.616385281085968,0.7683329582214355,-0.12583498656749725,0.6738748550415039,0.7378032803535461,-0.1601308435201645,0.622012197971344,0.637202262878418,-0.08087370544672012,0.5761128664016724,0.5089788436889648,-0.13464868068695068,0.5452024936676025,0.4162822365760803,-0.1743684709072113,0.518570601940155,0.33721211552619934,-0.20376506447792053,0.6891294121742249,0.6336204409599304,-0.09186238050460815,0.7098078727722168,0.4744589626789093,-0.14863815903663635,0.7197756171226501,0.3667471706867218,-0.1844000518321991,0.7256007194519043,0.2728295922279358,-0.20438437163829803,0.7488288283348083,0.6725010871887207,-0.10542917251586914,0.7681607604026794,0.5984904766082764,-0.17270676791667938,0.7398079633712769,0.6985343098640442,-0.17295660078525543,0.7169079184532166,0.7695263624191284,-0.15678654611110687,0.7966454029083252,0.7376253008842468,-0.1232287734746933,0.7970996499061584,0.7058241367340088,-0.1807180941104889,0.7644480466842651,0.7753410935401917,-0.17396330833435059,0.7366365790367126,0.8288581371307373,-0.15607786178588867,0.7158900499343872,0.9643992185592651,9.806191201278125e-07,0.6488848328590393,0.9156525135040283,-0.03908642381429672,0.6001553535461426,0.8273749351501465,-0.06726250797510147,0.6284269690513611,0.7588926553726196,-0.09830333292484283,0.68248051404953,0.7240232825279236,-0.12766562402248383,0.6235087513923645,0.6206203699111938,-0.04743434116244316,0.5787695050239563,0.49319326877593994,-0.0879596695303917,0.5476781725883484,0.4086032509803772,-0.11217498034238815,0.5237255096435547,0.3349943161010742,-0.12785615026950836,0.6924645304679871,0.6192588806152344,-0.06208863481879234,0.7053428888320923,0.45706960558891296,-0.1038999855518341,0.7120716571807861,0.34731388092041016,-0.1288381814956665,0.7225566506385803,0.2535972595214844,-0.14125896990299225,0.7545620799064636,0.664969265460968,-0.08126403391361237,0.7740297317504883,0.6014630794525146,-0.13996738195419312,0.7367103099822998,0.7004150152206421,-0.14605975151062012,0.7124432921409607,0.7769589424133301,-0.13339988887310028,0.8039821982383728,0.7375733852386475,-0.10355020314455032,0.7993147373199463,0.713225781917572,-0.14784318208694458,0.7617002129554749,0.7770669460296631,-0.14395011961460114,0.7343050241470337,0.8302402496337891,-0.13030262291431427,Y
0.7145315408706665,0.9887975454330444,1.0717483291955432e-06,0.6485607624053955,0.9356850385665894,-0.04178507253527641,0.6042380928993225,0.8449565172195435,-0.07184209674596786,0.6364396810531616,0.7796828746795654,-0.10460132360458374,0.6897912621498108,0.7502942681312561,-0.13545778393745422,0.6381932497024536,0.6349987387657166,-0.05098574608564377,0.6013190746307373,0.5030124187469482,-0.09291710704565048,0.5781151056289673,0.4140094518661499,-0.11811419576406479,0.5616986751556396,0.336347371339798,-0.1348189115524292,0.7077962756156921,0.6408204436302185,-0.06534779071807861,0.7342024445533752,0.48220884799957275,-0.1104859784245491,0.7538497447967529,0.3734211325645447,-0.13655585050582886,0.7741354703903198,0.2810135781764984,-0.14940135180950165,0.7664940357208252,0.6937621831893921,-0.08449172973632812,0.7910986542701721,0.6368605494499207,-0.14694103598594666,0.7483928203582764,0.7343014478683472,-0.15390050411224365,0.7179670333862305,0.8085113763809204,-0.14121271669864655,0.8109602928161621,0.7726054191589355,-0.10691981017589569,0.8114166855812073,0.750322163105011,-0.15497325360774994,0.7693067193031311,0.8119338154792786,-0.15271222591400146,0.7350671291351318,0.8627609014511108,-0.1397433578968048,0.0,0.0,0.0,0.0,0.0,0.0,0.0,0.0,0.0,0.0,0.0,0.0,0.0,0.0,0.0,0.0,0.0,0.0,0.0,0.0,0.0,0.0,0.0,0.0,0.0,0.0,0.0,0.0,0.0,0.0,0.0,0.0,0.0,0.0,0.0,0.0,0.0,0.0,0.0,0.0,0.0,0.0,0.0,0.0,0.0,0.0,0.0,0.0,0.0,0.0,0.0,0.0,0.0,0.0,0.0,0.0,0.0,0.0,0.0,0.0,0.0,0.0,0.0,Y
0.7082321047782898,0.9659509658813477,7.362689871115435e-07,0.6424466967582703,0.9359159469604492,-0.060909342020750046,0.6051766872406006,0.8510039448738098,-0.09942339360713959,0.6399180889129639,0.7950958013534546,-0.13351047039031982,0.6973570585250854,0.7650870680809021,-0.16313324868679047,0.6575838923454285,0.6488429307937622,-0.06796509027481079,0.6408098340034485,0.512690544128418,-0.12183450162410736,0.6255977153778076,0.42524591088294983,-0.1584375947713852,0.6150294542312622,0.3526120185852051,-0.1816667914390564,0.7235772609710693,0.6672588586807251,-0.06996135413646698,0.7678639888763428,0.5193284749984741,-0.11936519294977188,0.7939175963401794,0.4243350625038147,-0.14974097907543182,0.8160481452941895,0.3408341109752655,-0.16541622579097748,0.7734712958335876,0.7199158072471619,-0.07783012092113495,0.8049148917198181,0.6586745381355286,-0.14433155953884125,0.7574267983436584,0.7440758943557739,-0.149476557970047,0.7269802689552307,0.8082363605499268,-0.13546454906463623,0.8139290809631348,0.7937235236167908,-0.09004116803407669,0.8092529773712158,0.7801628112792969,-0.14890678226947784,0.7620635032653809,0.8438805341720581,-0.14721688628196716,0.7318847179412842,0.8938461542129517,-0.13124479353427887,0.707588791847229,0.9993976354598999,1.1272773008386139e-06,0.6470276117324829,0.9478203058242798,-0.04133085533976555,0.6060709953308105,0.8559333682060242,-0.07195142656564713,0.6374902129173279,0.7978629469871521,-0.10441121459007263,0.6909474730491638,0.774735689163208,-0.13516516983509064,0.6526970267295837,0.6469079256057739,-0.05824943259358406,0.6275508999824524,0.508608341217041,-0.1001928523182869,0.6120046377182007,0.41713371872901917,-0.12399841845035553,0.60357266664505,0.33736270666122437,-0.14012731611728668,0.721701979637146,0.6585618853569031,-0.07198912650346756,0.7639405727386475,0.5056561231613159,-0.11786232888698578,0.7960032820701599,0.40156200528144836,-0.14390334486961365,0.8264876008033752,0.3133351802825928,-0.15701976418495178,0.7768138647079468,0.715398371219635,-0.08948779851198196,0.8059983253479004,0.6679897308349609,-0.14999188482761383,0.7557812929153442,0.7576229572296143,-0.15650144219398499,0.7186793088912964,0.824682354927063,-0.14487341046333313,0.8164448738098145,0.7951993346214294,-0.11021433770656586,0.8137279748916626,0.7900477647781372,-0.1573619246482849,0.767451822757721,0.8465386629104614,-0.15639331936836243,0.7305402159690857,0.8899191617965698,-0.14496204257011414,Y
0.6987115144729614,0.909883439540863,1.3871085684513673e-06,0.6377006769180298,0.894687294960022,-0.04786071181297302,0.5937528610229492,0.8166573643684387,-0.08284150063991547,0.6217308640480042,0.7474688291549683,-0.11564671993255615,0.6826892495155334,0.7327307462692261,-0.14808394014835358,0.644240140914917,0.6565824151039124,-0.07572697103023529,0.6255462765693665,0.5504587292671204,-0.12159588187932968,0.6123003959655762,0.4681220054626465,-0.15783390402793884,0.6043663024902344,0.39779046177864075,-0.18595774471759796,0.7061758041381836,0.6569643616676331,-0.08455567806959152,0.740281343460083,0.5282815098762512,-0.13690760731697083,0.7589758634567261,0.44206807017326355,-0.17101497948169708,0.777847170829773,0.3674350678920746,-0.18984881043434143,0.7602180242538452,0.6973327398300171,-0.09435275942087173,0.7789335250854492,0.6317542195320129,-0.1508963406085968,0.7367189526557922,0.7178720235824585,-0.14735659956932068,0.7064800262451172,0.7826290130615234,-0.13140074908733368,0.8025083541870117,0.7604774236679077,-0.10834476351737976,0.8000553250312805,0.7187597751617432,-0.1561296135187149,0.7613604068756104,0.7727859020233154,-0.14607667922973633,0.7317908406257629,0.822297990322113,-0.12731261551380157,0.7000706791877747,0.962806224822998,1.0798921721288934e-06,0.6383225917816162,0.9056106209754944,-0.03809309005737305,0.599615752696991,0.8077481389045715,-0.06607560813426971,0.6308321356773376,0.7422160506248474,-0.09594206511974335,0.6785377860069275,0.7217604517936707,-0.12473894655704498,0.6435590982437134,0.6088323593139648,-0.0523415207862854,0.6197705268859863,0.4716479778289795,-0.08982080966234207,0.6044736504554749,0.3807079792022705,-0.11197403073310852,0.5945447683334351,0.3041100800037384,-0.12702441215515137,0.7108665704727173,0.6239580512046814,-0.06617815047502518,0.7491174936294556,0.46795064210891724,-0.10624895244836807,0.7713274955749512,0.36225587129592896,-0.13010643422603607,0.7919405698776245,0.2782995402812958,-0.1422179490327835,0.7652584910392761,0.6832664012908936,-0.08353333920240402,0.7902538180351257,0.6219622492790222,-0.13879907131195068,0.7394356727600098,0.7018316984176636,-0.14539527893066406,0.7039212584495544,0.767914891242981,-0.13453561067581177,0.8041403889656067,0.7662015557289124,-0.1036549061536789,0.7992444634437561,0.7377679347991943,-0.14680856466293335,0.7583833336830139,0.7869210243225098,-0.14397728443145752,0.729057252407074,0.830893337726593,-0.13155587017536163,Y
0.6872332692146301,0.9046976566314697,9.679575896370807e-07,0.6188531517982483,0.8528348803520203,-0.03339267149567604,0.5705081224441528,0.7545619606971741,-0.05819927901029587,0.5985194444656372,0.6834386587142944,-0.08577360957860947,0.6499282121658325,0.6583526134490967,-0.11259297281503677,0.6063706278800964,0.5573763251304626,-0.04406331107020378,0.5732938647270203,0.42507651448249817,-0.07838687300682068,0.552871823310852,0.33733633160591125,-0.0992535650730133,0.5380485653877258,0.2626894414424896,-0.11394326388835907,0.6725812554359436,0.5622451305389404,-0.059025704860687256,0.6971029043197632,0.3975396156311035,-0.09656714648008347,0.7081937193870544,0.290617972612381,-0.1199713721871376,0.7193252444267273,0.20587170124053955,-0.13228361308574677,0.7283470630645752,0.6118664741516113,-0.07732772082090378,0.7424195408821106,0.5378642082214355,-0.13120713829994202,0.6970705986022949,0.6186755895614624,-0.13965511322021484,0.6665102243423462,0.6861571073532104,-0.13074682652950287,0.7705054879188538,0.6868860125541687,-0.09773308038711548,0.7571339011192322,0.6467692852020264,-0.1394130438566208,0.7167204022407532,0.700729489326477,-0.13674849271774292,0.6885905861854553,0.7503207921981812,-0.12536051869392395,0.0,0.0,0.0,0.0,0.0,0.0,0.0,0.0,0.0,0.0,0.0,0.0,0.0,0.0,0.0,0.0,0.0,0.0,0.0,0.0,0.0,0.0,0.0,0.0,0.0,0.0,0.0,0.0,0.0,0.0,0.0,0.0,0.0,0.0,0.0,0.0,0.0,0.0,0.0,0.0,0.0,0.0,0.0,0.0,0.0,0.0,0.0,0.0,0.0,0.0,0.0,0.0,0.0,0.0,0.0,0.0,0.0,0.0,0.0,0.0,0.0,0.0,0.0,Y
0.6699584722518921,0.892888069152832,9.445969908483676e-07,0.5996091961860657,0.8458575010299683,-0.032183073461055756,0.5446179509162903,0.7516555786132812,-0.056969016790390015,0.5651746392250061,0.6818466186523438,-0.08507394790649414,0.6157302856445312,0.6586436629295349,-0.11267587542533875,0.5752898454666138,0.5487875938415527,-0.043372225016355515,0.5359318256378174,0.4246034324169159,-0.07725412398576736,0.5107000470161438,0.3408452272415161,-0.09820131957530975,0.49211499094963074,0.2687669098377228,-0.11344026029109955,0.6404438614845276,0.5491045117378235,-0.059530336409807205,0.6556040644645691,0.3868461549282074,-0.09713823348283768,0.6602011322975159,0.28131431341171265,-0.1210411787033081,0.6670633554458618,0.19684109091758728,-0.13411866128444672,0.6974198222160339,0.5951201915740967,-0.07892323285341263,0.7063882350921631,0.5207043290138245,-0.1323985457420349,0.6629175543785095,0.6079365611076355,-0.14108480513095856,0.6351377964019775,0.6795148253440857,-0.13264796137809753,0.7414872646331787,0.6673665046691895,-0.10040801018476486,0.7202091217041016,0.6289437413215637,-0.1416086107492447,0.6813344955444336,0.6851842999458313,-0.13959839940071106,0.6562910676002502,0.7358205318450928,-0.12898534536361694,0.0,0.0,0.0,0.0,0.0,0.0,0.0,0.0,0.0,0.0,0.0,0.0,0.0,0.0,0.0,0.0,0.0,0.0,0.0,0.0,0.0,0.0,0.0,0.0,0.0,0.0,0.0,0.0,0.0,0.0,0.0,0.0,0.0,0.0,0.0,0.0,0.0,0.0,0.0,0.0,0.0,0.0,0.0,0.0,0.0,0.0,0.0,0.0,0.0,0.0,0.0,0.0,0.0,0.0,0.0,0.0,0.0,0.0,0.0,0.0,0.0,0.0,0.0,Y
0.6668950915336609,0.9017130136489868,9.677546586317476e-07,0.5914146900177002,0.8527593016624451,-0.030760450288653374,0.5369827747344971,0.757969856262207,-0.05528653785586357,0.5561716556549072,0.6881395578384399,-0.08381931483745575,0.6078192591667175,0.6738299131393433,-0.11246968805789948,0.5740134716033936,0.5539781451225281,-0.04336164891719818,0.5340660810470581,0.42801451683044434,-0.07847443968057632,0.5095464587211609,0.3452169895172119,-0.1007986068725586,0.4920680820941925,0.2729634642601013,-0.11657007783651352,0.6393776535987854,0.559455394744873,-0.0602862574160099,0.6570630669593811,0.39859476685523987,-0.09790514409542084,0.6640805602073669,0.2926064431667328,-0.12156284600496292,0.6742600202560425,0.20568439364433289,-0.13431316614151,0.6965254545211792,0.6078448295593262,-0.08036357909440994,0.7039433121681213,0.5391170382499695,-0.13304656744003296,0.6613113284111023,0.6246936321258545,-0.14213474094867706,0.6353567838668823,0.6963914036750793,-0.13398344814777374,0.7391958236694336,0.6808081269264221,-0.10259760171175003,0.721747636795044,0.6469771862030029,-0.14150740206241608,0.6830267906188965,0.7030795812606812,-0.13882549107074738,0.6586964726448059,0.7546252012252808,-0.12804704904556274,0.0,0.0,0.0,0.0,0.0,0.0,0.0,0.0,0.0,0.0,0.0,0.0,0.0,0.0,0.0,0.0,0.0,0.0,0.0,0.0,0.0,0.0,0.0,0.0,0.0,0.0,0.0,0.0,0.0,0.0,0.0,0.0,0.0,0.0,0.0,0.0,0.0,0.0,0.0,0.0,0.0,0.0,0.0,0.0,0.0,0.0,0.0,0.0,0.0,0.0,0.0,0.0,0.0,0.0,0.0,0.0,0.0,0.0,0.0,0.0,0.0,0.0,0.0,Y
0.6774455308914185,0.9184579849243164,9.826487712416565e-07,0.606867253780365,0.8688679933547974,-0.03367386758327484,0.5539330244064331,0.7777402997016907,-0.0603008046746254,0.5770493745803833,0.7069669961929321,-0.08991910517215729,0.6288455724716187,0.6813322305679321,-0.11902884393930435,0.588921844959259,0.5730131268501282,-0.04820876196026802,0.5516310930252075,0.4425176680088043,-0.08565967530012131,0.5270327925682068,0.3569697141647339,-0.10907839238643646,0.5083695650100708,0.28356724977493286,-0.1252526342868805,0.6549472808837891,0.5780459642410278,-0.06352092325687408,0.6751927733421326,0.4149404466152191,-0.10183034837245941,0.6833649277687073,0.30635181069374084,-0.12526454031467438,0.6945591568946838,0.2179240882396698,-0.1379353106021881,0.71232008934021,0.6269629597663879,-0.0821627750992775,0.7252174019813538,0.5543466806411743,-0.13414493203163147,0.680427074432373,0.6386557817459106,-0.14117582142353058,0.6528926491737366,0.7097253203392029,-0.13211365044116974,0.7564517855644226,0.701381266117096,-0.10334651917219162,0.7396355867385864,0.6700382232666016,-0.14288726449012756,0.7008182406425476,0.723761796951294,-0.13983982801437378,0.6764756441116333,0.7711721658706665,-0.12858203053474426,0.0,0.0,0.0,0.0,0.0,0.0,0.0,0.0,0.0,0.0,0.0,0.0,0.0,0.0,0.0,0.0,0.0,0.0,0.0,0.0,0.0,0.0,0.0,0.0,0.0,0.0,0.0,0.0,0.0,0.0,0.0,0.0,0.0,0.0,0.0,0.0,0.0,0.0,0.0,0.0,0.0,0.0,0.0,0.0,0.0,0.0,0.0,0.0,0.0,0.0,0.0,0.0,0.0,0.0,0.0,0.0,0.0,0.0,0.0,0.0,0.0,0.0,0.0,Y
0.7095264196395874,0.9083251953125,7.178962277976098e-07,0.6437299251556396,0.8820862770080566,-0.049475282430648804,0.6017119288444519,0.7988539338111877,-0.079202800989151,0.6387602090835571,0.7365001440048218,-0.10484929382801056,0.6951112747192383,0.7159540057182312,-0.12661316990852356,0.6447969675064087,0.6140947937965393,-0.05496920272707939,0.6246950030326843,0.48405829071998596,-0.09776084125041962,0.6109576225280762,0.39752015471458435,-0.12807027995586395,0.5993316769599915,0.3257569670677185,-0.14884619414806366,0.7125065922737122,0.6270131468772888,-0.05775744840502739,0.7438625693321228,0.4871189594268799,-0.09629646688699722,0.7599377632141113,0.39892280101776123,-0.12057355046272278,0.7730029821395874,0.31822171807289124,-0.13389259576797485,0.7643283605575562,0.6740009188652039,-0.0651947632431984,0.7875227332115173,0.6084192395210266,-0.1184222623705864,0.7479036450386047,0.684637725353241,-0.11875547468662262,0.7243760824203491,0.7413314580917358,-0.10478406399488449,0.8067495822906494,0.7439585328102112,-0.07617440819740295,0.8068655729293823,0.7102421522140503,-0.1237313374876976,0.7682611346244812,0.7658025622367859,-0.11810049414634705,0.7455015778541565,0.8110726475715637,-0.10202109068632126,0.7147403359413147,0.9555280804634094,9.95850314211566e-07,0.6447203159332275,0.8995912075042725,-0.03422738239169121,0.5987138748168945,0.8035447597503662,-0.06091766431927681,0.6307346224784851,0.7413007616996765,-0.09106340259313583,0.6862119436264038,0.7237603068351746,-0.12143080681562424,0.6460639238357544,0.6025641560554504,-0.052331678569316864,0.6164618730545044,0.4695257544517517,-0.09078629314899445,0.5987090468406677,0.380052387714386,-0.11462248116731644,0.5863092541694641,0.30236488580703735,-0.13141067326068878,0.7157963514328003,0.6124551296234131,-0.06785731017589569,0.7487674951553345,0.4543231725692749,-0.1084638312458992,0.7722465395927429,0.34600695967674255,-0.1330931931734085,0.7942814826965332,0.25938138365745544,-0.14647209644317627,0.7737768292427063,0.6674643158912659,-0.08657291531562805,0.7910563945770264,0.6109309792518616,-0.1409836858510971,0.7470069527626038,0.6912452578544617,-0.15079078078269958,0.7174324989318848,0.7575522065162659,-0.14306671917438507,0.8166356682777405,0.7479069232940674,-0.10781433433294296,0.8068954944610596,0.7257426977157593,-0.14953750371932983,0.7645568251609802,0.7791416645050049,-0.14807988703250885,0.7340784072875977,0.8265873193740845,-0.13798637688159943,Y
0.6972561478614807,0.9452868103981018,1.059006876857893e-06,0.6314204335212708,0.8901938796043396,-0.037782251834869385,0.5888547301292419,0.7929916381835938,-0.06557229906320572,0.6229614615440369,0.7278203964233398,-0.0951048955321312,0.6755086779594421,0.7047210335731506,-0.12392530590295792,0.6277308464050293,0.5953515768051147,-0.053133439272642136,0.5987013578414917,0.4591285288333893,-0.09043548256158829,0.5802063941955566,0.36900484561920166,-0.11318813264369965,0.5671685934066772,0.2921821177005768,-0.12922599911689758,0.6957045793533325,0.6046234369277954,-0.06689541041851044,0.7274026274681091,0.4428171217441559,-0.10617922246456146,0.7452878952026367,0.3361118733882904,-0.13030266761779785,0.7622231841087341,0.25063201785087585,-0.14347167313098907,0.7520410418510437,0.6599128246307373,-0.08405038714408875,0.7736271619796753,0.5915465950965881,-0.1384439766407013,0.7254219651222229,0.6734141707420349,-0.14561910927295685,0.6919879913330078,0.7413893938064575,-0.13625465333461761,0.794009268283844,0.7405685782432556,-0.10383407771587372,0.7858973741531372,0.7058855891227722,-0.1473739892244339,0.7443521618843079,0.758821427822113,-0.14474698901176453,0.7143110632896423,0.806533932685852,-0.13315840065479279,0.0,0.0,0.0,0.0,0.0,0.0,0.0,0.0,0.0,0.0,0.0,0.0,0.0,0.0,0.0,0.0,0.0,0.0,0.0,0.0,0.0,0.0,0.0,0.0,0.0,0.0,0.0,0.0,0.0,0.0,0.0,0.0,0.0,0.0,0.0,0.0,0.0,0.0,0.0,0.0,0.0,0.0,0.0,0.0,0.0,0.0,0.0,0.0,0.0,0.0,0.0,0.0,0.0,0.0,0.0,0.0,0.0,0.0,0.0,0.0,0.0,0.0,0.0,Y
0.6480243802070618,0.9197322130203247,9.660313935455633e-07,0.5782867074012756,0.871086597442627,-0.03072325326502323,0.523797869682312,0.7719272971153259,-0.05435522273182869,0.5469983816146851,0.7037395238876343,-0.08176406472921371,0.599699854850769,0.6833763122558594,-0.10856157541275024,0.5608419179916382,0.5718969702720642,-0.04114435985684395,0.5261877775192261,0.4434968829154968,-0.07433576881885529,0.5036793351173401,0.358052134513855,-0.09452356398105621,0.4876181483268738,0.28512418270111084,-0.10915203392505646,0.6262739896774292,0.5754359364509583,-0.05708637088537216,0.6467110514640808,0.4142995774745941,-0.0939314216375351,0.6554909944534302,0.3082694709300995,-0.1172075942158699,0.6661883592605591,0.22328495979309082,-0.1297064870595932,0.682452917098999,0.6232958436012268,-0.07622189074754715,0.6901596188545227,0.5535506010055542,-0.12820835411548615,0.6456384062767029,0.6401785612106323,-0.1356533318758011,0.6174431443214417,0.7112298011779785,-0.12625059485435486,0.7251511812210083,0.6963014006614685,-0.09751903265714645,0.7031475305557251,0.6598493456840515,-0.13727621734142303,0.6627958416938782,0.7125751376152039,-0.13485963642597198,0.6359944939613342,0.760717511177063,-0.12391014397144318,0.0,0.0,0.0,0.0,0.0,0.0,0.0,0.0,0.0,0.0,0.0,0.0,0.0,0.0,0.0,0.0,0.0,0.0,0.0,0.0,0.0,0.0,0.0,0.0,0.0,0.0,0.0,0.0,0.0,0.0,0.0,0.0,0.0,0.0,0.0,0.0,0.0,0.0,0.0,0.0,0.0,0.0,0.0,0.0,0.0,0.0,0.0,0.0,0.0,0.0,0.0,0.0,0.0,0.0,0.0,0.0,0.0,0.0,0.0,0.0,0.0,0.0,0.0,Y
0.6236929297447205,0.9044929146766663,9.397539884048456e-07,0.5485871434211731,0.8639886379241943,-0.029093097895383835,0.4850718379020691,0.7739725708961487,-0.05245513096451759,0.49265387654304504,0.7025030255317688,-0.08015875518321991,0.5416863560676575,0.6784727573394775,-0.10691297054290771,0.5194213390350342,0.569868266582489,-0.0362607017159462,0.47774627804756165,0.4464079737663269,-0.06866329908370972,0.4516061246395111,0.36491215229034424,-0.08814451843500137,0.4343145489692688,0.2943926453590393,-0.10209033638238907,0.582351565361023,0.5698708295822144,-0.05357276648283005,0.5889501571655273,0.40683311223983765,-0.09067173302173615,0.5891616344451904,0.29988470673561096,-0.11366944015026093,0.5950446724891663,0.2128654420375824,-0.12560634315013885,0.6393276453018188,0.6130787134170532,-0.07431104779243469,0.6312025189399719,0.5391076803207397,-0.1286134570837021,0.5901926159858704,0.6291824579238892,-0.13655990362167358,0.5678601861000061,0.7030189633369446,-0.12640663981437683,0.6831092834472656,0.6809453368186951,-0.09698596596717834,0.6480710506439209,0.6388270258903503,-0.13791213929653168,0.6089929342269897,0.6964751482009888,-0.13533304631710052,0.586489200592041,0.7495807409286499,-0.12379589676856995,0.0,0.0,0.0,0.0,0.0,0.0,0.0,0.0,0.0,0.0,0.0,0.0,0.0,0.0,0.0,0.0,0.0,0.0,0.0,0.0,0.0,0.0,0.0,0.0,0.0,0.0,0.0,0.0,0.0,0.0,0.0,0.0,0.0,0.0,0.0,0.0,0.0,0.0,0.0,0.0,0.0,0.0,0.0,0.0,0.0,0.0,0.0,0.0,0.0,0.0,0.0,0.0,0.0,0.0,0.0,0.0,0.0,0.0,0.0,0.0,0.0,0.0,0.0,Y
0.6269533038139343,0.8966805934906006,9.197227655022289e-07,0.5491696000099182,0.8506955504417419,-0.02870604582130909,0.48744097352027893,0.7651928663253784,-0.052933789789676666,0.49470120668411255,0.6937446594238281,-0.08156151324510574,0.5447622537612915,0.6682628989219666,-0.10937143117189407,0.5231320261955261,0.5609148740768433,-0.03820931538939476,0.479902446269989,0.4369402527809143,-0.07191572338342667,0.4528345763683319,0.35622644424438477,-0.09249904751777649,0.43302398920059204,0.285920649766922,-0.10678444802761078,0.5847601294517517,0.5601909160614014,-0.0548110194504261,0.5913571715354919,0.40066421031951904,-0.09157446771860123,0.5908543467521667,0.2952411472797394,-0.11409825831651688,0.5939077734947205,0.2072439193725586,-0.12566889822483063,0.6406290531158447,0.6009503602981567,-0.07464022189378738,0.6365588903427124,0.5356408357620239,-0.12738075852394104,0.5949426889419556,0.6244862675666809,-0.13608010113239288,0.5688335299491882,0.6978051066398621,-0.1269611418247223,0.6834768652915955,0.6675689816474915,-0.09644955396652222,0.6577314138412476,0.6355186104774475,-0.13555888831615448,0.6184098124504089,0.6934236884117126,-0.13309289515018463,0.5915530323982239,0.7474024891853333,-0.12186916172504425,0.0,0.0,0.0,0.0,0.0,0.0,0.0,0.0,0.0,0.0,0.0,0.0,0.0,0.0,0.0,0.0,0.0,0.0,0.0,0.0,0.0,0.0,0.0,0.0,0.0,0.0,0.0,0.0,0.0,0.0,0.0,0.0,0.0,0.0,0.0,0.0,0.0,0.0,0.0,0.0,0.0,0.0,0.0,0.0,0.0,0.0,0.0,0.0,0.0,0.0,0.0,0.0,0.0,0.0,0.0,0.0,0.0,0.0,0.0,0.0,0.0,0.0,0.0,Y
0.6881175637245178,0.9297153949737549,7.718668371126114e-07,0.6194848418235779,0.8824704885482788,-0.029729044064879417,0.5680239200592041,0.785828709602356,-0.05232546851038933,0.5764873027801514,0.7049532532691956,-0.07960229367017746,0.6188801527023315,0.6600469946861267,-0.10616239905357361,0.5963031649589539,0.5852575302124023,-0.03325127065181732,0.5554434657096863,0.4584552049636841,-0.06634766608476639,0.5297110080718994,0.37609463930130005,-0.086513452231884,0.5113062262535095,0.3052622377872467,-0.10058187693357468,0.6588021516799927,0.5838003158569336,-0.05031301826238632,0.665057361125946,0.416462779045105,-0.08835700899362564,0.6595867276191711,0.3096127510070801,-0.11355460435152054,0.6600902080535889,0.22708645462989807,-0.12766771018505096,0.7147359848022461,0.6254862546920776,-0.07104220241308212,0.7225659489631653,0.5225862860679626,-0.12812715768814087,0.6778417825698853,0.6085221171379089,-0.1388198286294937,0.6506423354148865,0.6864337921142578,-0.1310909539461136,0.7586486339569092,0.6925640106201172,-0.09320791065692902,0.7349289655685425,0.6323752403259277,-0.1379103809595108,0.6955499053001404,0.6892096400260925,-0.13699941337108612,0.6725555062294006,0.7474875450134277,-0.12658564746379852,0.0,0.0,0.0,0.0,0.0,0.0,0.0,0.0,0.0,0.0,0.0,0.0,0.0,0.0,0.0,0.0,0.0,0.0,0.0,0.0,0.0,0.0,0.0,0.0,0.0,0.0,0.0,0.0,0.0,0.0,0.0,0.0,0.0,0.0,0.0,0.0,0.0,0.0,0.0,0.0,0.0,0.0,0.0,0.0,0.0,0.0,0.0,0.0,0.0,0.0,0.0,0.0,0.0,0.0,0.0,0.0,0.0,0.0,0.0,0.0,0.0,0.0,0.0,Y
0.38913795351982117,0.6538785696029663,-3.6101437217439525e-07,0.44945046305656433,0.6449379920959473,-0.013034588657319546,0.5004291534423828,0.6108255982398987,-0.020219741389155388,0.5278785228729248,0.5670509338378906,-0.030431780964136124,0.5240588784217834,0.5191137194633484,-0.037645433098077774,0.48010900616645813,0.5102916359901428,0.00415888661518693,0.5081438422203064,0.47456786036491394,-0.019773829728364944,0.5019561052322388,0.5209705829620361,-0.03566218540072441,0.4885038137435913,0.5624905824661255,-0.03921479731798172,0.4562412202358246,0.4870111346244812,0.00020818925986532122,0.4866074025630951,0.4515972435474396,-0.028727689757943153,0.4803401231765747,0.5107230544090271,-0.04421837627887726,0.46728870272636414,0.5603446364402771,-0.04630275443196297,0.4273916184902191,0.46569201350212097,-0.007974148727953434,0.4605080187320709,0.4191778898239136,-0.034443411976099014,0.46031755208969116,0.4766015410423279,-0.04092177748680115,0.4496406614780426,0.5294815897941589,-0.03565061092376709,0.39530202746391296,0.4504481256008148,-0.017352581024169922,0.4026374816894531,0.3690876364707947,-0.029506361111998558,0.4111437499523163,0.3190358281135559,-0.03392598032951355,0.419731080532074,0.27914130687713623,-0.03345366567373276,0.0,0.0,0.0,0.0,0.0,0.0,0.0,0.0,0.0,0.0,0.0,0.0,0.0,0.0,0.0,0.0,0.0,0.0,0.0,0.0,0.0,0.0,0.0,0.0,0.0,0.0,0.0,0.0,0.0,0.0,0.0,0.0,0.0,0.0,0.0,0.0,0.0,0.0,0.0,0.0,0.0,0.0,0.0,0.0,0.0,0.0,0.0,0.0,0.0,0.0,0.0,0.0,0.0,0.0,0.0,0.0,0.0,0.0,0.0,0.0,0.0,0.0,0.0,I
0.38622957468032837,0.6616970896720886,-3.4787788649737195e-07,0.44981712102890015,0.6644845604896545,-0.018126074224710464,0.5102498531341553,0.6351880431175232,-0.027516622096300125,0.5430750250816345,0.5868444442749023,-0.03829486668109894,0.5302234888076782,0.5400846004486084,-0.046138662844896317,0.4913370609283447,0.5218590497970581,-0.004451466258615255,0.5199930667877197,0.4840908348560333,-0.031041637063026428,0.509720504283905,0.532855212688446,-0.04865953326225281,0.4934445023536682,0.5765348076820374,-0.05328096076846123,0.46421244740486145,0.49719807505607605,-0.005789840593934059,0.4946556091308594,0.46290427446365356,-0.036199238151311874,0.4850854277610779,0.5237256288528442,-0.0518806055188179,0.4701584279537201,0.5727028250694275,-0.05416729301214218,0.43234723806381226,0.47630640864372253,-0.011454582214355469,0.46600091457366943,0.42757201194763184,-0.03842971473932266,0.4646018147468567,0.4842245578765869,-0.04559812694787979,0.4533080756664276,0.5368422865867615,-0.04129935801029205,0.3974897563457489,0.46187832951545715,-0.01862223446369171,0.40630361437797546,0.3787086009979248,-0.031782761216163635,0.4141976237297058,0.326675683259964,-0.0380113422870636,0.4216242730617523,0.2843208611011505,-0.03903930261731148,0.0,0.0,0.0,0.0,0.0,0.0,0.0,0.0,0.0,0.0,0.0,0.0,0.0,0.0,0.0,0.0,0.0,0.0,0.0,0.0,0.0,0.0,0.0,0.0,0.0,0.0,0.0,0.0,0.0,0.0,0.0,0.0,0.0,0.0,0.0,0.0,0.0,0.0,0.0,0.0,0.0,0.0,0.0,0.0,0.0,0.0,0.0,0.0,0.0,0.0,0.0,0.0,0.0,0.0,0.0,0.0,0.0,0.0,0.0,0.0,0.0,0.0,0.0,I
0.38358598947525024,0.6739166975021362,-3.863736992570921e-07,0.44747161865234375,0.6761247515678406,-0.016051894053816795,0.5099754929542542,0.6516743302345276,-0.025598350912332535,0.5450754165649414,0.6068204641342163,-0.03693285584449768,0.5335252285003662,0.5576007962226868,-0.045425962656736374,0.498495489358902,0.5362939238548279,-0.00506315054371953,0.5293560028076172,0.5001620054244995,-0.029849862679839134,0.5127929449081421,0.5478626489639282,-0.0456324964761734,0.4936520457267761,0.59023118019104,-0.049792319536209106,0.47143644094467163,0.5114384889602661,-0.00809820182621479,0.5042256116867065,0.47696757316589355,-0.0379035584628582,0.4884098172187805,0.5373985767364502,-0.05312451347708702,0.46955424547195435,0.586590051651001,-0.05576260760426521,0.43847253918647766,0.48867732286453247,-0.01500545535236597,0.47186389565467834,0.43615958094596863,-0.04076400026679039,0.46751418709754944,0.4932635426521301,-0.048203133046627045,0.4554305076599121,0.5454921722412109,-0.04542745649814606,0.4022160768508911,0.4717821776866913,-0.023224493488669395,0.40799540281295776,0.388788104057312,-0.03565654158592224,0.4131559431552887,0.33864694833755493,-0.042252067476511,0.4183546006679535,0.2963488698005676,-0.0445379801094532,0.0,0.0,0.0,0.0,0.0,0.0,0.0,0.0,0.0,0.0,0.0,0.0,0.0,0.0,0.0,0.0,0.0,0.0,0.0,0.0,0.0,0.0,0.0,0.0,0.0,0.0,0.0,0.0,0.0,0.0,0.0,0.0,0.0,0.0,0.0,0.0,0.0,0.0,0.0,0.0,0.0,0.0,0.0,0.0,0.0,0.0,0.0,0.0,0.0,0.0,0.0,0.0,0.0,0.0,0.0,0.0,0.0,0.0,0.0,0.0,0.0,0.0,0.0,I
0.3778778910636902,0.6764121055603027,-4.172127034962614e-07,0.4413989782333374,0.680888831615448,-0.016684653237462044,0.5044553875923157,0.655194103717804,-0.026078930124640465,0.5397654175758362,0.609769880771637,-0.03677643463015556,0.5290932655334473,0.563444197177887,-0.044227927923202515,0.4984537959098816,0.5382753610610962,-0.01010705903172493,0.5283344984054565,0.4995723068714142,-0.03551716357469559,0.5093910694122314,0.5491184592247009,-0.049981504678726196,0.4906877875328064,0.5939961671829224,-0.053215570747852325,0.46920058131217957,0.5126354098320007,-0.012737546116113663,0.5005172491073608,0.4777020514011383,-0.04437761381268501,0.4827355742454529,0.5419557690620422,-0.05831768736243248,0.4645560383796692,0.5925923585891724,-0.059714823961257935,0.4340323507785797,0.4900301694869995,-0.019047075882554054,0.4646480083465576,0.4363551735877991,-0.04592164233326912,0.45966842770576477,0.4967815577983856,-0.05298488587141037,0.4493732452392578,0.5502018332481384,-0.04997946694493294,0.3959507346153259,0.47429120540618896,-0.026655275374650955,0.3993113934993744,0.39093995094299316,-0.039843518286943436,0.4031943082809448,0.34099751710891724,-0.04730357974767685,0.4084453284740448,0.2982138395309448,-0.050317101180553436,0.0,0.0,0.0,0.0,0.0,0.0,0.0,0.0,0.0,0.0,0.0,0.0,0.0,0.0,0.0,0.0,0.0,0.0,0.0,0.0,0.0,0.0,0.0,0.0,0.0,0.0,0.0,0.0,0.0,0.0,0.0,0.0,0.0,0.0,0.0,0.0,0.0,0.0,0.0,0.0,0.0,0.0,0.0,0.0,0.0,0.0,0.0,0.0,0.0,0.0,0.0,0.0,0.0,0.0,0.0,0.0,0.0,0.0,0.0,0.0,0.0,0.0,0.0,I
0.38867658376693726,0.673142671585083,-4.3876823951904953e-07,0.45086824893951416,0.6784554719924927,-0.021037936210632324,0.5140394568443298,0.6562135219573975,-0.033854011446237564,0.5457961559295654,0.6072399616241455,-0.047201044857501984,0.5256631970405579,0.5657336711883545,-0.05693761259317398,0.5122084021568298,0.5338000655174255,-0.015291392803192139,0.5360820889472961,0.495475709438324,-0.04258570075035095,0.511223316192627,0.5459316968917847,-0.05783883109688759,0.49117690324783325,0.5910313129425049,-0.061750639230012894,0.4794217348098755,0.506589949131012,-0.01654095947742462,0.5043472647666931,0.4725271463394165,-0.04863627627491951,0.481342613697052,0.5372081398963928,-0.06110847741365433,0.46275755763053894,0.5872248411178589,-0.06174198538064957,0.44162416458129883,0.48466071486473083,-0.021833613514900208,0.46719565987586975,0.42644667625427246,-0.04870699346065521,0.46032577753067017,0.4861387014389038,-0.05420435220003128,0.4514613449573517,0.5417032837867737,-0.0504571869969368,0.40246501564979553,0.4719589054584503,-0.02885858528316021,0.40402206778526306,0.38925695419311523,-0.04158374294638634,0.4046582281589508,0.33933770656585693,-0.048306480050086975,0.40774697065353394,0.29646939039230347,-0.050911836326122284,0.0,0.0,0.0,0.0,0.0,0.0,0.0,0.0,0.0,0.0,0.0,0.0,0.0,0.0,0.0,0.0,0.0,0.0,0.0,0.0,0.0,0.0,0.0,0.0,0.0,0.0,0.0,0.0,0.0,0.0,0.0,0.0,0.0,0.0,0.0,0.0,0.0,0.0,0.0,0.0,0.0,0.0,0.0,0.0,0.0,0.0,0.0,0.0,0.0,0.0,0.0,0.0,0.0,0.0,0.0,0.0,0.0,0.0,0.0,0.0,0.0,0.0,0.0,I
0.37916186451911926,0.6608971953392029,-4.024118140932842e-07,0.4239155948162079,0.6740581393241882,-0.029121289029717445,0.4727146625518799,0.6588204503059387,-0.04732240363955498,0.49261051416397095,0.6152768135070801,-0.06472012400627136,0.47376376390457153,0.5715120434761047,-0.07731135934591293,0.490233451128006,0.5368499159812927,-0.025468772277235985,0.5043485164642334,0.4941504895687103,-0.058004509657621384,0.4852548837661743,0.5356254577636719,-0.07490834593772888,0.4708920121192932,0.5755636096000671,-0.0797390341758728,0.4574015736579895,0.5046062469482422,-0.0226824302226305,0.4676227569580078,0.47475048899650574,-0.06032933294773102,0.44470202922821045,0.5430164933204651,-0.0719527006149292,0.4331558346748352,0.5880734920501709,-0.07104434072971344,0.4238416254520416,0.4806830585002899,-0.02499959245324135,0.4376157522201538,0.42164820432662964,-0.056328993290662766,0.4279465079307556,0.4732511043548584,-0.05969030782580376,0.42113807797431946,0.521205484867096,-0.05351437255740166,0.3901737630367279,0.46978169679641724,-0.029871564358472824,0.39139994978904724,0.3905841112136841,-0.0478626973927021,0.388094961643219,0.3372444212436676,-0.055984385311603546,0.38845983147621155,0.2911090850830078,-0.05802157148718834,0.0,0.0,0.0,0.0,0.0,0.0,0.0,0.0,0.0,0.0,0.0,0.0,0.0,0.0,0.0,0.0,0.0,0.0,0.0,0.0,0.0,0.0,0.0,0.0,0.0,0.0,0.0,0.0,0.0,0.0,0.0,0.0,0.0,0.0,0.0,0.0,0.0,0.0,0.0,0.0,0.0,0.0,0.0,0.0,0.0,0.0,0.0,0.0,0.0,0.0,0.0,0.0,0.0,0.0,0.0,0.0,0.0,0.0,0.0,0.0,0.0,0.0,0.0,I
0.3715604841709137,0.6653633713722229,-4.4785005570702197e-07,0.43059679865837097,0.6746496558189392,-0.02124500460922718,0.4924561679363251,0.6532979011535645,-0.033561743795871735,0.5285018086433411,0.6088763475418091,-0.046073269098997116,0.5121281147003174,0.5703508257865906,-0.05453326180577278,0.4942399859428406,0.5315605401992798,-0.015992598608136177,0.5169764757156372,0.4921003580093384,-0.04393245279788971,0.49277353286743164,0.5389060378074646,-0.05969908833503723,0.47103679180145264,0.5819380879402161,-0.06388433277606964,0.4613609313964844,0.5018734335899353,-0.016388876363635063,0.4841408133506775,0.4707663655281067,-0.04921267554163933,0.46386459469795227,0.5347023010253906,-0.06187007948756218,0.44716209173202515,0.5818318128585815,-0.0625896155834198,0.42500039935112,0.4785195291042328,-0.020830117166042328,0.45100122690200806,0.4228757619857788,-0.04871707037091255,0.44449716806411743,0.48025333881378174,-0.054015520960092545,0.4348224401473999,0.5325148701667786,-0.049942731857299805,0.38861769437789917,0.46514052152633667,-0.026951156556606293,0.38989633321762085,0.38433778285980225,-0.041492100805044174,0.3890613913536072,0.3335018455982208,-0.04878098517656326,0.3909563720226288,0.287431538105011,-0.051194507628679276,0.0,0.0,0.0,0.0,0.0,0.0,0.0,0.0,0.0,0.0,0.0,0.0,0.0,0.0,0.0,0.0,0.0,0.0,0.0,0.0,0.0,0.0,0.0,0.0,0.0,0.0,0.0,0.0,0.0,0.0,0.0,0.0,0.0,0.0,0.0,0.0,0.0,0.0,0.0,0.0,0.0,0.0,0.0,0.0,0.0,0.0,0.0,0.0,0.0,0.0,0.0,0.0,0.0,0.0,0.0,0.0,0.0,0.0,0.0,0.0,0.0,0.0,0.0,I
0.4030913710594177,0.6208457350730896,-3.015337597389589e-07,0.44434240460395813,0.6071649789810181,-0.001905730227008462,0.4715190529823303,0.5809105038642883,-0.002090936293825507,0.4855591952800751,0.5515722632408142,-0.005834221374243498,0.482891708612442,0.5217386484146118,-0.007865481078624725,0.4462200999259949,0.5116645097732544,0.014441524632275105,0.46359020471572876,0.4849921762943268,0.0031502938363701105,0.4657418429851532,0.5152475833892822,-0.005685737356543541,0.4591832160949707,0.5437019467353821,-0.006795389112085104,0.4342460036277771,0.4980612099170685,0.009730388410389423,0.45491841435432434,0.46858954429626465,-0.005380577873438597,0.456642210483551,0.5059658288955688,-0.015736060217022896,0.4485897719860077,0.5389379262924194,-0.01721356436610222,0.4194544553756714,0.48387762904167175,0.0025766731705516577,0.44106587767601013,0.45147863030433655,-0.013227839954197407,0.4460909962654114,0.48990437388420105,-0.019026517868041992,0.43965575098991394,0.5250325202941895,-0.016038043424487114,0.40165936946868896,0.4721001386642456,-0.0045729102566838264,0.40431132912635803,0.41351425647735596,-0.010340350680053234,0.41125285625457764,0.3782745897769928,-0.011949403211474419,0.4180401861667633,0.35007044672966003,-0.010733699426054955,0.0,0.0,0.0,0.0,0.0,0.0,0.0,0.0,0.0,0.0,0.0,0.0,0.0,0.0,0.0,0.0,0.0,0.0,0.0,0.0,0.0,0.0,0.0,0.0,0.0,0.0,0.0,0.0,0.0,0.0,0.0,0.0,0.0,0.0,0.0,0.0,0.0,0.0,0.0,0.0,0.0,0.0,0.0,0.0,0.0,0.0,0.0,0.0,0.0,0.0,0.0,0.0,0.0,0.0,0.0,0.0,0.0,0.0,0.0,0.0,0.0,0.0,0.0,I
0.3864902853965759,0.610139787197113,-2.979675741698884e-07,0.4226895868778229,0.6021799445152283,-0.003182540647685528,0.4480031430721283,0.5737562775611877,-0.004295973107218742,0.4612651467323303,0.5450548529624939,-0.007640534546226263,0.457183837890625,0.5194816589355469,-0.009612430818378925,0.4255310893058777,0.5135229229927063,0.005433583166450262,0.44031649827957153,0.49188369512557983,-0.005103324539959431,0.4427328407764435,0.5212502479553223,-0.012823804281651974,0.4383094310760498,0.5480331182479858,-0.014248335734009743,0.41187283396720886,0.5015628933906555,0.0018182577332481742,0.4300154149532318,0.475259393453598,-0.012156317941844463,0.4319818615913391,0.513037383556366,-0.02015068754553795,0.42538928985595703,0.54488605260849,-0.021008631214499474,0.39566391706466675,0.49018657207489014,-0.0034996133763343096,0.4152621328830719,0.45451709628105164,-0.017422067001461983,0.42031925916671753,0.49014535546302795,-0.020759940147399902,0.41503915190696716,0.5236512422561646,-0.017577355727553368,0.37724754214286804,0.4820980727672577,-0.008894995786249638,0.3768545985221863,0.4268360137939453,-0.015350373461842537,0.38262060284614563,0.3928835391998291,-0.017327915877103806,0.38865911960601807,0.3655620515346527,-0.016894128173589706,0.0,0.0,0.0,0.0,0.0,0.0,0.0,0.0,0.0,0.0,0.0,0.0,0.0,0.0,0.0,0.0,0.0,0.0,0.0,0.0,0.0,0.0,0.0,0.0,0.0,0.0,0.0,0.0,0.0,0.0,0.0,0.0,0.0,0.0,0.0,0.0,0.0,0.0,0.0,0.0,0.0,0.0,0.0,0.0,0.0,0.0,0.0,0.0,0.0,0.0,0.0,0.0,0.0,0.0,0.0,0.0,0.0,0.0,0.0,0.0,0.0,0.0,0.0,I
0.3846145570278168,0.6125654578208923,-2.867679143037094e-07,0.4209011197090149,0.601272463798523,-0.0014982681022956967,0.44554638862609863,0.5764253735542297,-0.0031636101193726063,0.4581815004348755,0.5505545139312744,-0.007708630990236998,0.4546447992324829,0.5256333351135254,-0.011183430440723896,0.42560428380966187,0.5203016400337219,0.0073974644765257835,0.44022637605667114,0.5024170875549316,-0.004680537153035402,0.44076573848724365,0.528643786907196,-0.014123661443591118,0.4343392252922058,0.5565101504325867,-0.016280628740787506,0.4121592044830322,0.5082460045814514,0.002500932663679123,0.42944714426994324,0.4854714870452881,-0.011447190307080746,0.4301376938819885,0.5195766091346741,-0.020246630534529686,0.42273980379104614,0.5520514845848083,-0.021981604397296906,0.3960421085357666,0.49675431847572327,-0.004145536571741104,0.4136924147605896,0.4634281098842621,-0.01646786369383335,0.4176197052001953,0.4962131083011627,-0.0193181149661541,0.41254922747612,0.5291413068771362,-0.01651761122047901,0.37715432047843933,0.4895099103450775,-0.010977719910442829,0.37558868527412415,0.43835100531578064,-0.015080408193171024,0.38032642006874084,0.40794509649276733,-0.015118282288312912,0.38579121232032776,0.38442304730415344,-0.01368491817265749,0.0,0.0,0.0,0.0,0.0,0.0,0.0,0.0,0.0,0.0,0.0,0.0,0.0,0.0,0.0,0.0,0.0,0.0,0.0,0.0,0.0,0.0,0.0,0.0,0.0,0.0,0.0,0.0,0.0,0.0,0.0,0.0,0.0,0.0,0.0,0.0,0.0,0.0,0.0,0.0,0.0,0.0,0.0,0.0,0.0,0.0,0.0,0.0,0.0,0.0,0.0,0.0,0.0,0.0,0.0,0.0,0.0,0.0,0.0,0.0,0.0,0.0,0.0,I
0.3755035996437073,0.6168487071990967,-1.984774087304686e-07,0.4115736782550812,0.6095443964004517,-0.0062710437923669815,0.44019150733947754,0.5889720320701599,-0.009980929084122181,0.4566461443901062,0.5634865164756775,-0.015431491658091545,0.4525150954723358,0.5378408432006836,-0.019656013697385788,0.4207279086112976,0.5307896733283997,0.0022896812297403812,0.4365319311618805,0.5076714158058167,-0.010536406189203262,0.43811166286468506,0.5326571464538574,-0.019969530403614044,0.43370530009269714,0.5580928921699524,-0.022653616964817047,0.4067787826061249,0.5188677310943604,-0.0006191484280861914,0.4247463643550873,0.4959030747413635,-0.01588345691561699,0.4271257519721985,0.5285566449165344,-0.025352206081151962,0.42190244793891907,0.5572976469993591,-0.02776321955025196,0.38958239555358887,0.5087993144989014,-0.005659130401909351,0.40809500217437744,0.47544464468955994,-0.020079355686903,0.4129001200199127,0.5062732100486755,-0.024670228362083435,0.4088170826435089,0.5367085933685303,-0.023195361718535423,0.37016212940216064,0.5027905702590942,-0.011202085763216019,0.36524397134780884,0.45375174283981323,-0.01834091730415821,0.3671737611293793,0.42419275641441345,-0.02144460752606392,0.36987072229385376,0.4007338285446167,-0.022185688838362694,0.0,0.0,0.0,0.0,0.0,0.0,0.0,0.0,0.0,0.0,0.0,0.0,0.0,0.0,0.0,0.0,0.0,0.0,0.0,0.0,0.0,0.0,0.0,0.0,0.0,0.0,0.0,0.0,0.0,0.0,0.0,0.0,0.0,0.0,0.0,0.0,0.0,0.0,0.0,0.0,0.0,0.0,0.0,0.0,0.0,0.0,0.0,0.0,0.0,0.0,0.0,0.0,0.0,0.0,0.0,0.0,0.0,0.0,0.0,0.0,0.0,0.0,0.0,I
0.3673096299171448,0.618144690990448,-2.2921291531474708e-07,0.40773969888687134,0.6118902564048767,-0.006461931858211756,0.44253501296043396,0.5869941711425781,-0.009861174039542675,0.458190381526947,0.5553069114685059,-0.014823060482740402,0.44589918851852417,0.5377477407455444,-0.01880486309528351,0.4251115918159485,0.5261123776435852,-0.0012722822139039636,0.44026899337768555,0.49767500162124634,-0.014241961762309074,0.43643951416015625,0.5245980620384216,-0.022899214178323746,0.4285300076007843,0.5515773892402649,-0.025294655933976173,0.40604543685913086,0.5132375359535217,-0.004331549163907766,0.42237892746925354,0.48323899507522583,-0.020305292680859566,0.41954758763313293,0.518048107624054,-0.02894369326531887,0.41102105379104614,0.5493582487106323,-0.03065708838403225,0.3844723105430603,0.5040187239646912,-0.009205571375787258,0.4003785252571106,0.46445566415786743,-0.022942079231142998,0.4024899899959564,0.4979041516780853,-0.02742450311779976,0.39834678173065186,0.530788779258728,-0.026369040831923485,0.36203524470329285,0.49990248680114746,-0.014648787677288055,0.3574765920639038,0.44910091161727905,-0.02097259648144245,0.35768815875053406,0.41909950971603394,-0.024782055988907814,0.35840389132499695,0.394065260887146,-0.026635758578777313,0.0,0.0,0.0,0.0,0.0,0.0,0.0,0.0,0.0,0.0,0.0,0.0,0.0,0.0,0.0,0.0,0.0,0.0,0.0,0.0,0.0,0.0,0.0,0.0,0.0,0.0,0.0,0.0,0.0,0.0,0.0,0.0,0.0,0.0,0.0,0.0,0.0,0.0,0.0,0.0,0.0,0.0,0.0,0.0,0.0,0.0,0.0,0.0,0.0,0.0,0.0,0.0,0.0,0.0,0.0,0.0,0.0,0.0,0.0,0.0,0.0,0.0,0.0,I
0.35928744077682495,0.610939085483551,-2.2448941194852523e-07,0.3973526954650879,0.6032789945602417,-0.013743463903665543,0.4334461987018585,0.5808497071266174,-0.021272188052535057,0.44785869121551514,0.5457828044891357,-0.028685113415122032,0.4330604672431946,0.5205484628677368,-0.03428025543689728,0.42105522751808167,0.5136994123458862,-0.008936162106692791,0.43189916014671326,0.4811970293521881,-0.02488729916512966,0.4255656599998474,0.5075036883354187,-0.03488295525312424,0.4190943241119385,0.5344705581665039,-0.038317885249853134,0.40004852414131165,0.500660240650177,-0.00892774760723114,0.4111383259296417,0.4688647389411926,-0.02741212770342827,0.4052312672138214,0.5052931308746338,-0.03622710704803467,0.39902323484420776,0.5348204374313354,-0.03820890560746193,0.37691158056259155,0.4929015040397644,-0.011369879357516766,0.3876960873603821,0.4503306448459625,-0.027924949303269386,0.38726890087127686,0.48165592551231384,-0.03170290216803551,0.38463833928108215,0.5131171941757202,-0.03013903833925724,0.3527641296386719,0.4909089207649231,-0.014895972795784473,0.34658870100975037,0.4398416578769684,-0.024469053372740746,0.34372401237487793,0.40644681453704834,-0.029347922652959824,0.3427409529685974,0.3771507143974304,-0.03149235621094704,0.0,0.0,0.0,0.0,0.0,0.0,0.0,0.0,0.0,0.0,0.0,0.0,0.0,0.0,0.0,0.0,0.0,0.0,0.0,0.0,0.0,0.0,0.0,0.0,0.0,0.0,0.0,0.0,0.0,0.0,0.0,0.0,0.0,0.0,0.0,0.0,0.0,0.0,0.0,0.0,0.0,0.0,0.0,0.0,0.0,0.0,0.0,0.0,0.0,0.0,0.0,0.0,0.0,0.0,0.0,0.0,0.0,0.0,0.0,0.0,0.0,0.0,0.0,I
0.3528207242488861,0.6078929901123047,-2.4886426785997173e-07,0.39172297716140747,0.6067689061164856,-0.012445149011909962,0.4302239418029785,0.5826055407524109,-0.017928119748830795,0.4422571063041687,0.5448310375213623,-0.0234412532299757,0.42550623416900635,0.5233725309371948,-0.027017071843147278,0.4221138656139374,0.5089001655578613,-0.005730795674026012,0.43381866812705994,0.47122877836227417,-0.02197154238820076,0.4277232885360718,0.49160629510879517,-0.03182080760598183,0.42142054438591003,0.5178430676460266,-0.035015400499105453,0.3993796706199646,0.494411438703537,-0.006081321742385626,0.41061434149742126,0.46166926622390747,-0.027034126222133636,0.4021276831626892,0.5036075115203857,-0.0365348719060421,0.3946174085140228,0.5378493070602417,-0.037848249077796936,0.375392884016037,0.4847412109375,-0.00900439266115427,0.3849557936191559,0.43868544697761536,-0.027518827468156815,0.38415685296058655,0.4720865488052368,-0.03251304849982262,0.3822816014289856,0.5053173303604126,-0.030871139839291573,0.351179301738739,0.4813682436943054,-0.01284852810204029,0.34709471464157104,0.42691630125045776,-0.022901346907019615,0.34443044662475586,0.39209413528442383,-0.028400147333741188,0.343940794467926,0.3614366054534912,-0.030799513682723045,0.0,0.0,0.0,0.0,0.0,0.0,0.0,0.0,0.0,0.0,0.0,0.0,0.0,0.0,0.0,0.0,0.0,0.0,0.0,0.0,0.0,0.0,0.0,0.0,0.0,0.0,0.0,0.0,0.0,0.0,0.0,0.0,0.0,0.0,0.0,0.0,0.0,0.0,0.0,0.0,0.0,0.0,0.0,0.0,0.0,0.0,0.0,0.0,0.0,0.0,0.0,0.0,0.0,0.0,0.0,0.0,0.0,0.0,0.0,0.0,0.0,0.0,0.0,I
0.34530994296073914,0.6077620387077332,-2.728264689721982e-07,0.38298189640045166,0.609184205532074,-0.02125702239573002,0.42020151019096375,0.5837835073471069,-0.03192141279578209,0.4272807836532593,0.5385066270828247,-0.04162329435348511,0.4072704613208771,0.5111482739448547,-0.04807509854435921,0.42120689153671265,0.502743124961853,-0.013239187188446522,0.42827218770980835,0.46594172716140747,-0.03483171761035919,0.41734370589256287,0.4984540343284607,-0.04689108580350876,0.4106175899505615,0.5299054384231567,-0.05069926008582115,0.39595359563827515,0.48388156294822693,-0.010656152851879597,0.40088558197021484,0.45138102769851685,-0.03745707497000694,0.3893638253211975,0.5020522475242615,-0.047146160155534744,0.3825787901878357,0.537994384765625,-0.04670446738600731,0.37074509263038635,0.47280755639076233,-0.011813509277999401,0.37821632623672485,0.4255075454711914,-0.03576209396123886,0.3734159469604492,0.4664666950702667,-0.039431095123291016,0.36966672539711,0.5046718716621399,-0.03460385277867317,0.34556615352630615,0.4708162546157837,-0.014665857888758183,0.3449036180973053,0.41469937562942505,-0.0285487063229084,0.3423016667366028,0.3762025237083435,-0.0351007878780365,0.34112459421157837,0.3424246609210968,-0.03659675270318985,0.0,0.0,0.0,0.0,0.0,0.0,0.0,0.0,0.0,0.0,0.0,0.0,0.0,0.0,0.0,0.0,0.0,0.0,0.0,0.0,0.0,0.0,0.0,0.0,0.0,0.0,0.0,0.0,0.0,0.0,0.0,0.0,0.0,0.0,0.0,0.0,0.0,0.0,0.0,0.0,0.0,0.0,0.0,0.0,0.0,0.0,0.0,0.0,0.0,0.0,0.0,0.0,0.0,0.0,0.0,0.0,0.0,0.0,0.0,0.0,0.0,0.0,0.0,I
0.3449159264564514,0.604590892791748,-3.037836506791791e-07,0.3799539804458618,0.6083542108535767,-0.025459405034780502,0.4165378212928772,0.5855159759521484,-0.03979119658470154,0.42744317650794983,0.5416712760925293,-0.05324303358793259,0.4095938503742218,0.509574830532074,-0.0626402273774147,0.4286189675331116,0.4987289607524872,-0.01767507568001747,0.43651169538497925,0.46174356341362,-0.04332926496863365,0.42300882935523987,0.494218647480011,-0.056744761765003204,0.4142957031726837,0.5262855291366577,-0.06028921157121658,0.40387481451034546,0.4759364128112793,-0.0146267618983984,0.4078429341316223,0.4443187415599823,-0.045985572040081024,0.3926432728767395,0.49722546339035034,-0.056082312017679214,0.3851805031299591,0.5344274044036865,-0.05451905354857445,0.37947878241539,0.4601469337940216,-0.015962250530719757,0.38799989223480225,0.4120628237724304,-0.042547695338726044,0.3795161545276642,0.4570186734199524,-0.04514254257082939,0.3735286295413971,0.4985693693161011,-0.03861333057284355,0.355918824672699,0.45359522104263306,-0.019559934735298157,0.35618075728416443,0.396470308303833,-0.0333799347281456,0.35434356331825256,0.3589262366294861,-0.038804955780506134,0.3549160659313202,0.32669737935066223,-0.039031121879816055,0.0,0.0,0.0,0.0,0.0,0.0,0.0,0.0,0.0,0.0,0.0,0.0,0.0,0.0,0.0,0.0,0.0,0.0,0.0,0.0,0.0,0.0,0.0,0.0,0.0,0.0,0.0,0.0,0.0,0.0,0.0,0.0,0.0,0.0,0.0,0.0,0.0,0.0,0.0,0.0,0.0,0.0,0.0,0.0,0.0,0.0,0.0,0.0,0.0,0.0,0.0,0.0,0.0,0.0,0.0,0.0,0.0,0.0,0.0,0.0,0.0,0.0,0.0,I
0.3544730544090271,0.5901359915733337,-3.7228977589620627e-07,0.3850914239883423,0.5974559783935547,-0.030711809173226357,0.4128875136375427,0.5758720636367798,-0.04726323112845421,0.41107237339019775,0.5252987146377563,-0.06109772250056267,0.40064001083374023,0.48183250427246094,-0.06929923593997955,0.4556930363178253,0.4957883656024933,-0.026033848524093628,0.44349855184555054,0.4593958854675293,-0.05346832796931267,0.420317143201828,0.4966983199119568,-0.06776974350214005,0.41420629620552063,0.5255529880523682,-0.07308144867420197,0.4289951026439667,0.4600431025028229,-0.02145068347454071,0.42333170771598816,0.42601948976516724,-0.05478180572390556,0.3987565338611603,0.4765726625919342,-0.0657651498913765,0.39085128903388977,0.5087857246398926,-0.06571315973997116,0.4013157784938812,0.4355040490627289,-0.02125701867043972,0.40323606133461,0.38547858595848083,-0.051880523562431335,0.38567376136779785,0.4291056990623474,-0.05519343912601471,0.3776862919330597,0.4667949974536896,-0.04918808490037918,0.37356314063072205,0.4230594038963318,-0.023343516513705254,0.3742876648902893,0.3628118336200714,-0.04201776161789894,0.36962780356407166,0.3241293430328369,-0.04866381362080574,0.37038689851760864,0.29050853848457336,-0.0489555187523365,0.0,0.0,0.0,0.0,0.0,0.0,0.0,0.0,0.0,0.0,0.0,0.0,0.0,0.0,0.0,0.0,0.0,0.0,0.0,0.0,0.0,0.0,0.0,0.0,0.0,0.0,0.0,0.0,0.0,0.0,0.0,0.0,0.0,0.0,0.0,0.0,0.0,0.0,0.0,0.0,0.0,0.0,0.0,0.0,0.0,0.0,0.0,0.0,0.0,0.0,0.0,0.0,0.0,0.0,0.0,0.0,0.0,0.0,0.0,0.0,0.0,0.0,0.0,I
0.3584274649620056,0.5763652324676514,-3.133578729830333e-07,0.3771566152572632,0.5905408263206482,-0.04103657975792885,0.3980277478694916,0.5805275440216064,-0.0626150444149971,0.38857242465019226,0.5405925512313843,-0.08017478883266449,0.37330082058906555,0.507500410079956,-0.09140358120203018,0.4522709250450134,0.47830164432525635,-0.03684315085411072,0.4194130599498749,0.4352101683616638,-0.06770110130310059,0.3945225477218628,0.47107160091400146,-0.08272363990545273,0.3939705491065979,0.49679458141326904,-0.08810237795114517,0.42783114314079285,0.4404214024543762,-0.02895132265985012,0.3994659185409546,0.40400367975234985,-0.06518068164587021,0.37407737970352173,0.44966232776641846,-0.07615890353918076,0.3747830390930176,0.4755550026893616,-0.07589136809110641,0.4014036953449249,0.4169353246688843,-0.026488611474633217,0.3828657567501068,0.3759878873825073,-0.061609622091054916,0.3637222647666931,0.41295838356018066,-0.06590665876865387,0.3634021282196045,0.4412856996059418,-0.059244923293590546,0.37586677074432373,0.4032456874847412,-0.02719317190349102,0.36779242753982544,0.3407716155052185,-0.04755493625998497,0.3560227155685425,0.3022400736808777,-0.053222883492708206,0.35254770517349243,0.2716044783592224,-0.0518554151058197,0.0,0.0,0.0,0.0,0.0,0.0,0.0,0.0,0.0,0.0,0.0,0.0,0.0,0.0,0.0,0.0,0.0,0.0,0.0,0.0,0.0,0.0,0.0,0.0,0.0,0.0,0.0,0.0,0.0,0.0,0.0,0.0,0.0,0.0,0.0,0.0,0.0,0.0,0.0,0.0,0.0,0.0,0.0,0.0,0.0,0.0,0.0,0.0,0.0,0.0,0.0,0.0,0.0,0.0,0.0,0.0,0.0,0.0,0.0,0.0,0.0,0.0,0.0,I
0.3589036166667938,0.5815280675888062,-3.4322277997489437e-07,0.3865220248699188,0.5943799018859863,-0.03468753769993782,0.4162328243255615,0.5809245705604553,-0.05289696902036667,0.40898334980010986,0.5440526604652405,-0.06798545271158218,0.3975813686847687,0.5162491202354431,-0.07778748869895935,0.4597123861312866,0.4736554026603699,-0.029956890270113945,0.4396898150444031,0.438564658164978,-0.05833294615149498,0.4137054681777954,0.46835750341415405,-0.07515405118465424,0.40288764238357544,0.4974025785923004,-0.08242044597864151,0.4281782805919647,0.4366404414176941,-0.02423343062400818,0.41329044103622437,0.40594327449798584,-0.058144811540842056,0.3891880214214325,0.45037564635276794,-0.07184150069952011,0.3804927468299866,0.48380568623542786,-0.07426495105028152,0.3972122371196747,0.41286417841911316,-0.023300940170884132,0.3907769024372101,0.36802569031715393,-0.05450867861509323,0.3749161660671234,0.40295442938804626,-0.06211567297577858,0.36863473057746887,0.4371442496776581,-0.05934341996908188,0.3673080503940582,0.40170830488204956,-0.025073697790503502,0.36396387219429016,0.3383057713508606,-0.044684555381536484,0.35301366448402405,0.2988278865814209,-0.05307530239224434,0.3470192849636078,0.2654471695423126,-0.05476939678192139,0.0,0.0,0.0,0.0,0.0,0.0,0.0,0.0,0.0,0.0,0.0,0.0,0.0,0.0,0.0,0.0,0.0,0.0,0.0,0.0,0.0,0.0,0.0,0.0,0.0,0.0,0.0,0.0,0.0,0.0,0.0,0.0,0.0,0.0,0.0,0.0,0.0,0.0,0.0,0.0,0.0,0.0,0.0,0.0,0.0,0.0,0.0,0.0,0.0,0.0,0.0,0.0,0.0,0.0,0.0,0.0,0.0,0.0,0.0,0.0,0.0,0.0,0.0,I
0.3729749917984009,0.5889879465103149,-3.534299821694731e-07,0.4186265468597412,0.5928034782409668,-0.021702440455555916,0.4664364457130432,0.5683714151382446,-0.03399436175823212,0.4841901659965515,0.5223953127861023,-0.046273961663246155,0.4634901285171509,0.4889630377292633,-0.05486508831381798,0.4682200849056244,0.4662882089614868,-0.012991489842534065,0.4839231073856354,0.42503541707992554,-0.037978433072566986,0.4697911739349365,0.46107766032218933,-0.0519721619784832,0.4570831060409546,0.4981422424316406,-0.05582413077354431,0.4396328926086426,0.4427843391895294,-0.011527415364980698,0.45085105299949646,0.4097231924533844,-0.04092179983854294,0.43358314037323,0.4676256775856018,-0.05108378827571869,0.4216196537017822,0.5089700222015381,-0.05036477372050285,0.4102754294872284,0.4264147877693176,-0.014247719198465347,0.4241056442260742,0.3700803518295288,-0.039410918951034546,0.41621631383895874,0.4172334671020508,-0.04196915403008461,0.408430278301239,0.4622114896774292,-0.036089278757572174,0.38075220584869385,0.4198600649833679,-0.01894761249423027,0.38148951530456543,0.3515436351299286,-0.03298642486333847,0.37987735867500305,0.3057745099067688,-0.0389646552503109,0.3806864619255066,0.2650056779384613,-0.03995485231280327,0.0,0.0,0.0,0.0,0.0,0.0,0.0,0.0,0.0,0.0,0.0,0.0,0.0,0.0,0.0,0.0,0.0,0.0,0.0,0.0,0.0,0.0,0.0,0.0,0.0,0.0,0.0,0.0,0.0,0.0,0.0,0.0,0.0,0.0,0.0,0.0,0.0,0.0,0.0,0.0,0.0,0.0,0.0,0.0,0.0,0.0,0.0,0.0,0.0,0.0,0.0,0.0,0.0,0.0,0.0,0.0,0.0,0.0,0.0,0.0,0.0,0.0,0.0,I
0.38167300820350647,0.5851758718490601,-3.4395603165648936e-07,0.4323717951774597,0.5894381403923035,-0.01794859953224659,0.4842430055141449,0.5687772035598755,-0.027670113369822502,0.510235071182251,0.5286234021186829,-0.03739996626973152,0.4931443929672241,0.4982924163341522,-0.04450654238462448,0.4778808355331421,0.4733831286430359,-0.012396685779094696,0.4926232099533081,0.4372110664844513,-0.034642115235328674,0.4766242206096649,0.47590160369873047,-0.04836227744817734,0.4622517228126526,0.5132547616958618,-0.05269768834114075,0.45079267024993896,0.4518779516220093,-0.012578371912240982,0.4682595729827881,0.41806212067604065,-0.03891824185848236,0.4530404210090637,0.46814244985580444,-0.05058935657143593,0.43905019760131836,0.5082701444625854,-0.052334994077682495,0.42083507776260376,0.4360683262348175,-0.01600770466029644,0.4405064880847931,0.38298705220222473,-0.039055876433849335,0.43447792530059814,0.42631420493125916,-0.043840035796165466,0.4261401295661926,0.4690951108932495,-0.04081660509109497,0.39023834466934204,0.4280270040035248,-0.020842282101511955,0.3901733458042145,0.3602387309074402,-0.03302612528204918,0.38967013359069824,0.31709739565849304,-0.038765858858823776,0.3913778066635132,0.2788013815879822,-0.04078079015016556,0.0,0.0,0.0,0.0,0.0,0.0,0.0,0.0,0.0,0.0,0.0,0.0,0.0,0.0,0.0,0.0,0.0,0.0,0.0,0.0,0.0,0.0,0.0,0.0,0.0,0.0,0.0,0.0,0.0,0.0,0.0,0.0,0.0,0.0,0.0,0.0,0.0,0.0,0.0,0.0,0.0,0.0,0.0,0.0,0.0,0.0,0.0,0.0,0.0,0.0,0.0,0.0,0.0,0.0,0.0,0.0,0.0,0.0,0.0,0.0,0.0,0.0,0.0,I
0.3870256841182709,0.5968235731124878,-3.101187928677973e-07,0.4401962459087372,0.5966761708259583,-0.012832405045628548,0.48909416794776917,0.576362669467926,-0.019826669245958328,0.5156542062759399,0.5397882461547852,-0.027965368703007698,0.5036948323249817,0.5061208605766296,-0.03411121293902397,0.47375795245170593,0.48561063408851624,-0.004603221081197262,0.4957181215286255,0.4545944333076477,-0.023780832067131996,0.4865987002849579,0.4927749037742615,-0.03639666363596916,0.4748607873916626,0.5260900259017944,-0.04017540067434311,0.451406329870224,0.46657830476760864,-0.006928711663931608,0.47318610548973083,0.4331958591938019,-0.030154114589095116,0.4658060371875763,0.4801630973815918,-0.042271144688129425,0.45332950353622437,0.5194172859191895,-0.04467057064175606,0.42544832825660706,0.4512012004852295,-0.01222945936024189,0.45010098814964294,0.4084598124027252,-0.033128801733255386,0.45079272985458374,0.45361119508743286,-0.03945691138505936,0.443077027797699,0.49654775857925415,-0.03758804872632027,0.3979869484901428,0.4415886104106903,-0.01855185069143772,0.4000851511955261,0.373966783285141,-0.02879400923848152,0.40514737367630005,0.3327859342098236,-0.03446822240948677,0.410372257232666,0.29900842905044556,-0.03682840242981911,0.0,0.0,0.0,0.0,0.0,0.0,0.0,0.0,0.0,0.0,0.0,0.0,0.0,0.0,0.0,0.0,0.0,0.0,0.0,0.0,0.0,0.0,0.0,0.0,0.0,0.0,0.0,0.0,0.0,0.0,0.0,0.0,0.0,0.0,0.0,0.0,0.0,0.0,0.0,0.0,0.0,0.0,0.0,0.0,0.0,0.0,0.0,0.0,0.0,0.0,0.0,0.0,0.0,0.0,0.0,0.0,0.0,0.0,0.0,0.0,0.0,0.0,0.0,I
0.4109742045402527,0.6094458103179932,-2.5642839318607e-07,0.4547666311264038,0.6093329191207886,-0.011458036489784718,0.49297377467155457,0.5850702524185181,-0.01742503233253956,0.5141569375991821,0.552980363368988,-0.02430933155119419,0.5094506740570068,0.5184344053268433,-0.029122494161128998,0.4735731780529022,0.5062931180000305,-0.004155031871050596,0.49303004145622253,0.47716888785362244,-0.021115830168128014,0.4916616976261139,0.5134828686714172,-0.0322103425860405,0.4849664866924286,0.5453453660011292,-0.035056352615356445,0.45440346002578735,0.48815861344337463,-0.005550665780901909,0.47577208280563354,0.4578091502189636,-0.025723623111844063,0.47619861364364624,0.5031182169914246,-0.035872239619493484,0.470365047454834,0.5399516224861145,-0.037367578595876694,0.43232497572898865,0.47386908531188965,-0.009601824916899204,0.4576813578605652,0.4365159571170807,-0.027930717915296555,0.4615187346935272,0.47751927375793457,-0.031930360943078995,0.45585376024246216,0.515672504901886,-0.02849724516272545,0.40843671560287476,0.46465760469436646,-0.01452680304646492,0.4134971797466278,0.40185415744781494,-0.023919284343719482,0.4218747615814209,0.36307865381240845,-0.02779124304652214,0.43045681715011597,0.33220258355140686,-0.02834733948111534,0.0,0.0,0.0,0.0,0.0,0.0,0.0,0.0,0.0,0.0,0.0,0.0,0.0,0.0,0.0,0.0,0.0,0.0,0.0,0.0,0.0,0.0,0.0,0.0,0.0,0.0,0.0,0.0,0.0,0.0,0.0,0.0,0.0,0.0,0.0,0.0,0.0,0.0,0.0,0.0,0.0,0.0,0.0,0.0,0.0,0.0,0.0,0.0,0.0,0.0,0.0,0.0,0.0,0.0,0.0,0.0,0.0,0.0,0.0,0.0,0.0,0.0,0.0,I
0.43044620752334595,0.6011970043182373,-1.7111257477608888e-07,0.46689894795417786,0.5741022825241089,0.005147113464772701,0.47332385182380676,0.5353214144706726,0.010272394865751266,0.4799084961414337,0.5122609734535217,0.01079508475959301,0.4835101366043091,0.48998668789863586,0.012294752523303032,0.4267430305480957,0.45895424485206604,0.021214202046394348,0.4441925287246704,0.409252405166626,0.016623787581920624,0.4554281234741211,0.38221314549446106,0.014848600141704082,0.4612574577331543,0.36455386877059937,0.015243970789015293,0.42102545499801636,0.45925718545913696,0.012776612304151058,0.46154966950416565,0.4301052987575531,-0.007999359630048275,0.47308725118637085,0.4695735275745392,-0.016326023265719414,0.4712655246257782,0.499618798494339,-0.014696185477077961,0.4213244915008545,0.45741304755210876,0.002871603472158313,0.45830705761909485,0.4272752106189728,-0.020536335185170174,0.46955379843711853,0.46550339460372925,-0.025246640667319298,0.4671939015388489,0.4948860704898834,-0.019639847800135612,0.42601820826530457,0.45426082611083984,-0.006341996137052774,0.43275314569473267,0.3975875973701477,-0.020796403288841248,0.4407576024532318,0.3639174699783325,-0.025616152212023735,0.4474581182003021,0.33539408445358276,-0.02554037608206272,0.0,0.0,0.0,0.0,0.0,0.0,0.0,0.0,0.0,0.0,0.0,0.0,0.0,0.0,0.0,0.0,0.0,0.0,0.0,0.0,0.0,0.0,0.0,0.0,0.0,0.0,0.0,0.0,0.0,0.0,0.0,0.0,0.0,0.0,0.0,0.0,0.0,0.0,0.0,0.0,0.0,0.0,0.0,0.0,0.0,0.0,0.0,0.0,0.0,0.0,0.0,0.0,0.0,0.0,0.0,0.0,0.0,0.0,0.0,0.0,0.0,0.0,0.0,I
0.4121344983577728,0.5883564352989197,-3.499053207178804e-07,0.4384835660457611,0.5536126494407654,0.014972003176808357,0.43987441062927246,0.5165182948112488,0.022949479520320892,0.4448787271976471,0.49351516366004944,0.025060538202524185,0.44991403818130493,0.4754754304885864,0.028453590348362923,0.3855289816856384,0.44852113723754883,0.028920432552695274,0.42474156618118286,0.41869261860847473,0.021761294454336166,0.44372662901878357,0.43911224603652954,0.013707265257835388,0.45076411962509155,0.4663299322128296,0.011718531139194965,0.38642820715904236,0.443312406539917,0.017731934785842896,0.4305916130542755,0.4193269908428192,0.011261160485446453,0.4465636909008026,0.44070643186569214,0.003980331588536501,0.45021432638168335,0.46082833409309387,0.0016404105117544532,0.396587610244751,0.44160589575767517,0.005546728614717722,0.43295300006866455,0.4029168486595154,-0.0007729054195806384,0.4483485221862793,0.41252657771110535,-0.004638673271983862,0.45313945412635803,0.4242486357688904,-0.003982398193329573,0.41183799505233765,0.4388393461704254,-0.005595378577709198,0.42548301815986633,0.3828916847705841,-0.007869549095630646,0.4335896074771881,0.34971290826797485,-0.007323284633457661,0.43929675221443176,0.32368481159210205,-0.005389021243900061,0.0,0.0,0.0,0.0,0.0,0.0,0.0,0.0,0.0,0.0,0.0,0.0,0.0,0.0,0.0,0.0,0.0,0.0,0.0,0.0,0.0,0.0,0.0,0.0,0.0,0.0,0.0,0.0,0.0,0.0,0.0,0.0,0.0,0.0,0.0,0.0,0.0,0.0,0.0,0.0,0.0,0.0,0.0,0.0,0.0,0.0,0.0,0.0,0.0,0.0,0.0,0.0,0.0,0.0,0.0,0.0,0.0,0.0,0.0,0.0,0.0,0.0,0.0,I
0.40326377749443054,0.5872413516044617,-3.9432407561434957e-07,0.37535360455513,0.545059084892273,0.016279000788927078,0.36063721776008606,0.5030038356781006,0.018528658896684647,0.36356526613235474,0.47232043743133545,0.01551370695233345,0.3743160665035248,0.45576712489128113,0.012245197780430317,0.3414784371852875,0.4617707431316376,0.015679381787776947,0.371962308883667,0.43831387162208557,0.014658345840871334,0.3840920329093933,0.4596070647239685,0.01177126169204712,0.3821244239807129,0.48402002453804016,0.01049444917589426,0.3579096794128418,0.4434473216533661,0.002011552220210433,0.3904576003551483,0.43249017000198364,0.002309107920154929,0.4007537066936493,0.45650553703308105,-0.002735759364441037,0.3977699875831604,0.4777114689350128,-0.006718509364873171,0.38224199414253235,0.4337382912635803,-0.009927133098244667,0.4089932143688202,0.4100642204284668,-0.011719739064574242,0.4204052686691284,0.4338306188583374,-0.010683199390769005,0.41929683089256287,0.45311179757118225,-0.009008185938000679,0.4109121263027191,0.4310128092765808,-0.020377615466713905,0.41745707392692566,0.37101656198501587,-0.01910778507590294,0.42432716488838196,0.3346547484397888,-0.01173924095928669,0.42806264758110046,0.30354398488998413,-0.005509538110345602,0.0,0.0,0.0,0.0,0.0,0.0,0.0,0.0,0.0,0.0,0.0,0.0,0.0,0.0,0.0,0.0,0.0,0.0,0.0,0.0,0.0,0.0,0.0,0.0,0.0,0.0,0.0,0.0,0.0,0.0,0.0,0.0,0.0,0.0,0.0,0.0,0.0,0.0,0.0,0.0,0.0,0.0,0.0,0.0,0.0,0.0,0.0,0.0,0.0,0.0,0.0,0.0,0.0,0.0,0.0,0.0,0.0,0.0,0.0,0.0,0.0,0.0,0.0,I
0.40238144993782043,0.5797731280326843,-2.2805549804161274e-07,0.3665768504142761,0.549164891242981,0.004636382218450308,0.3467997610569,0.5092030763626099,-9.263405809178948e-05,0.3526715338230133,0.4697994589805603,-0.006541666109114885,0.37001344561576843,0.4504886567592621,-0.011628963984549046,0.32649311423301697,0.4560098648071289,-0.005121819209307432,0.35353851318359375,0.4231414198875427,-0.009559594094753265,0.36601123213768005,0.44397422671318054,-0.013256659731268883,0.3643124997615814,0.4690091013908386,-0.016367968171834946,0.35407209396362305,0.4393833875656128,-0.013225867412984371,0.3765209913253784,0.4147213399410248,-0.015930000692605972,0.3884637653827667,0.4377022683620453,-0.01781550422310829,0.3897169530391693,0.45916229486465454,-0.02032233215868473,0.38696134090423584,0.43174314498901367,-0.020180338993668556,0.40300455689430237,0.39703646302223206,-0.024054303765296936,0.4117268919944763,0.41863441467285156,-0.019847918301820755,0.41210389137268066,0.4422757923603058,-0.016886107623577118,0.4210820198059082,0.43113261461257935,-0.026574015617370605,0.4255785644054413,0.3731653690338135,-0.029464883729815483,0.43206390738487244,0.3386020064353943,-0.025204714387655258,0.43636322021484375,0.30975866317749023,-0.02135484665632248,0.0,0.0,0.0,0.0,0.0,0.0,0.0,0.0,0.0,0.0,0.0,0.0,0.0,0.0,0.0,0.0,0.0,0.0,0.0,0.0,0.0,0.0,0.0,0.0,0.0,0.0,0.0,0.0,0.0,0.0,0.0,0.0,0.0,0.0,0.0,0.0,0.0,0.0,0.0,0.0,0.0,0.0,0.0,0.0,0.0,0.0,0.0,0.0,0.0,0.0,0.0,0.0,0.0,0.0,0.0,0.0,0.0,0.0,0.0,0.0,0.0,0.0,0.0,I
0.41587984561920166,0.5778711438179016,-1.9510208915107796e-07,0.36938419938087463,0.561633288860321,-0.0016404552152380347,0.3375105857849121,0.5337669253349304,-0.008148163557052612,0.3356715440750122,0.4953002631664276,-0.01483725756406784,0.35110315680503845,0.4692603051662445,-0.019286755472421646,0.3376723825931549,0.4505259692668915,-0.011303864419460297,0.35104894638061523,0.4152255356311798,-0.013944640755653381,0.36250776052474976,0.4349958300590515,-0.014941058121621609,0.36517709493637085,0.4602208733558655,-0.01623905636370182,0.3700625002384186,0.4315069615840912,-0.01547949481755495,0.3793424069881439,0.4077572524547577,-0.015078233554959297,0.3884514272212982,0.43002527952194214,-0.015159162692725658,0.39245790243148804,0.4522564113140106,-0.017543647438287735,0.4042827785015106,0.4249715507030487,-0.018917234614491463,0.4106164276599884,0.39184534549713135,-0.022628238424658775,0.414843887090683,0.4122941792011261,-0.020283963531255722,0.41603124141693115,0.43736031651496887,-0.01930367201566696,0.4375459849834442,0.4278310239315033,-0.021926697343587875,0.44578832387924194,0.37060701847076416,-0.02812723070383072,0.452074259519577,0.33553144335746765,-0.027449019253253937,0.45611006021499634,0.30771034955978394,-0.025971759110689163,0.0,0.0,0.0,0.0,0.0,0.0,0.0,0.0,0.0,0.0,0.0,0.0,0.0,0.0,0.0,0.0,0.0,0.0,0.0,0.0,0.0,0.0,0.0,0.0,0.0,0.0,0.0,0.0,0.0,0.0,0.0,0.0,0.0,0.0,0.0,0.0,0.0,0.0,0.0,0.0,0.0,0.0,0.0,0.0,0.0,0.0,0.0,0.0,0.0,0.0,0.0,0.0,0.0,0.0,0.0,0.0,0.0,0.0,0.0,0.0,0.0,0.0,0.0,I
0.42925092577934265,0.5890479683876038,-2.3563113416003034e-07,0.3750818967819214,0.5769060254096985,-0.006172107066959143,0.33147504925727844,0.5379335284233093,-0.012528453953564167,0.32114124298095703,0.48334580659866333,-0.0182334017008543,0.33540666103363037,0.45295214653015137,-0.020711027085781097,0.35695943236351013,0.4478076100349426,-0.01302205678075552,0.3523523807525635,0.40391290187835693,-0.019535062834620476,0.35781776905059814,0.4277184307575226,-0.02176528424024582,0.36224693059921265,0.45531097054481506,-0.02281660959124565,0.393858402967453,0.432529091835022,-0.01451071910560131,0.3813422918319702,0.3972945809364319,-0.01837961934506893,0.384601354598999,0.42359885573387146,-0.01734732836484909,0.3912937045097351,0.4485761821269989,-0.01777929812669754,0.4282614290714264,0.42907053232192993,-0.016356488689780235,0.4135242998600006,0.3813040256500244,-0.023304978385567665,0.41352006793022156,0.40345335006713867,-0.018859704956412315,0.4184417426586151,0.43132540583610535,-0.015581147745251656,0.45904919505119324,0.43427926301956177,-0.018306290730834007,0.464763879776001,0.3712242543697357,-0.026701457798480988,0.4677927494049072,0.33287861943244934,-0.027952712029218674,0.4706241190433502,0.3011578321456909,-0.027857353910803795,0.0,0.0,0.0,0.0,0.0,0.0,0.0,0.0,0.0,0.0,0.0,0.0,0.0,0.0,0.0,0.0,0.0,0.0,0.0,0.0,0.0,0.0,0.0,0.0,0.0,0.0,0.0,0.0,0.0,0.0,0.0,0.0,0.0,0.0,0.0,0.0,0.0,0.0,0.0,0.0,0.0,0.0,0.0,0.0,0.0,0.0,0.0,0.0,0.0,0.0,0.0,0.0,0.0,0.0,0.0,0.0,0.0,0.0,0.0,0.0,0.0,0.0,0.0,I
0.4295441210269928,0.5946935415267944,-2.4761297368058877e-07,0.37498924136161804,0.5789933204650879,-0.0042806086130440235,0.33279383182525635,0.5398945212364197,-0.010674411430954933,0.32419002056121826,0.4880184829235077,-0.016821958124637604,0.3381412923336029,0.4576285481452942,-0.019882190972566605,0.3559612035751343,0.4511733949184418,-0.013223455287516117,0.3490804135799408,0.40718525648117065,-0.019125573337078094,0.3550077974796295,0.4322465658187866,-0.0212089903652668,0.36106571555137634,0.4606526792049408,-0.0226606298238039,0.3938312530517578,0.43490639328956604,-0.015502623282372952,0.377858966588974,0.40046435594558716,-0.019048895686864853,0.3811170756816864,0.4293653964996338,-0.017848581075668335,0.38998374342918396,0.45508497953414917,-0.01866314746439457,0.4287793040275574,0.430519163608551,-0.01780357025563717,0.41275307536125183,0.3814302980899811,-0.02392578311264515,0.4122050702571869,0.405576229095459,-0.018839437514543533,0.41798335313796997,0.4355250895023346,-0.015751773491501808,0.45940065383911133,0.4351823627948761,-0.02008397877216339,0.46652400493621826,0.37030503153800964,-0.028979694470763206,0.47060680389404297,0.3308689594268799,-0.030601443722844124,0.4746151268482208,0.297698438167572,-0.030941596254706383,0.0,0.0,0.0,0.0,0.0,0.0,0.0,0.0,0.0,0.0,0.0,0.0,0.0,0.0,0.0,0.0,0.0,0.0,0.0,0.0,0.0,0.0,0.0,0.0,0.0,0.0,0.0,0.0,0.0,0.0,0.0,0.0,0.0,0.0,0.0,0.0,0.0,0.0,0.0,0.0,0.0,0.0,0.0,0.0,0.0,0.0,0.0,0.0,0.0,0.0,0.0,0.0,0.0,0.0,0.0,0.0,0.0,0.0,0.0,0.0,0.0,0.0,0.0,I
0.3976556956768036,0.6093853712081909,-5.117474870530714e-07,0.4353884756565094,0.5533966422080994,0.01348146703094244,0.43838056921958923,0.5101686716079712,0.017141763120889664,0.44529086351394653,0.48574164509773254,0.013633808121085167,0.4518628716468811,0.45893624424934387,0.012091737240552902,0.36564570665359497,0.43808141350746155,0.025681408122181892,0.41076233983039856,0.39869752526283264,0.011869756504893303,0.4286543130874634,0.4310818612575531,-0.0012376990634948015,0.4326525628566742,0.46854278445243835,-0.006282499060034752,0.3635711967945099,0.4370897114276886,0.011846576817333698,0.4154185354709625,0.40173280239105225,-0.0031467494554817677,0.43059083819389343,0.4390726685523987,-0.01460827887058258,0.4302789270877838,0.47212114930152893,-0.018487975001335144,0.37108317017555237,0.43643829226493835,-0.003084880765527487,0.41908472776412964,0.3905433714389801,-0.01516258530318737,0.43069058656692505,0.4233298599720001,-0.016995148733258247,0.4280564785003662,0.45578423142433167,-0.013224486261606216,0.3839721977710724,0.43550434708595276,-0.01754753850400448,0.40014663338661194,0.3674989640712738,-0.022108403965830803,0.40889182686805725,0.3250699043273926,-0.019996056333184242,0.41478803753852844,0.2919684648513794,-0.015981469303369522,0.0,0.0,0.0,0.0,0.0,0.0,0.0,0.0,0.0,0.0,0.0,0.0,0.0,0.0,0.0,0.0,0.0,0.0,0.0,0.0,0.0,0.0,0.0,0.0,0.0,0.0,0.0,0.0,0.0,0.0,0.0,0.0,0.0,0.0,0.0,0.0,0.0,0.0,0.0,0.0,0.0,0.0,0.0,0.0,0.0,0.0,0.0,0.0,0.0,0.0,0.0,0.0,0.0,0.0,0.0,0.0,0.0,0.0,0.0,0.0,0.0,0.0,0.0,I
0.40395957231521606,0.6015246510505676,-3.4851149166570394e-07,0.4531629979610443,0.5865521430969238,-0.006511087063699961,0.4865754246711731,0.5494865775108337,-0.009334796108305454,0.5009050369262695,0.5095414519309998,-0.015248699113726616,0.4881746768951416,0.47979867458343506,-0.019741011783480644,0.45370036363601685,0.47798919677734375,0.006457827053964138,0.4714578092098236,0.4534338414669037,-0.00910224486142397,0.4744120240211487,0.4895196855068207,-0.020303934812545776,0.46930354833602905,0.5239423513412476,-0.02239353582262993,0.43349209427833557,0.461073100566864,0.0020703542977571487,0.45519840717315674,0.42598292231559753,-0.01795981079339981,0.4593348503112793,0.47116348147392273,-0.029663361608982086,0.4529723525047302,0.5150275230407715,-0.031250324100255966,0.41030988097190857,0.4460626542568207,-0.0049958499148488045,0.43329551815986633,0.40137237310409546,-0.025082016363739967,0.4421093761920929,0.44593051075935364,-0.03136132284998894,0.4390256702899933,0.49194470047950745,-0.02767288312315941,0.384887158870697,0.43606388568878174,-0.012394260615110397,0.38456815481185913,0.36457180976867676,-0.019870169460773468,0.39177823066711426,0.32088702917099,-0.02203783020377159,0.40058860182762146,0.2887275815010071,-0.02117719128727913,0.0,0.0,0.0,0.0,0.0,0.0,0.0,0.0,0.0,0.0,0.0,0.0,0.0,0.0,0.0,0.0,0.0,0.0,0.0,0.0,0.0,0.0,0.0,0.0,0.0,0.0,0.0,0.0,0.0,0.0,0.0,0.0,0.0,0.0,0.0,0.0,0.0,0.0,0.0,0.0,0.0,0.0,0.0,0.0,0.0,0.0,0.0,0.0,0.0,0.0,0.0,0.0,0.0,0.0,0.0,0.0,0.0,0.0,0.0,0.0,0.0,0.0,0.0,I
0.37896865606307983,0.6063425540924072,-2.9331090445339214e-07,0.4353063702583313,0.6112832427024841,-0.012700357474386692,0.4821224808692932,0.5939311385154724,-0.019970271736383438,0.5102829337120056,0.5597529411315918,-0.02897404134273529,0.5030990242958069,0.5210064649581909,-0.036219481378793716,0.46758753061294556,0.5045791268348694,-0.0032265381887555122,0.49176642298698425,0.47536203265190125,-0.023388579487800598,0.48515585064888,0.5110731720924377,-0.03755230829119682,0.4719105064868927,0.5448344945907593,-0.04184254631400108,0.44660675525665283,0.47994905710220337,-0.005728783551603556,0.4741755425930023,0.4498879611492157,-0.029140986502170563,0.4681335687637329,0.4941841959953308,-0.04308579862117767,0.45369991660118103,0.5335529446601868,-0.046822380274534225,0.4209780991077423,0.4592043459415436,-0.011389428749680519,0.44888484477996826,0.4148128926753998,-0.03221075236797333,0.4509202241897583,0.4557177424430847,-0.040297731757164,0.4425507187843323,0.4968831241130829,-0.039608050137758255,0.39230167865753174,0.4441618323326111,-0.018031025305390358,0.39669787883758545,0.37386420369148254,-0.02802847884595394,0.40318727493286133,0.33339041471481323,-0.033700551837682724,0.40946516394615173,0.3020329475402832,-0.036016833037137985,0.0,0.0,0.0,0.0,0.0,0.0,0.0,0.0,0.0,0.0,0.0,0.0,0.0,0.0,0.0,0.0,0.0,0.0,0.0,0.0,0.0,0.0,0.0,0.0,0.0,0.0,0.0,0.0,0.0,0.0,0.0,0.0,0.0,0.0,0.0,0.0,0.0,0.0,0.0,0.0,0.0,0.0,0.0,0.0,0.0,0.0,0.0,0.0,0.0,0.0,0.0,0.0,0.0,0.0,0.0,0.0,0.0,0.0,0.0,0.0,0.0,0.0,0.0,I
0.6426509618759155,0.6995397806167603,-4.909701374344877e-07,0.5748583674430847,0.6914333701133728,-0.011204122565686703,0.5156173706054688,0.6379589438438416,-0.017511283978819847,0.4902552366256714,0.5803987383842468,-0.02814989537000656,0.4910713732242584,0.5255952477455139,-0.03433512896299362,0.531997799873352,0.5369269251823425,0.010756506584584713,0.5129677653312683,0.4902822971343994,-0.017749346792697906,0.5225136876106262,0.5434415340423584,-0.03308415412902832,0.5361987352371216,0.5936490893363953,-0.03591715544462204,0.5645350217819214,0.5216904282569885,0.005616514012217522,0.5459353923797607,0.4821433424949646,-0.03214932978153229,0.5553522706031799,0.5534390807151794,-0.04705346003174782,0.5659862160682678,0.6089290976524353,-0.045454241335392,0.6006863117218018,0.5118156671524048,-0.004616257734596729,0.5818386077880859,0.47974851727485657,-0.041095070540905,0.5853907465934753,0.5483471155166626,-0.04431617632508278,0.5921580195426941,0.6005368232727051,-0.03290501609444618,0.6382250189781189,0.5047447681427002,-0.015538962557911873,0.6338927745819092,0.4258188009262085,-0.03413979336619377,0.628876805305481,0.37650322914123535,-0.03778490424156189,0.6203916072845459,0.33053499460220337,-0.03418054059147835,0.0,0.0,0.0,0.0,0.0,0.0,0.0,0.0,0.0,0.0,0.0,0.0,0.0,0.0,0.0,0.0,0.0,0.0,0.0,0.0,0.0,0.0,0.0,0.0,0.0,0.0,0.0,0.0,0.0,0.0,0.0,0.0,0.0,0.0,0.0,0.0,0.0,0.0,0.0,0.0,0.0,0.0,0.0,0.0,0.0,0.0,0.0,0.0,0.0,0.0,0.0,0.0,0.0,0.0,0.0,0.0,0.0,0.0,0.0,0.0,0.0,0.0,0.0,I
0.6423369646072388,0.692243754863739,-4.91313073780475e-07,0.5765368938446045,0.6778819561004639,-0.009747110307216644,0.5217242240905762,0.6216988563537598,-0.015412604436278343,0.49904921650886536,0.5664691925048828,-0.025504160672426224,0.4963301420211792,0.5129027366638184,-0.03164972364902496,0.5399972200393677,0.5237073302268982,0.00946503784507513,0.5223413705825806,0.4803876578807831,-0.018079740926623344,0.5278324484825134,0.5346121191978455,-0.03323192521929741,0.5384460091590881,0.5848236083984375,-0.036408670246601105,0.5731310844421387,0.5099108815193176,0.0035164779983460903,0.5549325942993164,0.46964555978775024,-0.0329870767891407,0.5580130219459534,0.540495753288269,-0.04809083417057991,0.5650790929794312,0.5976078510284424,-0.04731307923793793,0.6095870733261108,0.5019913911819458,-0.007095572538673878,0.5922006964683533,0.4689939022064209,-0.04288319870829582,0.5904673337936401,0.5374928116798401,-0.04711063206195831,0.5938743352890015,0.5908651351928711,-0.036862991750240326,0.6476484537124634,0.49688345193862915,-0.018200822174549103,0.6461447477340698,0.41797399520874023,-0.037355657666921616,0.641213059425354,0.3687301278114319,-0.04191850125789642,0.6327755451202393,0.3237954378128052,-0.03911130130290985,0.0,0.0,0.0,0.0,0.0,0.0,0.0,0.0,0.0,0.0,0.0,0.0,0.0,0.0,0.0,0.0,0.0,0.0,0.0,0.0,0.0,0.0,0.0,0.0,0.0,0.0,0.0,0.0,0.0,0.0,0.0,0.0,0.0,0.0,0.0,0.0,0.0,0.0,0.0,0.0,0.0,0.0,0.0,0.0,0.0,0.0,0.0,0.0,0.0,0.0,0.0,0.0,0.0,0.0,0.0,0.0,0.0,0.0,0.0,0.0,0.0,0.0,0.0,I
0.6349738836288452,0.6828083395957947,-4.792120193997107e-07,0.570320188999176,0.6692926287651062,-0.011388527229428291,0.5156643986701965,0.6150407195091248,-0.01761636510491371,0.49301281571388245,0.558023989200592,-0.02788933925330639,0.49260538816452026,0.5009848475456238,-0.03432759270071983,0.5378838777542114,0.5208266973495483,0.010342800058424473,0.5201526880264282,0.4771791398525238,-0.017098791897296906,0.5258970856666565,0.5297428965568542,-0.03224582225084305,0.5369676351547241,0.5770459771156311,-0.035079434514045715,0.5674967765808105,0.5054624676704407,0.005714879836887121,0.5476189851760864,0.4620564877986908,-0.029372386634349823,0.5520140528678894,0.5290380716323853,-0.04361020028591156,0.5610260367393494,0.5836878418922424,-0.04212603345513344,0.6018617153167725,0.4950021207332611,-0.0038242796435952187,0.5812079906463623,0.46080929040908813,-0.03797869011759758,0.5800080299377441,0.5242486000061035,-0.041983019560575485,0.5854693651199341,0.5747981071472168,-0.03146534413099289,0.638566792011261,0.4857392907142639,-0.0140389334410429,0.6309664845466614,0.40753835439682007,-0.031344179064035416,0.6228010654449463,0.35927361249923706,-0.03480574116110802,0.6126611232757568,0.3174658417701721,-0.031208204105496407,0.0,0.0,0.0,0.0,0.0,0.0,0.0,0.0,0.0,0.0,0.0,0.0,0.0,0.0,0.0,0.0,0.0,0.0,0.0,0.0,0.0,0.0,0.0,0.0,0.0,0.0,0.0,0.0,0.0,0.0,0.0,0.0,0.0,0.0,0.0,0.0,0.0,0.0,0.0,0.0,0.0,0.0,0.0,0.0,0.0,0.0,0.0,0.0,0.0,0.0,0.0,0.0,0.0,0.0,0.0,0.0,0.0,0.0,0.0,0.0,0.0,0.0,0.0,I
0.6236462593078613,0.6689372062683105,-5.509423317562323e-07,0.5673238039016724,0.6421051025390625,-0.003632941981777549,0.5258392691612244,0.5834029316902161,-0.006746367551386356,0.5104979872703552,0.5297874212265015,-0.01585932821035385,0.5143369436264038,0.47974351048469543,-0.022073600441217422,0.5528256297111511,0.5043855905532837,0.01792200282216072,0.5374123454093933,0.46700382232666016,-0.006544528529047966,0.5359150767326355,0.5149070024490356,-0.021392710506916046,0.5422790050506592,0.5612122416496277,-0.024249691516160965,0.5766820311546326,0.4931773245334625,0.010056725703179836,0.5543510913848877,0.4541291296482086,-0.022127501666545868,0.5558081865310669,0.5179352760314941,-0.035734839737415314,0.5655017495155334,0.5700060129165649,-0.03421725705265999,0.6059903502464294,0.48440468311309814,-0.0017462129471823573,0.5802484750747681,0.4472706615924835,-0.03211222589015961,0.5783270597457886,0.5078420639038086,-0.034354399889707565,0.5880071520805359,0.5573657155036926,-0.023104391992092133,0.6374449133872986,0.4757699966430664,-0.013952542096376419,0.6310156583786011,0.39635443687438965,-0.028116289526224136,0.6182126402854919,0.34711992740631104,-0.029400521889328957,0.6056885719299316,0.3064541220664978,-0.02439684234559536,0.0,0.0,0.0,0.0,0.0,0.0,0.0,0.0,0.0,0.0,0.0,0.0,0.0,0.0,0.0,0.0,0.0,0.0,0.0,0.0,0.0,0.0,0.0,0.0,0.0,0.0,0.0,0.0,0.0,0.0,0.0,0.0,0.0,0.0,0.0,0.0,0.0,0.0,0.0,0.0,0.0,0.0,0.0,0.0,0.0,0.0,0.0,0.0,0.0,0.0,0.0,0.0,0.0,0.0,0.0,0.0,0.0,0.0,0.0,0.0,0.0,0.0,0.0,I
0.6445819735527039,0.6777263879776001,-7.544461482211773e-07,0.5858545899391174,0.6270705461502075,0.004752692766487598,0.5584181547164917,0.5582042932510376,0.0034544598311185837,0.5472765564918518,0.503201425075531,-0.006192339118570089,0.5478634834289551,0.4544399380683899,-0.01255912333726883,0.6318860054016113,0.4802754521369934,0.023393802344799042,0.593437671661377,0.44068843126296997,0.00017778722394723445,0.5724953413009644,0.4809831380844116,-0.013716687448322773,0.5682741403579712,0.5199398398399353,-0.01613183692097664,0.6452624201774597,0.478129506111145,0.007545495871454477,0.5858030319213867,0.4523470997810364,-0.024558445438742638,0.5749831795692444,0.5086014270782471,-0.03862517699599266,0.5821120142936707,0.5487651228904724,-0.03873316943645477,0.6573148965835571,0.47935256361961365,-0.011683141812682152,0.5950995683670044,0.45632386207580566,-0.04280088469386101,0.5834800601005554,0.5134183764457703,-0.04497622326016426,0.5934787392616272,0.556276798248291,-0.034288279712200165,0.6665912866592407,0.48107144236564636,-0.03094951994717121,0.6525229215621948,0.3938145041465759,-0.045361049473285675,0.637657642364502,0.3388557732105255,-0.043759752064943314,0.6275190711021423,0.2939583659172058,-0.03650263324379921,0.0,0.0,0.0,0.0,0.0,0.0,0.0,0.0,0.0,0.0,0.0,0.0,0.0,0.0,0.0,0.0,0.0,0.0,0.0,0.0,0.0,0.0,0.0,0.0,0.0,0.0,0.0,0.0,0.0,0.0,0.0,0.0,0.0,0.0,0.0,0.0,0.0,0.0,0.0,0.0,0.0,0.0,0.0,0.0,0.0,0.0,0.0,0.0,0.0,0.0,0.0,0.0,0.0,0.0,0.0,0.0,0.0,0.0,0.0,0.0,0.0,0.0,0.0,I
0.6776750683784485,0.6869016289710999,-8.507499842380639e-07,0.6203657388687134,0.6125710010528564,0.004214081447571516,0.6056455373764038,0.5400916337966919,0.0018574586138129234,0.5945810079574585,0.4855702817440033,-0.005394866224378347,0.585506796836853,0.44010695815086365,-0.006019802298396826,0.7126213312149048,0.4579463005065918,0.008171794936060905,0.6281363368034363,0.41762685775756836,-0.016510983929038048,0.6016775369644165,0.47752895951271057,-0.02811562456190586,0.6048210263252258,0.5302639603614807,-0.028958605602383614,0.7143568992614746,0.46311241388320923,-0.004673080984503031,0.6142251491546631,0.4256996810436249,-0.03460964560508728,0.6027119159698486,0.4872857630252838,-0.04082305356860161,0.6112062931060791,0.52748703956604,-0.03867926821112633,0.7018138766288757,0.4744545519351959,-0.020307397469878197,0.6098668575286865,0.4417911767959595,-0.04804543778300285,0.5975211262702942,0.5029769539833069,-0.044379159808158875,0.6088204383850098,0.5449000597000122,-0.0342937633395195,0.6778306365013123,0.4867451786994934,-0.036076080054044724,0.6494093537330627,0.3989470601081848,-0.05503463372588158,0.6290932893753052,0.34368982911109924,-0.05868744105100632,0.6171206831932068,0.2966107428073883,-0.056718457490205765,0.0,0.0,0.0,0.0,0.0,0.0,0.0,0.0,0.0,0.0,0.0,0.0,0.0,0.0,0.0,0.0,0.0,0.0,0.0,0.0,0.0,0.0,0.0,0.0,0.0,0.0,0.0,0.0,0.0,0.0,0.0,0.0,0.0,0.0,0.0,0.0,0.0,0.0,0.0,0.0,0.0,0.0,0.0,0.0,0.0,0.0,0.0,0.0,0.0,0.0,0.0,0.0,0.0,0.0,0.0,0.0,0.0,0.0,0.0,0.0,0.0,0.0,0.0,I
0.6880667209625244,0.668527364730835,-8.221539928854327e-07,0.6479012966156006,0.5954970717430115,0.019552649930119514,0.6331868171691895,0.5206952095031738,0.02814105711877346,0.6165291666984558,0.4678826928138733,0.03069855086505413,0.6037985682487488,0.4310224652290344,0.03749292343854904,0.7309772968292236,0.4415736496448517,0.024305181577801704,0.6503273844718933,0.3874374032020569,0.015624508261680603,0.6245060563087463,0.43231117725372314,0.01159844733774662,0.6254421472549438,0.47449958324432373,0.012424043379724026,0.7249554395675659,0.44636955857276917,0.008035368286073208,0.6353566646575928,0.4013666808605194,-0.0038326792418956757,0.6202634572982788,0.4499243199825287,-0.005053397733718157,0.6257581114768982,0.48364803194999695,-0.0029150978662073612,0.7033576369285583,0.4598698914051056,-0.0089122848585248,0.6187254786491394,0.4148576855659485,-0.022320562973618507,0.6053353548049927,0.46470776200294495,-0.017974477261304855,0.6152375340461731,0.4999118149280548,-0.011594188399612904,0.6709446310997009,0.47626709938049316,-0.024667756631970406,0.6328977942466736,0.3885290324687958,-0.039812956005334854,0.6093659996986389,0.33592891693115234,-0.044948458671569824,0.5972886085510254,0.28858351707458496,-0.04578042030334473,0.0,0.0,0.0,0.0,0.0,0.0,0.0,0.0,0.0,0.0,0.0,0.0,0.0,0.0,0.0,0.0,0.0,0.0,0.0,0.0,0.0,0.0,0.0,0.0,0.0,0.0,0.0,0.0,0.0,0.0,0.0,0.0,0.0,0.0,0.0,0.0,0.0,0.0,0.0,0.0,0.0,0.0,0.0,0.0,0.0,0.0,0.0,0.0,0.0,0.0,0.0,0.0,0.0,0.0,0.0,0.0,0.0,0.0,0.0,0.0,0.0,0.0,0.0,I
0.6910802721977234,0.6730229258537292,-7.580010219498945e-07,0.6704692244529724,0.5997880101203918,0.02471882663667202,0.6565179228782654,0.519122838973999,0.029976004734635353,0.6290913224220276,0.4632103145122528,0.028422875329852104,0.603523313999176,0.42842236161231995,0.029597412794828415,0.7398042678833008,0.4431425929069519,0.019432654604315758,0.6653745174407959,0.37840741872787476,0.016639459878206253,0.6439757943153381,0.42036619782447815,0.015393882058560848,0.6473060250282288,0.4589797556400299,0.01566142961382866,0.7274588346481323,0.4464016556739807,-4.834549326915294e-05,0.6486049294471741,0.39158159494400024,-0.003255849936977029,0.6338672041893005,0.4366380572319031,-0.0024119000881910324,0.638486921787262,0.46994689106941223,-0.0025981850922107697,0.7009083032608032,0.46078813076019287,-0.01827397383749485,0.6275546550750732,0.40409451723098755,-0.0210407841950655,0.6163358092308044,0.44841083884239197,-0.014573308639228344,0.62571781873703,0.4809592068195343,-0.011597859673202038,0.6636518239974976,0.4783128798007965,-0.03492170199751854,0.6260473132133484,0.38781383633613586,-0.0420956164598465,0.6021853089332581,0.33200544118881226,-0.04444469138979912,0.5892896056175232,0.28169161081314087,-0.046444714069366455,0.0,0.0,0.0,0.0,0.0,0.0,0.0,0.0,0.0,0.0,0.0,0.0,0.0,0.0,0.0,0.0,0.0,0.0,0.0,0.0,0.0,0.0,0.0,0.0,0.0,0.0,0.0,0.0,0.0,0.0,0.0,0.0,0.0,0.0,0.0,0.0,0.0,0.0,0.0,0.0,0.0,0.0,0.0,0.0,0.0,0.0,0.0,0.0,0.0,0.0,0.0,0.0,0.0,0.0,0.0,0.0,0.0,0.0,0.0,0.0,0.0,0.0,0.0,I
0.6965149641036987,0.6803432703018188,-6.935772489669034e-07,0.7273073792457581,0.5989143252372742,0.02862849459052086,0.7325565218925476,0.5131239891052246,0.03381927311420441,0.7101444005966187,0.45030152797698975,0.032845452427864075,0.6763383150100708,0.43008777499198914,0.031968507915735245,0.7567782402038574,0.43913617730140686,0.002789966529235244,0.6785221695899963,0.37076398730278015,0.002199810231104493,0.6644044518470764,0.4154571294784546,0.007057988550513983,0.6740721464157104,0.4522477686405182,0.011755350977182388,0.7272469401359558,0.4466632902622223,-0.016574980691075325,0.6524655818939209,0.3919968008995056,-0.015055610798299313,0.6436582207679749,0.4390689730644226,-0.007683888077735901,0.6519100069999695,0.4694288671016693,-0.005311005283147097,0.687980592250824,0.4651346206665039,-0.032216884195804596,0.6236898303031921,0.4046739935874939,-0.031038107350468636,0.619368314743042,0.45222559571266174,-0.02068488858640194,0.631697416305542,0.4856468439102173,-0.01697380468249321,0.6422147154808044,0.4885825216770172,-0.045033108443021774,0.6070941090583801,0.39278385043144226,-0.04873185232281685,0.5870426893234253,0.34105297923088074,-0.04653974622488022,0.5740289092063904,0.2901952266693115,-0.04596996679902077,0.0,0.0,0.0,0.0,0.0,0.0,0.0,0.0,0.0,0.0,0.0,0.0,0.0,0.0,0.0,0.0,0.0,0.0,0.0,0.0,0.0,0.0,0.0,0.0,0.0,0.0,0.0,0.0,0.0,0.0,0.0,0.0,0.0,0.0,0.0,0.0,0.0,0.0,0.0,0.0,0.0,0.0,0.0,0.0,0.0,0.0,0.0,0.0,0.0,0.0,0.0,0.0,0.0,0.0,0.0,0.0,0.0,0.0,0.0,0.0,0.0,0.0,0.0,I
0.7015426754951477,0.6917796730995178,-6.87636713792017e-07,0.7273489236831665,0.6089518070220947,0.02178807370364666,0.7305917739868164,0.5160146355628967,0.023981483653187752,0.7108324766159058,0.4471946358680725,0.02071322873234749,0.6795709133148193,0.4212390184402466,0.018357984721660614,0.7609074711799622,0.4464004635810852,-0.0004485956160351634,0.6842445135116577,0.37329235672950745,-0.005788016133010387,0.6680504679679871,0.4162713289260864,-0.004889628849923611,0.6764401197433472,0.4539031386375427,-0.002370361238718033,0.734376072883606,0.45551490783691406,-0.017526572570204735,0.6577932834625244,0.3939202129840851,-0.020642230287194252,0.6478261351585388,0.4381011724472046,-0.01604083552956581,0.655065655708313,0.46803396940231323,-0.01482570543885231,0.6973856091499329,0.47402551770210266,-0.03198111429810524,0.6315056681632996,0.4079729914665222,-0.03453447297215462,0.6267949342727661,0.45285120606422424,-0.026140457019209862,0.6389681696891785,0.48581722378730774,-0.022890670225024223,0.6532382965087891,0.4967406094074249,-0.04435150697827339,0.6150087714195251,0.40221118927001953,-0.04856310039758682,0.5939106941223145,0.34856081008911133,-0.047124262899160385,0.5811000466346741,0.2970690131187439,-0.04711953550577164,0.0,0.0,0.0,0.0,0.0,0.0,0.0,0.0,0.0,0.0,0.0,0.0,0.0,0.0,0.0,0.0,0.0,0.0,0.0,0.0,0.0,0.0,0.0,0.0,0.0,0.0,0.0,0.0,0.0,0.0,0.0,0.0,0.0,0.0,0.0,0.0,0.0,0.0,0.0,0.0,0.0,0.0,0.0,0.0,0.0,0.0,0.0,0.0,0.0,0.0,0.0,0.0,0.0,0.0,0.0,0.0,0.0,0.0,0.0,0.0,0.0,0.0,0.0,I
0.7000225186347961,0.6787338852882385,-7.52904611545091e-07,0.6542680859565735,0.6086819171905518,0.004091153386980295,0.6416745185852051,0.5331905484199524,0.000537198269739747,0.6315756440162659,0.4756500720977783,-0.006993496790528297,0.6225651502609253,0.433550626039505,-0.007966000586748123,0.7483559250831604,0.4584193527698517,0.005096416920423508,0.6687230467796326,0.40305250883102417,-0.013769170269370079,0.6434094905853271,0.4555928707122803,-0.022938739508390427,0.647247314453125,0.4989307224750519,-0.023999745026230812,0.7487901449203491,0.46242061257362366,-0.007050480227917433,0.6539354920387268,0.4230089783668518,-0.029131565243005753,0.6431355476379395,0.47974810004234314,-0.03348061069846153,0.6559920310974121,0.5126200914382935,-0.03215554356575012,0.731576681137085,0.47356095910072327,-0.020874137058854103,0.6462094187736511,0.437847375869751,-0.04181201756000519,0.6323924660682678,0.493142694234848,-0.036936067044734955,0.6441125869750977,0.5299187898635864,-0.028255654498934746,0.7008385062217712,0.4841158092021942,-0.03471093252301216,0.6687348484992981,0.3961314857006073,-0.049743179231882095,0.6482126712799072,0.34302830696105957,-0.05133146792650223,0.6379161477088928,0.2973922789096832,-0.048537299036979675,0.0,0.0,0.0,0.0,0.0,0.0,0.0,0.0,0.0,0.0,0.0,0.0,0.0,0.0,0.0,0.0,0.0,0.0,0.0,0.0,0.0,0.0,0.0,0.0,0.0,0.0,0.0,0.0,0.0,0.0,0.0,0.0,0.0,0.0,0.0,0.0,0.0,0.0,0.0,0.0,0.0,0.0,0.0,0.0,0.0,0.0,0.0,0.0,0.0,0.0,0.0,0.0,0.0,0.0,0.0,0.0,0.0,0.0,0.0,0.0,0.0,0.0,0.0,I
0.7093432545661926,0.6748751997947693,-8.721290214452893e-07,0.6541082859039307,0.6013184189796448,0.007590303663164377,0.6346652507781982,0.5254527926445007,0.008103173226118088,0.6265411376953125,0.4690150022506714,0.0017419594805687666,0.6278762817382812,0.4252827763557434,0.001378468470647931,0.7284650206565857,0.4517499804496765,0.017936058342456818,0.6608390212059021,0.41005104780197144,-0.006829744204878807,0.638066828250885,0.4610821604728699,-0.01993606984615326,0.6408030986785889,0.5059642195701599,-0.02272515743970871,0.7395051121711731,0.456428587436676,0.0014665813650935888,0.6480786800384521,0.42477333545684814,-0.030208157375454903,0.6406018137931824,0.48643019795417786,-0.037500422447919846,0.6529561281204224,0.52096027135849,-0.03508661314845085,0.738936185836792,0.46638914942741394,-0.01850767806172371,0.6518280506134033,0.43763887882232666,-0.04904133081436157,0.6452190279960632,0.4981522560119629,-0.04550547152757645,0.6607258319854736,0.5376120805740356,-0.03396575152873993,0.7282049655914307,0.47824832797050476,-0.03865181654691696,0.6989147067070007,0.38881486654281616,-0.06101927161216736,0.6786532998085022,0.33358538150787354,-0.06457195430994034,0.6677752137184143,0.2877879738807678,-0.061279986053705215,0.0,0.0,0.0,0.0,0.0,0.0,0.0,0.0,0.0,0.0,0.0,0.0,0.0,0.0,0.0,0.0,0.0,0.0,0.0,0.0,0.0,0.0,0.0,0.0,0.0,0.0,0.0,0.0,0.0,0.0,0.0,0.0,0.0,0.0,0.0,0.0,0.0,0.0,0.0,0.0,0.0,0.0,0.0,0.0,0.0,0.0,0.0,0.0,0.0,0.0,0.0,0.0,0.0,0.0,0.0,0.0,0.0,0.0,0.0,0.0,0.0,0.0,0.0,I
0.7177017331123352,0.6577630043029785,-6.06275705195003e-07,0.6616162657737732,0.6168515682220459,-0.004464950878173113,0.6224901676177979,0.5503513813018799,-0.007743636146187782,0.6115505695343018,0.4910638630390167,-0.017521819099783897,0.6191117763519287,0.43877139687538147,-0.02407059445977211,0.6612367033958435,0.4758121967315674,0.020522519946098328,0.6451295614242554,0.43726179003715515,-0.006349267438054085,0.6389514207839966,0.4844439625740051,-0.022774405777454376,0.6409332752227783,0.5280274152755737,-0.026121631264686584,0.683423638343811,0.4684063792228699,0.011879445984959602,0.660625159740448,0.4294712543487549,-0.022137921303510666,0.6574488282203674,0.4917919635772705,-0.03614846616983414,0.6627137064933777,0.5398901700973511,-0.034757811576128006,0.7116428017616272,0.4652561545372009,-0.0014779745833948255,0.6854289174079895,0.429177850484848,-0.03448265790939331,0.6800764799118042,0.4901779592037201,-0.036434948444366455,0.6867812275886536,0.5392581224441528,-0.024171331897377968,0.7434155941009521,0.46289247274398804,-0.015574954450130463,0.7428038120269775,0.38015297055244446,-0.030537832528352737,0.7342631816864014,0.3290799856185913,-0.03071172535419464,0.7252418398857117,0.28717494010925293,-0.02449740283191204,0.0,0.0,0.0,0.0,0.0,0.0,0.0,0.0,0.0,0.0,0.0,0.0,0.0,0.0,0.0,0.0,0.0,0.0,0.0,0.0,0.0,0.0,0.0,0.0,0.0,0.0,0.0,0.0,0.0,0.0,0.0,0.0,0.0,0.0,0.0,0.0,0.0,0.0,0.0,0.0,0.0,0.0,0.0,0.0,0.0,0.0,0.0,0.0,0.0,0.0,0.0,0.0,0.0,0.0,0.0,0.0,0.0,0.0,0.0,0.0,0.0,0.0,0.0,I
0.7220093607902527,0.6306710839271545,-4.489908178584301e-07,0.6636331677436829,0.6121437549591064,-0.009586338885128498,0.6155732274055481,0.5585203766822815,-0.014825849793851376,0.5987277030944824,0.5055665373802185,-0.02414766512811184,0.6048303842544556,0.455436110496521,-0.030529314652085304,0.6438038349151611,0.472750723361969,0.010256357491016388,0.6308513283729553,0.43411770462989807,-0.014125178568065166,0.6312066316604614,0.4794003665447235,-0.02817336842417717,0.6361547112464905,0.5223866701126099,-0.03097236528992653,0.6710006594657898,0.4621073007583618,0.005617813672870398,0.6562278270721436,0.42291679978370667,-0.025742679834365845,0.6549705266952515,0.4834428131580353,-0.0390596017241478,0.6590085029602051,0.5340977907180786,-0.03797724470496178,0.7018765211105347,0.4567657709121704,-0.0032946777064353228,0.6851041913032532,0.42175039649009705,-0.03412386029958725,0.6806310415267944,0.48145753145217896,-0.03755640983581543,0.6836870908737183,0.5306219458580017,-0.027588773518800735,0.73429274559021,0.4532581567764282,-0.012816251255571842,0.7283055186271667,0.3815341889858246,-0.02852717414498329,0.719841480255127,0.33688002824783325,-0.031242547556757927,0.7110276818275452,0.29860377311706543,-0.027301741763949394,0.0,0.0,0.0,0.0,0.0,0.0,0.0,0.0,0.0,0.0,0.0,0.0,0.0,0.0,0.0,0.0,0.0,0.0,0.0,0.0,0.0,0.0,0.0,0.0,0.0,0.0,0.0,0.0,0.0,0.0,0.0,0.0,0.0,0.0,0.0,0.0,0.0,0.0,0.0,0.0,0.0,0.0,0.0,0.0,0.0,0.0,0.0,0.0,0.0,0.0,0.0,0.0,0.0,0.0,0.0,0.0,0.0,0.0,0.0,0.0,0.0,0.0,0.0,I
0.7206202149391174,0.6144850254058838,-3.914709054697596e-07,0.6616042256355286,0.6018823385238647,-0.008370285853743553,0.6134145259857178,0.5586771965026855,-0.013339526951313019,0.5955087542533875,0.5091689229011536,-0.02229134365916252,0.6018815040588379,0.46121522784233093,-0.028100624680519104,0.6371240615844727,0.47920164465904236,0.011445967480540276,0.6229203343391418,0.4370279610157013,-0.010575849562883377,0.6271535754203796,0.47791606187820435,-0.023180868476629257,0.6349775195121765,0.5161516666412354,-0.025762097910046577,0.6631559729576111,0.4669910669326782,0.006442700978368521,0.6498280167579651,0.4270956516265869,-0.0234394371509552,0.6538151502609253,0.4827165901660919,-0.036351315677165985,0.6605808138847351,0.5291372537612915,-0.03540720418095589,0.6919102668762207,0.45882245898246765,-0.002503596479073167,0.6774903535842896,0.4259165823459625,-0.03041890822350979,0.6791359186172485,0.48229119181632996,-0.03217988461256027,0.6850672960281372,0.52812260389328,-0.0222014170140028,0.7222766280174255,0.4529825747013092,-0.012228639796376228,0.7154862880706787,0.3882182538509369,-0.02548317238688469,0.7077591419219971,0.34659093618392944,-0.026707040145993233,0.6990070343017578,0.3095175325870514,-0.022502461448311806,0.0,0.0,0.0,0.0,0.0,0.0,0.0,0.0,0.0,0.0,0.0,0.0,0.0,0.0,0.0,0.0,0.0,0.0,0.0,0.0,0.0,0.0,0.0,0.0,0.0,0.0,0.0,0.0,0.0,0.0,0.0,0.0,0.0,0.0,0.0,0.0,0.0,0.0,0.0,0.0,0.0,0.0,0.0,0.0,0.0,0.0,0.0,0.0,0.0,0.0,0.0,0.0,0.0,0.0,0.0,0.0,0.0,0.0,0.0,0.0,0.0,0.0,0.0,I
0.7141440510749817,0.602679967880249,-3.579853853352688e-07,0.6609070301055908,0.5923410058021545,-0.007553537376224995,0.6182539463043213,0.5540274977684021,-0.011987630277872086,0.6047372221946716,0.5087798237800598,-0.019851116463541985,0.6130743026733398,0.46998125314712524,-0.025131678208708763,0.6374586820602417,0.4828055500984192,0.0080760158598423,0.6257855892181396,0.44783133268356323,-0.012384261004626751,0.6326994299888611,0.48287829756736755,-0.024152588099241257,0.6410964131355286,0.5158770084381104,-0.026573603972792625,0.6631913185119629,0.4710959792137146,0.003470644121989608,0.6535117030143738,0.43661555647850037,-0.023728230968117714,0.6590924859046936,0.486098051071167,-0.035315997898578644,0.6647632122039795,0.5275905728340149,-0.034264594316482544,0.6905273795127869,0.46456295251846313,-0.004557720851153135,0.6819075345993042,0.43814268708229065,-0.030345361679792404,0.6834274530410767,0.4879763424396515,-0.032733820378780365,0.6867276430130005,0.5284742116928101,-0.02397986315190792,0.7183994650840759,0.46161794662475586,-0.013187268748879433,0.7110693454742432,0.40482190251350403,-0.025736095383763313,0.7028682231903076,0.3682541847229004,-0.02719825692474842,0.6939675211906433,0.3361888825893402,-0.023363012820482254,0.0,0.0,0.0,0.0,0.0,0.0,0.0,0.0,0.0,0.0,0.0,0.0,0.0,0.0,0.0,0.0,0.0,0.0,0.0,0.0,0.0,0.0,0.0,0.0,0.0,0.0,0.0,0.0,0.0,0.0,0.0,0.0,0.0,0.0,0.0,0.0,0.0,0.0,0.0,0.0,0.0,0.0,0.0,0.0,0.0,0.0,0.0,0.0,0.0,0.0,0.0,0.0,0.0,0.0,0.0,0.0,0.0,0.0,0.0,0.0,0.0,0.0,0.0,I
0.7092065215110779,0.5895698070526123,-3.0193007205525646e-07,0.6654558777809143,0.5805286765098572,-0.009606005623936653,0.6271686553955078,0.5488724708557129,-0.015561431646347046,0.6135960221290588,0.5068643689155579,-0.023674307391047478,0.6204086542129517,0.4715866148471832,-0.02880537137389183,0.6383965611457825,0.48459339141845703,0.003444755682721734,0.6301705241203308,0.44917505979537964,-0.015689685940742493,0.6395853757858276,0.4819113612174988,-0.026195120066404343,0.6480621695518494,0.5104253888130188,-0.028540391474962234,0.6612715125083923,0.4740339517593384,0.0011257815640419722,0.6552866697311401,0.4411676824092865,-0.023559974506497383,0.6640900373458862,0.4835483729839325,-0.03323303163051605,0.6696168184280396,0.5167022347450256,-0.03220550715923309,0.6847356557846069,0.46766504645347595,-0.004432368092238903,0.6801016926765442,0.43955186009407043,-0.027192752808332443,0.6838176250457764,0.4804781973361969,-0.028464650735259056,0.6859736442565918,0.5134740471839905,-0.02068415656685829,0.7078348398208618,0.46516361832618713,-0.01074462104588747,0.7012933492660522,0.41631945967674255,-0.021789489313960075,0.6961069107055664,0.3852311372756958,-0.023157650604844093,0.6896979212760925,0.35686421394348145,-0.019993649795651436,0.0,0.0,0.0,0.0,0.0,0.0,0.0,0.0,0.0,0.0,0.0,0.0,0.0,0.0,0.0,0.0,0.0,0.0,0.0,0.0,0.0,0.0,0.0,0.0,0.0,0.0,0.0,0.0,0.0,0.0,0.0,0.0,0.0,0.0,0.0,0.0,0.0,0.0,0.0,0.0,0.0,0.0,0.0,0.0,0.0,0.0,0.0,0.0,0.0,0.0,0.0,0.0,0.0,0.0,0.0,0.0,0.0,0.0,0.0,0.0,0.0,0.0,0.0,I
0.7116966247558594,0.5830894112586975,-2.453233776122943e-07,0.674091100692749,0.5754963159561157,-0.013077333569526672,0.6395812034606934,0.5417370200157166,-0.018618015572428703,0.6318475604057312,0.4998715817928314,-0.024891652166843414,0.6418766975402832,0.4713231325149536,-0.02836970053613186,0.6465270519256592,0.4905661940574646,-0.0015413786750286818,0.6417436599731445,0.4538160562515259,-0.019165677949786186,0.6548299789428711,0.48139387369155884,-0.029017798602581024,0.6615897417068481,0.5104407668113708,-0.03063804842531681,0.6652591228485107,0.47885921597480774,-0.00030538244755007327,0.6638758182525635,0.44559231400489807,-0.020075485110282898,0.6783215999603271,0.482138454914093,-0.027447190135717392,0.6840479373931885,0.5133960247039795,-0.025707630440592766,0.6835860013961792,0.4717116951942444,-0.002209956757724285,0.6839540004730225,0.4442952573299408,-0.021321220323443413,0.6932837963104248,0.47974875569343567,-0.022378887981176376,0.6970124840736389,0.5113645195960999,-0.015045479871332645,0.7008341550827026,0.46787095069885254,-0.005050378385931253,0.6945139169692993,0.4234451651573181,-0.012736685574054718,0.6923983693122864,0.39604637026786804,-0.012174677103757858,0.6887553334236145,0.37298375368118286,-0.007968921214342117,0.0,0.0,0.0,0.0,0.0,0.0,0.0,0.0,0.0,0.0,0.0,0.0,0.0,0.0,0.0,0.0,0.0,0.0,0.0,0.0,0.0,0.0,0.0,0.0,0.0,0.0,0.0,0.0,0.0,0.0,0.0,0.0,0.0,0.0,0.0,0.0,0.0,0.0,0.0,0.0,0.0,0.0,0.0,0.0,0.0,0.0,0.0,0.0,0.0,0.0,0.0,0.0,0.0,0.0,0.0,0.0,0.0,0.0,0.0,0.0,0.0,0.0,0.0,I
0.7075114846229553,0.5820339918136597,-1.9939683681968745e-07,0.6753220558166504,0.569112241268158,-0.015036084689199924,0.6472095847129822,0.5342538356781006,-0.0202568881213665,0.6412027478218079,0.49481984972953796,-0.02602813020348549,0.6475324630737305,0.466277539730072,-0.028888950124382973,0.6449466943740845,0.49913620948791504,0.0006747389561496675,0.6420434713363647,0.4638594388961792,-0.018466074019670486,0.6606734395027161,0.4857045114040375,-0.029948318377137184,0.6711593866348267,0.5122362971305847,-0.031760528683662415,0.662810742855072,0.4858669936656952,0.0037034284323453903,0.6653097867965698,0.4539429545402527,-0.017146211117506027,0.6821247339248657,0.48637300729751587,-0.026358773931860924,0.6881253123283386,0.5167222023010254,-0.025406386703252792,0.6799454092979431,0.47725996375083923,0.003085116157308221,0.6848782896995544,0.45135384798049927,-0.016911230981349945,0.6953336000442505,0.48503273725509644,-0.019920766353607178,0.6985387206077576,0.516372561454773,-0.013362126424908638,0.695005476474762,0.4724395275115967,0.0013987510465085506,0.6911484599113464,0.4309246242046356,-0.005682764574885368,0.6910562515258789,0.40568506717681885,-0.00536261685192585,0.6899621486663818,0.38679078221321106,-0.0010809974046424031,0.0,0.0,0.0,0.0,0.0,0.0,0.0,0.0,0.0,0.0,0.0,0.0,0.0,0.0,0.0,0.0,0.0,0.0,0.0,0.0,0.0,0.0,0.0,0.0,0.0,0.0,0.0,0.0,0.0,0.0,0.0,0.0,0.0,0.0,0.0,0.0,0.0,0.0,0.0,0.0,0.0,0.0,0.0,0.0,0.0,0.0,0.0,0.0,0.0,0.0,0.0,0.0,0.0,0.0,0.0,0.0,0.0,0.0,0.0,0.0,0.0,0.0,0.0,I
0.6984750628471375,0.5842039585113525,-1.085546088575029e-07,0.6824772953987122,0.5640990138053894,-0.025460610166192055,0.6606144309043884,0.5332270860671997,-0.034535281360149384,0.6535090208053589,0.49358874559402466,-0.0400012843310833,0.6564860343933105,0.46378904581069946,-0.04163948446512222,0.6339574456214905,0.5086461305618286,-0.011072905734181404,0.6500218510627747,0.46320247650146484,-0.027384862303733826,0.6651365160942078,0.4874187707901001,-0.037213075906038284,0.6680296659469604,0.51079922914505,-0.04044926539063454,0.6457507610321045,0.49785828590393066,-0.001242421567440033,0.6614012718200684,0.45713669061660767,-0.01918984390795231,0.6747097969055176,0.4862798750400543,-0.025490108877420425,0.6762265563011169,0.5101636052131653,-0.024245478212833405,0.6597414016723633,0.4881023168563843,0.004908740520477295,0.6727696061134338,0.45576372742652893,-0.011321288533508778,0.6809768676757812,0.48174917697906494,-0.012468777596950531,0.6812659502029419,0.5045760273933411,-0.00720931775867939,0.6729292273521423,0.4810316860675812,0.009196131490170956,0.6775887608528137,0.4551355540752411,0.0008849903242662549,0.6822794079780579,0.46896278858184814,0.001769152469933033,0.6827561259269714,0.48186764121055603,0.006408418994396925,0.0,0.0,0.0,0.0,0.0,0.0,0.0,0.0,0.0,0.0,0.0,0.0,0.0,0.0,0.0,0.0,0.0,0.0,0.0,0.0,0.0,0.0,0.0,0.0,0.0,0.0,0.0,0.0,0.0,0.0,0.0,0.0,0.0,0.0,0.0,0.0,0.0,0.0,0.0,0.0,0.0,0.0,0.0,0.0,0.0,0.0,0.0,0.0,0.0,0.0,0.0,0.0,0.0,0.0,0.0,0.0,0.0,0.0,0.0,0.0,0.0,0.0,0.0,I
0.6844329237937927,0.5825818777084351,-4.820791232873489e-08,0.686244785785675,0.5566316246986389,-0.012849041260778904,0.6774160265922546,0.5245822072029114,-0.022400008514523506,0.6729299426078796,0.4956900179386139,-0.03025892563164234,0.6721355319023132,0.47307464480400085,-0.03603735566139221,0.6307196617126465,0.5116746425628662,-0.015276946127414703,0.6538158059120178,0.4688552916049957,-0.030682101845741272,0.6720550656318665,0.47624287009239197,-0.04088173806667328,0.6767609119415283,0.4924120306968689,-0.046624556183815,0.6299416422843933,0.5132202506065369,-0.015160799026489258,0.6541340351104736,0.4701506495475769,-0.027983061969280243,0.6720188856124878,0.47883176803588867,-0.03145424276590347,0.6757229566574097,0.49323076009750366,-0.032809607684612274,0.6357408761978149,0.5153555870056152,-0.01683223806321621,0.658636212348938,0.47466862201690674,-0.028370195999741554,0.6749106645584106,0.48375365138053894,-0.024803537875413895,0.6783059239387512,0.4978620111942291,-0.020844075828790665,0.6453250050544739,0.5192070603370667,-0.019819989800453186,0.6627681255340576,0.4854256212711334,-0.02697567082941532,0.6762211322784424,0.49256831407546997,-0.02326144650578499,0.6798259019851685,0.5040180087089539,-0.019071146845817566,0.0,0.0,0.0,0.0,0.0,0.0,0.0,0.0,0.0,0.0,0.0,0.0,0.0,0.0,0.0,0.0,0.0,0.0,0.0,0.0,0.0,0.0,0.0,0.0,0.0,0.0,0.0,0.0,0.0,0.0,0.0,0.0,0.0,0.0,0.0,0.0,0.0,0.0,0.0,0.0,0.0,0.0,0.0,0.0,0.0,0.0,0.0,0.0,0.0,0.0,0.0,0.0,0.0,0.0,0.0,0.0,0.0,0.0,0.0,0.0,0.0,0.0,0.0,I
0.6913002133369446,0.5916183590888977,-4.06117450779675e-08,0.682880163192749,0.5656810402870178,-0.024024145677685738,0.6696991920471191,0.5325872302055359,-0.03230462223291397,0.6696208715438843,0.49489760398864746,-0.036602817475795746,0.6770763397216797,0.46632128953933716,-0.03715997561812401,0.6363042593002319,0.505961000919342,-0.008876537904143333,0.6568655967712402,0.46381494402885437,-0.019415248185396194,0.667812168598175,0.4828847646713257,-0.026366272941231728,0.6673076152801514,0.5023624300956726,-0.02945668436586857,0.6481980681419373,0.5026609301567078,0.0006120826583355665,0.6673621535301208,0.46434277296066284,-0.01005643792450428,0.6758361458778381,0.48376402258872986,-0.014644590206444263,0.6758792400360107,0.5019201040267944,-0.014866632409393787,0.6638020873069763,0.5014819502830505,0.006894028279930353,0.6802896857261658,0.470557302236557,-0.003951347433030605,0.6858954429626465,0.4894885718822479,-0.0050414246506989,0.684749186038971,0.5066058039665222,-0.002279787790030241,0.679747998714447,0.5035333633422852,0.011309417895972729,0.6898521780967712,0.4789161682128906,0.004840036854147911,0.6919834017753601,0.4920068681240082,0.00500181270763278,0.6890484690666199,0.5032852292060852,0.0076268813572824,0.0,0.0,0.0,0.0,0.0,0.0,0.0,0.0,0.0,0.0,0.0,0.0,0.0,0.0,0.0,0.0,0.0,0.0,0.0,0.0,0.0,0.0,0.0,0.0,0.0,0.0,0.0,0.0,0.0,0.0,0.0,0.0,0.0,0.0,0.0,0.0,0.0,0.0,0.0,0.0,0.0,0.0,0.0,0.0,0.0,0.0,0.0,0.0,0.0,0.0,0.0,0.0,0.0,0.0,0.0,0.0,0.0,0.0,0.0,0.0,0.0,0.0,0.0,I
0.7551872134208679,0.567070722579956,-3.031872495284915e-07,0.7176766395568848,0.5568583011627197,-0.0140122901648283,0.682490348815918,0.5174096822738647,-0.020253773778676987,0.6748916506767273,0.4701469838619232,-0.027689041569828987,0.6823491454124451,0.43094465136528015,-0.03215682506561279,0.6929845213890076,0.4566080570220947,0.0005804371321573853,0.6932081580162048,0.4238967001438141,-0.01991754025220871,0.7027141451835632,0.45752763748168945,-0.03172462806105614,0.7096514701843262,0.4900608956813812,-0.034240640699863434,0.7152910232543945,0.44669851660728455,0.0007842634804546833,0.7178087830543518,0.41687270998954773,-0.024608435109257698,0.7267659902572632,0.4625656306743622,-0.03442675620317459,0.731899082660675,0.4992952048778534,-0.03278560936450958,0.7379378080368042,0.4418701231479645,-0.0027836544904857874,0.7414480447769165,0.41384029388427734,-0.026790551841259003,0.7455504536628723,0.4562987685203552,-0.02821689285337925,0.747470498085022,0.4915918707847595,-0.019610177725553513,0.7594158053398132,0.4404064416885376,-0.0073472922667860985,0.7562519907951355,0.39084529876708984,-0.019197653979063034,0.754014790058136,0.3587794303894043,-0.0201023630797863,0.7509973049163818,0.3297351598739624,-0.015890711918473244,0.0,0.0,0.0,0.0,0.0,0.0,0.0,0.0,0.0,0.0,0.0,0.0,0.0,0.0,0.0,0.0,0.0,0.0,0.0,0.0,0.0,0.0,0.0,0.0,0.0,0.0,0.0,0.0,0.0,0.0,0.0,0.0,0.0,0.0,0.0,0.0,0.0,0.0,0.0,0.0,0.0,0.0,0.0,0.0,0.0,0.0,0.0,0.0,0.0,0.0,0.0,0.0,0.0,0.0,0.0,0.0,0.0,0.0,0.0,0.0,0.0,0.0,0.0,I
0.762539267539978,0.5625067949295044,-2.9043229687886196e-07,0.7224586606025696,0.553097128868103,-0.013145633041858673,0.6851599812507629,0.5134975910186768,-0.018770622089505196,0.6767500638961792,0.4650684893131256,-0.025972193107008934,0.6847729682922363,0.4254568815231323,-0.030340755358338356,0.6978384256362915,0.4517771303653717,0.003373224288225174,0.6964575052261353,0.41905835270881653,-0.017194299027323723,0.7076854705810547,0.45146873593330383,-0.029762763530015945,0.7159820199012756,0.4841620922088623,-0.03295635059475899,0.7210303544998169,0.44105011224746704,0.002952734474092722,0.7209179997444153,0.4084334373474121,-0.02271164394915104,0.7305525541305542,0.453230619430542,-0.03383306413888931,0.7359797358512878,0.49237602949142456,-0.03334416449069977,0.7446902990341187,0.4351579546928406,-0.0013783142203465104,0.746054470539093,0.40536001324653625,-0.025857368484139442,0.7489987015724182,0.4472062885761261,-0.028979932889342308,0.750063419342041,0.48459410667419434,-0.02171868458390236,0.7673636078834534,0.43270769715309143,-0.0066859847865998745,0.7645086646080017,0.38218674063682556,-0.019340554252266884,0.7621563076972961,0.34838518500328064,-0.021961931139230728,0.7587196230888367,0.3189878463745117,-0.019328610971570015,0.0,0.0,0.0,0.0,0.0,0.0,0.0,0.0,0.0,0.0,0.0,0.0,0.0,0.0,0.0,0.0,0.0,0.0,0.0,0.0,0.0,0.0,0.0,0.0,0.0,0.0,0.0,0.0,0.0,0.0,0.0,0.0,0.0,0.0,0.0,0.0,0.0,0.0,0.0,0.0,0.0,0.0,0.0,0.0,0.0,0.0,0.0,0.0,0.0,0.0,0.0,0.0,0.0,0.0,0.0,0.0,0.0,0.0,0.0,0.0,0.0,0.0,0.0,I
0.7632493376731873,0.5554967522621155,-3.6518918022920843e-07,0.7146874666213989,0.5404069423675537,-0.008545083925127983,0.6737611293792725,0.4958867132663727,-0.01299904752522707,0.6618616580963135,0.44856560230255127,-0.02047342248260975,0.6763898134231567,0.4161641597747803,-0.025058377534151077,0.6954004764556885,0.42676976323127747,0.005843712482601404,0.6881496906280518,0.3912927210330963,-0.014789534732699394,0.6942421793937683,0.4312207102775574,-0.026085058227181435,0.7010300755500793,0.46639639139175415,-0.028470478951931,0.722585141658783,0.4190213680267334,0.0019553955644369125,0.7160406112670898,0.38460397720336914,-0.025541530922055244,0.7210022807121277,0.43807452917099,-0.035551588982343674,0.7249153852462769,0.4796065390110016,-0.03344562649726868,0.751025378704071,0.4164961576461792,-0.005478729959577322,0.7447069883346558,0.38711559772491455,-0.03166189789772034,0.7452880144119263,0.43773624300956726,-0.032778311520814896,0.7466652989387512,0.478051096200943,-0.023248078301548958,0.7797500491142273,0.4173905849456787,-0.01359527837485075,0.778221607208252,0.3598974943161011,-0.026710588485002518,0.775514543056488,0.3226969838142395,-0.02841908484697342,0.7713502049446106,0.28842270374298096,-0.02490275911986828,0.0,0.0,0.0,0.0,0.0,0.0,0.0,0.0,0.0,0.0,0.0,0.0,0.0,0.0,0.0,0.0,0.0,0.0,0.0,0.0,0.0,0.0,0.0,0.0,0.0,0.0,0.0,0.0,0.0,0.0,0.0,0.0,0.0,0.0,0.0,0.0,0.0,0.0,0.0,0.0,0.0,0.0,0.0,0.0,0.0,0.0,0.0,0.0,0.0,0.0,0.0,0.0,0.0,0.0,0.0,0.0,0.0,0.0,0.0,0.0,0.0,0.0,0.0,I
0.7697669267654419,0.5518808364868164,-4.002951641268737e-07,0.7157078981399536,0.535284161567688,-0.009345985017716885,0.6719518303871155,0.48676005005836487,-0.01358399260789156,0.6593306660652161,0.43594640493392944,-0.02139180339872837,0.6716100573539734,0.3974401652812958,-0.026104573160409927,0.6967978477478027,0.4089844226837158,0.010256352834403515,0.6879317164421082,0.37388649582862854,-0.011708053760230541,0.6931657195091248,0.41688841581344604,-0.024072356522083282,0.6999757885932922,0.455215185880661,-0.026569949463009834,0.7255133390426636,0.40067535638809204,0.005964792799204588,0.7174938321113586,0.3668440282344818,-0.02395472675561905,0.721275806427002,0.42561718821525574,-0.036246638745069504,0.7251993417739868,0.47058603167533875,-0.034803614020347595,0.7558382749557495,0.3980470299720764,-0.0024411887861788273,0.7484118342399597,0.36862388253211975,-0.03151308372616768,0.7467354536056519,0.42528513073921204,-0.034056831151247025,0.7473559379577637,0.46934401988983154,-0.024261103942990303,0.7866902351379395,0.3984706401824951,-0.011539936996996403,0.7847602367401123,0.33606335520744324,-0.02604057267308235,0.7814565300941467,0.2956281304359436,-0.028186874464154243,0.7767350673675537,0.25767409801483154,-0.024362176656723022,0.0,0.0,0.0,0.0,0.0,0.0,0.0,0.0,0.0,0.0,0.0,0.0,0.0,0.0,0.0,0.0,0.0,0.0,0.0,0.0,0.0,0.0,0.0,0.0,0.0,0.0,0.0,0.0,0.0,0.0,0.0,0.0,0.0,0.0,0.0,0.0,0.0,0.0,0.0,0.0,0.0,0.0,0.0,0.0,0.0,0.0,0.0,0.0,0.0,0.0,0.0,0.0,0.0,0.0,0.0,0.0,0.0,0.0,0.0,0.0,0.0,0.0,0.0,I
0.780737578868866,0.5607908964157104,-4.383468024116155e-07,0.7222668528556824,0.5414091944694519,-0.00940591562539339,0.6745558381080627,0.4900370240211487,-0.014088745228946209,0.6600001454353333,0.4345318675041199,-0.0227546077221632,0.6729835271835327,0.3907757103443146,-0.02834116294980049,0.7035813331604004,0.40761542320251465,0.01163104921579361,0.6940699815750122,0.36728769540786743,-0.011210453696548939,0.6973543763160706,0.4106714427471161,-0.024721810594201088,0.7027816772460938,0.45324262976646423,-0.027846690267324448,0.7342708110809326,0.39801138639450073,0.006918836385011673,0.7243538498878479,0.36301782727241516,-0.023342352360486984,0.7265536189079285,0.42350366711616516,-0.03703351691365242,0.7293057441711426,0.47227829694747925,-0.0368197076022625,0.7672560214996338,0.39420121908187866,-0.002072998322546482,0.7566329836845398,0.36256664991378784,-0.0317833237349987,0.7546198964118958,0.4203573763370514,-0.03570614755153656,0.7554213404655457,0.467342346906662,-0.026835475116968155,0.8012826442718506,0.39366090297698975,-0.011750145815312862,0.7995396256446838,0.32563936710357666,-0.02687370590865612,0.7946186661720276,0.282100111246109,-0.030032765120267868,0.7876214385032654,0.2434297800064087,-0.027018267661333084,0.0,0.0,0.0,0.0,0.0,0.0,0.0,0.0,0.0,0.0,0.0,0.0,0.0,0.0,0.0,0.0,0.0,0.0,0.0,0.0,0.0,0.0,0.0,0.0,0.0,0.0,0.0,0.0,0.0,0.0,0.0,0.0,0.0,0.0,0.0,0.0,0.0,0.0,0.0,0.0,0.0,0.0,0.0,0.0,0.0,0.0,0.0,0.0,0.0,0.0,0.0,0.0,0.0,0.0,0.0,0.0,0.0,0.0,0.0,0.0,0.0,0.0,0.0,I
0.785697877407074,0.5643215179443359,-4.6882183823981904e-07,0.7222009897232056,0.5430594682693481,-0.010614709928631783,0.6737046837806702,0.4875011742115021,-0.01583009958267212,0.6586921215057373,0.4301947355270386,-0.02553105540573597,0.6694239377975464,0.3832724988460541,-0.03189074993133545,0.7043792009353638,0.39975330233573914,0.013246671296656132,0.6923065185546875,0.3568587005138397,-0.01225110050290823,0.6950222849845886,0.40399378538131714,-0.02725837752223015,0.7003430128097534,0.4497016668319702,-0.03059573471546173,0.735688328742981,0.3904019594192505,0.008162465877830982,0.7229734659194946,0.3517777919769287,-0.026060737669467926,0.7244104146957397,0.4175419807434082,-0.04163496941328049,0.727544367313385,0.4701768159866333,-0.0413549542427063,0.7701044678688049,0.38675832748413086,-0.001712473458610475,0.7565920948982239,0.3520885705947876,-0.03511720523238182,0.7533807158470154,0.41569387912750244,-0.03984268009662628,0.7547692060470581,0.4665640592575073,-0.02992922253906727,0.8059726357460022,0.3857680857181549,-0.012390115298330784,0.8035734295845032,0.31239140033721924,-0.02928101271390915,0.7970291972160339,0.2652502655982971,-0.0330657958984375,0.7887728810310364,0.2232861965894699,-0.029765387997031212,0.0,0.0,0.0,0.0,0.0,0.0,0.0,0.0,0.0,0.0,0.0,0.0,0.0,0.0,0.0,0.0,0.0,0.0,0.0,0.0,0.0,0.0,0.0,0.0,0.0,0.0,0.0,0.0,0.0,0.0,0.0,0.0,0.0,0.0,0.0,0.0,0.0,0.0,0.0,0.0,0.0,0.0,0.0,0.0,0.0,0.0,0.0,0.0,0.0,0.0,0.0,0.0,0.0,0.0,0.0,0.0,0.0,0.0,0.0,0.0,0.0,0.0,0.0,I
0.781319797039032,0.558175265789032,-5.056048166807159e-07,0.7153328061103821,0.5383437275886536,-0.009788447059690952,0.6616609692573547,0.4814741909503937,-0.015395751222968102,0.6428616642951965,0.42396265268325806,-0.02577945776283741,0.6526443362236023,0.3724602162837982,-0.032341744750738144,0.6908186674118042,0.393718957901001,0.010268733836710453,0.6746079325675964,0.34878045320510864,-0.01714501902461052,0.6795085668563843,0.403317391872406,-0.031625133007764816,0.6894217729568481,0.4469210207462311,-0.034313663840293884,0.7226383686065674,0.3813343644142151,0.004138346761465073,0.7062557935714722,0.339135080575943,-0.031006455421447754,0.71150803565979,0.4099331200122833,-0.0433560274541378,0.7210437655448914,0.46044301986694336,-0.040572039783000946,0.7583200931549072,0.37524834275245667,-0.006872706580907106,0.7414190173149109,0.3389899730682373,-0.04078712686896324,0.742814302444458,0.4066247344017029,-0.04151435196399689,0.7502784729003906,0.4580802321434021,-0.02871689945459366,0.7962720990180969,0.37183982133865356,-0.018804622814059258,0.7898314595222473,0.29251962900161743,-0.03607144206762314,0.779446542263031,0.24352706968784332,-0.038215722888708115,0.7686371207237244,0.20100533962249756,-0.03353326395153999,0.0,0.0,0.0,0.0,0.0,0.0,0.0,0.0,0.0,0.0,0.0,0.0,0.0,0.0,0.0,0.0,0.0,0.0,0.0,0.0,0.0,0.0,0.0,0.0,0.0,0.0,0.0,0.0,0.0,0.0,0.0,0.0,0.0,0.0,0.0,0.0,0.0,0.0,0.0,0.0,0.0,0.0,0.0,0.0,0.0,0.0,0.0,0.0,0.0,0.0,0.0,0.0,0.0,0.0,0.0,0.0,0.0,0.0,0.0,0.0,0.0,0.0,0.0,I
0.7566864490509033,0.5554280281066895,-5.351207619241904e-07,0.6927632689476013,0.5358323454856873,-0.006575592793524265,0.6415049433708191,0.475326269865036,-0.010015110485255718,0.6255919933319092,0.4165905714035034,-0.018682589754462242,0.6322380900382996,0.3635448217391968,-0.02481476031243801,0.6781124472618103,0.38570669293403625,0.0138920359313488,0.6631295680999756,0.344681054353714,-0.010878783650696278,0.661562442779541,0.39309418201446533,-0.025592898949980736,0.6663116216659546,0.4413856267929077,-0.028524957597255707,0.7083142995834351,0.3746855854988098,0.006942997220903635,0.689409077167511,0.3319993019104004,-0.025518139824271202,0.6876136064529419,0.39637356996536255,-0.04053960368037224,0.692493736743927,0.4527614414691925,-0.04000581055879593,0.7430781722068787,0.3686126470565796,-0.0040638563223183155,0.7225293517112732,0.33425095677375793,-0.03636360168457031,0.7184590101242065,0.398062139749527,-0.04099828004837036,0.7226396203041077,0.45073023438453674,-0.031005490571260452,0.780082643032074,0.3635479807853699,-0.015375612303614616,0.7712519764900208,0.2835943102836609,-0.03186734765768051,0.7602617144584656,0.23364821076393127,-0.03491015359759331,0.7486171126365662,0.19159701466560364,-0.0309954471886158,0.0,0.0,0.0,0.0,0.0,0.0,0.0,0.0,0.0,0.0,0.0,0.0,0.0,0.0,0.0,0.0,0.0,0.0,0.0,0.0,0.0,0.0,0.0,0.0,0.0,0.0,0.0,0.0,0.0,0.0,0.0,0.0,0.0,0.0,0.0,0.0,0.0,0.0,0.0,0.0,0.0,0.0,0.0,0.0,0.0,0.0,0.0,0.0,0.0,0.0,0.0,0.0,0.0,0.0,0.0,0.0,0.0,0.0,0.0,0.0,0.0,0.0,0.0,I
0.7435612678527832,0.6285068988800049,-8.060798108999734e-07,0.6862068772315979,0.5751189589500427,-0.0017394667956978083,0.648290753364563,0.5025473833084106,-0.005000435747206211,0.6342295408248901,0.44345822930336,-0.01598655804991722,0.6430522799491882,0.3882095217704773,-0.02371002919971943,0.7004594802856445,0.42716026306152344,0.02137470804154873,0.6740887761116028,0.3868040144443512,-0.008720476180315018,0.6626449823379517,0.44352081418037415,-0.025750048458576202,0.6641301512718201,0.49059656262397766,-0.027758194133639336,0.7213316559791565,0.42214435338974,0.011289544403553009,0.6870200037956238,0.3831905722618103,-0.027051672339439392,0.6821500062942505,0.45417922735214233,-0.041794970631599426,0.6894406080245972,0.5048929452896118,-0.03912794962525368,0.7474009394645691,0.4180475175380707,-0.0031670688185840845,0.7081827521324158,0.38405099511146545,-0.039533574134111404,0.7049914002418518,0.4512535631656647,-0.04228168725967407,0.7181234359741211,0.502234935760498,-0.02830822952091694,0.7770244479179382,0.41224226355552673,-0.017814073711633682,0.7684147357940674,0.3179418444633484,-0.03306127339601517,0.749033510684967,0.2618420124053955,-0.032890524715185165,0.7309626936912537,0.21941550076007843,-0.025222353637218475,0.0,0.0,0.0,0.0,0.0,0.0,0.0,0.0,0.0,0.0,0.0,0.0,0.0,0.0,0.0,0.0,0.0,0.0,0.0,0.0,0.0,0.0,0.0,0.0,0.0,0.0,0.0,0.0,0.0,0.0,0.0,0.0,0.0,0.0,0.0,0.0,0.0,0.0,0.0,0.0,0.0,0.0,0.0,0.0,0.0,0.0,0.0,0.0,0.0,0.0,0.0,0.0,0.0,0.0,0.0,0.0,0.0,0.0,0.0,0.0,0.0,0.0,0.0,I
0.7461729645729065,0.6903890371322632,-7.984469334587629e-07,0.6947255730628967,0.6014835238456726,0.011938768438994884,0.6764246225357056,0.5211330652236938,0.011683573015034199,0.6649113893508911,0.4646647572517395,0.0023216528352349997,0.6662825345993042,0.41517460346221924,-0.00377808790653944,0.7943828105926514,0.44973108172416687,0.023943835869431496,0.7462900876998901,0.3747279942035675,0.007179241627454758,0.7136648893356323,0.34313374757766724,-0.0010912155266851187,0.6970518231391907,0.32038915157318115,-0.0036558909341692924,0.8060263991355896,0.4581548273563385,0.0023231464438140392,0.7078731060028076,0.4185664653778076,-0.03471200168132782,0.6884238123893738,0.48418495059013367,-0.04628780856728554,0.6986675262451172,0.5322725772857666,-0.04429326206445694,0.8034620881080627,0.4699717164039612,-0.021177489310503006,0.70831698179245,0.4339621663093567,-0.0584404394030571,0.6907873749732971,0.49825215339660645,-0.05691460520029068,0.7010992169380188,0.5478081703186035,-0.04345129057765007,0.790494441986084,0.48191171884536743,-0.04414649307727814,0.7683156132698059,0.3803654611110687,-0.06775283068418503,0.7467702627182007,0.3215460181236267,-0.06761489808559418,0.7327395677566528,0.2767931818962097,-0.06037386506795883,0.0,0.0,0.0,0.0,0.0,0.0,0.0,0.0,0.0,0.0,0.0,0.0,0.0,0.0,0.0,0.0,0.0,0.0,0.0,0.0,0.0,0.0,0.0,0.0,0.0,0.0,0.0,0.0,0.0,0.0,0.0,0.0,0.0,0.0,0.0,0.0,0.0,0.0,0.0,0.0,0.0,0.0,0.0,0.0,0.0,0.0,0.0,0.0,0.0,0.0,0.0,0.0,0.0,0.0,0.0,0.0,0.0,0.0,0.0,0.0,0.0,0.0,0.0,I
0.7544525861740112,0.7118628025054932,-9.930133728630608e-07,0.7043347954750061,0.6220871210098267,0.004065971355885267,0.6946390867233276,0.5439872145652771,0.0014218057040125132,0.6845670938491821,0.4848477840423584,-0.006470316089689732,0.6766279339790344,0.43476593494415283,-0.007509120739996433,0.8202537894248962,0.47220394015312195,0.011759025976061821,0.7364068031311035,0.41461873054504395,-0.013951449654996395,0.6971444487571716,0.4678097069263458,-0.02901003509759903,0.6907152533531189,0.5216594338417053,-0.0329819954931736,0.8218311667442322,0.47783607244491577,-0.002361707389354706,0.715918242931366,0.4294186532497406,-0.03266725689172745,0.696560263633728,0.49492377042770386,-0.04038462042808533,0.7026716470718384,0.5393401384353638,-0.03945634514093399,0.8082168698310852,0.49151715636253357,-0.019590014591813087,0.7123061418533325,0.4452674388885498,-0.04939567670226097,0.6936979293823242,0.5068464875221252,-0.04600071534514427,0.7005234360694885,0.5523847937583923,-0.0357496477663517,0.7816439867019653,0.5064647793769836,-0.03714130073785782,0.7483981847763062,0.40842634439468384,-0.061255618929862976,0.7235668897628784,0.3495025038719177,-0.06559106707572937,0.7068748474121094,0.30158644914627075,-0.06273645162582397,0.0,0.0,0.0,0.0,0.0,0.0,0.0,0.0,0.0,0.0,0.0,0.0,0.0,0.0,0.0,0.0,0.0,0.0,0.0,0.0,0.0,0.0,0.0,0.0,0.0,0.0,0.0,0.0,0.0,0.0,0.0,0.0,0.0,0.0,0.0,0.0,0.0,0.0,0.0,0.0,0.0,0.0,0.0,0.0,0.0,0.0,0.0,0.0,0.0,0.0,0.0,0.0,0.0,0.0,0.0,0.0,0.0,0.0,0.0,0.0,0.0,0.0,0.0,I
0.7476591467857361,0.7335580587387085,-9.440889812140085e-07,0.7095146775245667,0.6278185844421387,0.018543213605880737,0.7051472663879395,0.5448935031890869,0.020605238154530525,0.6917654871940613,0.48442935943603516,0.015107862651348114,0.6801174283027649,0.4449370503425598,0.013789363205432892,0.8251641988754272,0.4796908497810364,0.01923694647848606,0.7379431128501892,0.39734381437301636,0.0027063118759542704,0.7005866169929504,0.4436705708503723,-0.006316861137747765,0.696557343006134,0.49579426646232605,-0.007383149117231369,0.8167828917503357,0.48521777987480164,-0.00021559686865657568,0.7177484631538391,0.4121299088001251,-0.018676633015275,0.6915385723114014,0.46417367458343506,-0.02415722794830799,0.690324068069458,0.5054596066474915,-0.02451348304748535,0.7914847135543823,0.5010664463043213,-0.020348424091935158,0.6997804641723633,0.43011271953582764,-0.03786676004528999,0.6759823560714722,0.4859078824520111,-0.03488817811012268,0.6800459623336792,0.5289314389228821,-0.028978431597352028,0.7526447772979736,0.5208029747009277,-0.03939928859472275,0.7153611183166504,0.41335946321487427,-0.05447373539209366,0.6909722685813904,0.3495691418647766,-0.058312539011240005,0.678821325302124,0.29560166597366333,-0.05813177302479744,0.0,0.0,0.0,0.0,0.0,0.0,0.0,0.0,0.0,0.0,0.0,0.0,0.0,0.0,0.0,0.0,0.0,0.0,0.0,0.0,0.0,0.0,0.0,0.0,0.0,0.0,0.0,0.0,0.0,0.0,0.0,0.0,0.0,0.0,0.0,0.0,0.0,0.0,0.0,0.0,0.0,0.0,0.0,0.0,0.0,0.0,0.0,0.0,0.0,0.0,0.0,0.0,0.0,0.0,0.0,0.0,0.0,0.0,0.0,0.0,0.0,0.0,0.0,I
0.7220296263694763,0.7399731874465942,-7.08402069449221e-07,0.7524762153625488,0.6593232154846191,0.013048382475972176,0.7584834098815918,0.5511590838432312,0.012169677764177322,0.7413647174835205,0.46674221754074097,0.008044163696467876,0.7055888772010803,0.4360998272895813,0.006763854995369911,0.801176130771637,0.473696231842041,-0.013638491742312908,0.7171653509140015,0.3928164839744568,-0.0235297791659832,0.700517475605011,0.44463351368904114,-0.024782583117485046,0.7102729082107544,0.48125743865966797,-0.02524949051439762,0.7768725156784058,0.4862160384654999,-0.027617843821644783,0.689353883266449,0.4126121997833252,-0.035555120557546616,0.6795787811279297,0.46457505226135254,-0.02912493422627449,0.6871642470359802,0.49227815866470337,-0.02775021456182003,0.7359802722930908,0.5071831345558167,-0.03992900997400284,0.6596449613571167,0.42854970693588257,-0.047795750200748444,0.653213620185852,0.4788258671760559,-0.03630625829100609,0.6631022691726685,0.5160335898399353,-0.031259648501873016,0.6851531863212585,0.5303654670715332,-0.0511031299829483,0.6482874751091003,0.42553722858428955,-0.06427508592605591,0.629301130771637,0.3623799979686737,-0.067564457654953,0.6161292791366577,0.30453869700431824,-0.07066348195075989,0.0,0.0,0.0,0.0,0.0,0.0,0.0,0.0,0.0,0.0,0.0,0.0,0.0,0.0,0.0,0.0,0.0,0.0,0.0,0.0,0.0,0.0,0.0,0.0,0.0,0.0,0.0,0.0,0.0,0.0,0.0,0.0,0.0,0.0,0.0,0.0,0.0,0.0,0.0,0.0,0.0,0.0,0.0,0.0,0.0,0.0,0.0,0.0,0.0,0.0,0.0,0.0,0.0,0.0,0.0,0.0,0.0,0.0,0.0,0.0,0.0,0.0,0.0,I
0.7035111784934998,0.7401390671730042,-6.815515689595486e-07,0.7407243847846985,0.6574311256408691,0.01599772833287716,0.749380886554718,0.5542664527893066,0.014169221743941307,0.7293447256088257,0.472664475440979,0.009441850706934929,0.6921547055244446,0.44323834776878357,0.006511561572551727,0.7824364900588989,0.48219096660614014,-0.021072348579764366,0.7030785083770752,0.3912866711616516,-0.03047100082039833,0.6879278421401978,0.4390456974506378,-0.028382157906889915,0.6985895037651062,0.47728267312049866,-0.025610703974962234,0.7505072355270386,0.49446043372154236,-0.03568915277719498,0.6712278723716736,0.4126100242137909,-0.04197128489613533,0.6604984402656555,0.46185845136642456,-0.03211004287004471,0.6691268682479858,0.49187129735946655,-0.02852126955986023,0.7043018937110901,0.5136716961860657,-0.04751130938529968,0.6360192894935608,0.4276531934738159,-0.05281742662191391,0.6314160227775574,0.4749995470046997,-0.03911511227488518,0.6444903016090393,0.5107874870300293,-0.03329828754067421,0.6504807472229004,0.5351138710975647,-0.05748414248228073,0.6126044988632202,0.42845094203948975,-0.06672608107328415,0.5924637913703918,0.36987602710723877,-0.06653039157390594,0.5798371434211731,0.3139444589614868,-0.06769753247499466,0.0,0.0,0.0,0.0,0.0,0.0,0.0,0.0,0.0,0.0,0.0,0.0,0.0,0.0,0.0,0.0,0.0,0.0,0.0,0.0,0.0,0.0,0.0,0.0,0.0,0.0,0.0,0.0,0.0,0.0,0.0,0.0,0.0,0.0,0.0,0.0,0.0,0.0,0.0,0.0,0.0,0.0,0.0,0.0,0.0,0.0,0.0,0.0,0.0,0.0,0.0,0.0,0.0,0.0,0.0,0.0,0.0,0.0,0.0,0.0,0.0,0.0,0.0,I
0.6823769807815552,0.7565649151802063,-6.771218750145636e-07,0.7204291820526123,0.6633089780807495,0.02025405503809452,0.7219603061676025,0.5567391514778137,0.02024896629154682,0.6917915940284729,0.47789067029953003,0.016492778435349464,0.653501033782959,0.4499985873699188,0.01366823073476553,0.7535662055015564,0.497437059879303,-0.01979665644466877,0.6775433421134949,0.39948150515556335,-0.030817734077572823,0.6591581106185913,0.44398975372314453,-0.02919340692460537,0.6710748672485352,0.48144543170928955,-0.02579267881810665,0.7111948728561401,0.5166800022125244,-0.0367121659219265,0.637294352054596,0.4259116053581238,-0.04499465227127075,0.6240794062614441,0.46876558661460876,-0.03558462858200073,0.6355123519897461,0.49962401390075684,-0.030823098495602608,0.6594479084014893,0.5406981110572815,-0.05044184625148773,0.5966396927833557,0.4516216516494751,-0.05679003894329071,0.5898016095161438,0.4903287887573242,-0.04443179816007614,0.6040932536125183,0.5233370661735535,-0.038273364305496216,0.6043882966041565,0.5633103251457214,-0.06158875301480293,0.5670352578163147,0.4528997540473938,-0.06835164874792099,0.5452054738998413,0.3921789526939392,-0.06645692884922028,0.5332249999046326,0.33888524770736694,-0.06632259488105774,0.0,0.0,0.0,0.0,0.0,0.0,0.0,0.0,0.0,0.0,0.0,0.0,0.0,0.0,0.0,0.0,0.0,0.0,0.0,0.0,0.0,0.0,0.0,0.0,0.0,0.0,0.0,0.0,0.0,0.0,0.0,0.0,0.0,0.0,0.0,0.0,0.0,0.0,0.0,0.0,0.0,0.0,0.0,0.0,0.0,0.0,0.0,0.0,0.0,0.0,0.0,0.0,0.0,0.0,0.0,0.0,0.0,0.0,0.0,0.0,0.0,0.0,0.0,I
0.6926872730255127,0.7495369911193848,-7.749632686682162e-07,0.707551896572113,0.6511225700378418,0.023158641532063484,0.7040645480155945,0.5512785911560059,0.02433907799422741,0.6809021234512329,0.47796332836151123,0.01852395012974739,0.6501585841178894,0.4473360776901245,0.014481911435723305,0.7466592788696289,0.4787774682044983,0.004148911684751511,0.6564701795578003,0.40487441420555115,-0.0065231602638959885,0.6355696320533752,0.45161548256874084,-0.009149736724793911,0.643259584903717,0.49334314465522766,-0.007817965000867844,0.7231835722923279,0.4910891056060791,-0.01528406236320734,0.6303364634513855,0.429184228181839,-0.025782441720366478,0.6164631247520447,0.47596973180770874,-0.024881655350327492,0.6224806904792786,0.5109857320785522,-0.024664821103215218,0.6879258751869202,0.5141329169273376,-0.032827701419591904,0.6076719760894775,0.4469122886657715,-0.042707838118076324,0.5947566032409668,0.49379315972328186,-0.037000466138124466,0.6032842993736267,0.5314835906028748,-0.033436018973588943,0.6452624797821045,0.5405426025390625,-0.0481632798910141,0.6033970713615417,0.44100451469421387,-0.05651656165719032,0.5761175751686096,0.38164272904396057,-0.05736691877245903,0.557712197303772,0.32900169491767883,-0.058073535561561584,0.0,0.0,0.0,0.0,0.0,0.0,0.0,0.0,0.0,0.0,0.0,0.0,0.0,0.0,0.0,0.0,0.0,0.0,0.0,0.0,0.0,0.0,0.0,0.0,0.0,0.0,0.0,0.0,0.0,0.0,0.0,0.0,0.0,0.0,0.0,0.0,0.0,0.0,0.0,0.0,0.0,0.0,0.0,0.0,0.0,0.0,0.0,0.0,0.0,0.0,0.0,0.0,0.0,0.0,0.0,0.0,0.0,0.0,0.0,0.0,0.0,0.0,0.0,I
0.6962282657623291,0.7317516207695007,-9.713419331092155e-07,0.6456126570701599,0.6457736492156982,0.014494613744318485,0.6308636665344238,0.567161500453949,0.015706168487668037,0.6141705513000488,0.5060163140296936,0.009966650046408176,0.5994156002998352,0.45838212966918945,0.009005268104374409,0.7417566776275635,0.475828617811203,0.014731662347912788,0.648546576499939,0.41287708282470703,-0.003733356250450015,0.6157554984092712,0.46161600947380066,-0.013177233748137951,0.6158723831176758,0.5055703520774841,-0.014527298510074615,0.739370584487915,0.48162874579429626,-0.002537692664191127,0.6313428282737732,0.43798327445983887,-0.025988638401031494,0.616352379322052,0.5009907484054565,-0.031626805663108826,0.62406325340271,0.5422932505607605,-0.030749354511499405,0.7204610705375671,0.498626172542572,-0.020841319113969803,0.6228658556938171,0.46099358797073364,-0.04399731755256653,0.6109756231307983,0.5270706415176392,-0.0404527448117733,0.6219962239265442,0.5721018314361572,-0.032371021807193756,0.687791645526886,0.5189836025238037,-0.03811784088611603,0.6388702988624573,0.42832133173942566,-0.056682419031858444,0.6087263822555542,0.37561169266700745,-0.06044134870171547,0.5902658700942993,0.32896342873573303,-0.05897989124059677,0.0,0.0,0.0,0.0,0.0,0.0,0.0,0.0,0.0,0.0,0.0,0.0,0.0,0.0,0.0,0.0,0.0,0.0,0.0,0.0,0.0,0.0,0.0,0.0,0.0,0.0,0.0,0.0,0.0,0.0,0.0,0.0,0.0,0.0,0.0,0.0,0.0,0.0,0.0,0.0,0.0,0.0,0.0,0.0,0.0,0.0,0.0,0.0,0.0,0.0,0.0,0.0,0.0,0.0,0.0,0.0,0.0,0.0,0.0,0.0,0.0,0.0,0.0,I
0.7062087655067444,0.7110198736190796,-9.737860864333925e-07,0.6482774019241333,0.6441707015037537,0.006894624792039394,0.6246792078018188,0.569243311882019,0.0060433028265833855,0.6085213422775269,0.5121233463287354,-0.0006987937958911061,0.5998703837394714,0.4654722213745117,-0.000839672633446753,0.7334696054458618,0.4792267680168152,0.010532950982451439,0.6574234962463379,0.4348777234554291,-0.011297582648694515,0.6267508864402771,0.4841158390045166,-0.021887678653001785,0.6236933469772339,0.5257006287574768,-0.024556126445531845,0.739393949508667,0.4821535050868988,-0.0058118244633078575,0.6361470818519592,0.4580843150615692,-0.033611711114645004,0.6263005137443542,0.5247496962547302,-0.036844562739133835,0.6392982602119446,0.5618875622749329,-0.0340750515460968,0.7310943007469177,0.4961797893047333,-0.025138452649116516,0.6358802914619446,0.4709565341472626,-0.05367753282189369,0.6278852820396423,0.5351873636245728,-0.04690108820796013,0.6426742672920227,0.5757544040679932,-0.03583931922912598,0.711248517036438,0.5134249329566956,-0.044686459004879,0.6687650084495544,0.42558854818344116,-0.07038567215204239,0.6367558240890503,0.37655889987945557,-0.07477463036775589,0.6145723462104797,0.33705538511276245,-0.0727522075176239,0.0,0.0,0.0,0.0,0.0,0.0,0.0,0.0,0.0,0.0,0.0,0.0,0.0,0.0,0.0,0.0,0.0,0.0,0.0,0.0,0.0,0.0,0.0,0.0,0.0,0.0,0.0,0.0,0.0,0.0,0.0,0.0,0.0,0.0,0.0,0.0,0.0,0.0,0.0,0.0,0.0,0.0,0.0,0.0,0.0,0.0,0.0,0.0,0.0,0.0,0.0,0.0,0.0,0.0,0.0,0.0,0.0,0.0,0.0,0.0,0.0,0.0,0.0,I
0.7110424041748047,0.6970871090888977,-8.483112310386787e-07,0.6543921232223511,0.6301252841949463,0.007933164946734905,0.6304262280464172,0.5573678612709045,0.005855875555425882,0.6141694784164429,0.5035315155982971,-0.00366221577860415,0.6050221920013428,0.4544982314109802,-0.008210844360291958,0.7352627515792847,0.46689656376838684,0.018291449174284935,0.6702422499656677,0.42149102687835693,-0.0038516775239259005,0.6379417777061462,0.44075313210487366,-0.01675967313349247,0.6275961399078369,0.4556022882461548,-0.02145599201321602,0.7409605383872986,0.4704488217830658,-0.00071250757900998,0.6467638611793518,0.4492563009262085,-0.032842256128787994,0.6378098130226135,0.5150006413459778,-0.04051893949508667,0.6496835350990295,0.5517353415489197,-0.03882630914449692,0.7347396612167358,0.4829539954662323,-0.02288145385682583,0.6460496783256531,0.461955189704895,-0.054829251021146774,0.640416145324707,0.526970624923706,-0.04963139444589615,0.6555110812187195,0.5681790709495544,-0.03745238482952118,0.7184376120567322,0.4970920979976654,-0.04533282294869423,0.6821867227554321,0.41093313694000244,-0.06776174157857895,0.6550638675689697,0.36275506019592285,-0.06866075098514557,0.6371110081672668,0.3227681815624237,-0.06402827799320221,0.0,0.0,0.0,0.0,0.0,0.0,0.0,0.0,0.0,0.0,0.0,0.0,0.0,0.0,0.0,0.0,0.0,0.0,0.0,0.0,0.0,0.0,0.0,0.0,0.0,0.0,0.0,0.0,0.0,0.0,0.0,0.0,0.0,0.0,0.0,0.0,0.0,0.0,0.0,0.0,0.0,0.0,0.0,0.0,0.0,0.0,0.0,0.0,0.0,0.0,0.0,0.0,0.0,0.0,0.0,0.0,0.0,0.0,0.0,0.0,0.0,0.0,0.0,I
0.7113180160522461,0.6841334700584412,-7.012994842625631e-07,0.6533750891685486,0.6275871396064758,0.0064299688674509525,0.6243669390678406,0.5598961710929871,0.004085558000952005,0.6051669716835022,0.5113022923469543,-0.005876981187611818,0.6017703413963318,0.4630165696144104,-0.011987299658358097,0.7185155749320984,0.46479687094688416,0.0192400012165308,0.6716874241828918,0.41050878167152405,0.0021031536161899567,0.6385250091552734,0.39512041211128235,-0.007144836708903313,0.6201997995376587,0.38404589891433716,-0.010580455884337425,0.7306522130966187,0.46841463446617126,0.0009477115818299353,0.645619809627533,0.45324867963790894,-0.03249876946210861,0.6370300054550171,0.5145828127861023,-0.04242255911231041,0.651025116443634,0.5522089004516602,-0.040971238166093826,0.7326574325561523,0.47827258706092834,-0.019964685663580894,0.6482611298561096,0.46390655636787415,-0.05307050049304962,0.640549898147583,0.5233578085899353,-0.05021979659795761,0.6543856859207153,0.5642656683921814,-0.03793071582913399,0.7258020043373108,0.48908892273902893,-0.04114006832242012,0.6946104168891907,0.40517598390579224,-0.06218615919351578,0.6673634052276611,0.3584288954734802,-0.06162382289767265,0.6474658846855164,0.3228779733181,-0.055308952927589417,0.0,0.0,0.0,0.0,0.0,0.0,0.0,0.0,0.0,0.0,0.0,0.0,0.0,0.0,0.0,0.0,0.0,0.0,0.0,0.0,0.0,0.0,0.0,0.0,0.0,0.0,0.0,0.0,0.0,0.0,0.0,0.0,0.0,0.0,0.0,0.0,0.0,0.0,0.0,0.0,0.0,0.0,0.0,0.0,0.0,0.0,0.0,0.0,0.0,0.0,0.0,0.0,0.0,0.0,0.0,0.0,0.0,0.0,0.0,0.0,0.0,0.0,0.0,I
0.7188205122947693,0.6901360750198364,-7.357359095294669e-07,0.6608878970146179,0.6426898241043091,0.00335192633792758,0.6216750741004944,0.5781167149543762,0.0037125996313989162,0.6059277057647705,0.5236766934394836,-0.003996947780251503,0.6045114994049072,0.4748237133026123,-0.00891758780926466,0.6694433093070984,0.5080368518829346,0.027206597849726677,0.6424340605735779,0.47202372550964355,0.0033334011677652597,0.6308662295341492,0.5154746770858765,-0.011180288158357143,0.6320517063140869,0.5532883405685425,-0.013666686601936817,0.6865358352661133,0.5006669759750366,0.01484705787152052,0.648561954498291,0.4673486351966858,-0.018326468765735626,0.6441514492034912,0.5285094976425171,-0.03182051703333855,0.6527849435806274,0.572555661201477,-0.029994847252964973,0.7084670066833496,0.4949483573436737,-0.0014655074337497354,0.6677082180976868,0.4654184877872467,-0.03435530886054039,0.6644718647003174,0.5252121090888977,-0.03742045909166336,0.6769057512283325,0.5706890225410461,-0.025430265814065933,0.733299732208252,0.4892393946647644,-0.01774219609797001,0.717456042766571,0.40681251883506775,-0.03291016072034836,0.693117082118988,0.36239299178123474,-0.032957542687654495,0.6715410947799683,0.32920095324516296,-0.02618824876844883,0.0,0.0,0.0,0.0,0.0,0.0,0.0,0.0,0.0,0.0,0.0,0.0,0.0,0.0,0.0,0.0,0.0,0.0,0.0,0.0,0.0,0.0,0.0,0.0,0.0,0.0,0.0,0.0,0.0,0.0,0.0,0.0,0.0,0.0,0.0,0.0,0.0,0.0,0.0,0.0,0.0,0.0,0.0,0.0,0.0,0.0,0.0,0.0,0.0,0.0,0.0,0.0,0.0,0.0,0.0,0.0,0.0,0.0,0.0,0.0,0.0,0.0,0.0,I
0.7236806154251099,0.6870247721672058,-6.389197437783878e-07,0.6645415425300598,0.6539620757102966,-0.0020468856673687696,0.6195036768913269,0.5972830057144165,-0.004665270913392305,0.6030763387680054,0.5448096394538879,-0.014167762361466885,0.6048988699913025,0.4947301149368286,-0.020513344556093216,0.6523035168647766,0.5118300914764404,0.021728115156292915,0.6321195363998413,0.47614920139312744,-0.0039355214685201645,0.6286928653717041,0.5255941152572632,-0.019881518557667732,0.6329389214515686,0.5704809427261353,-0.02285800874233246,0.6742703914642334,0.5030585527420044,0.01257732231169939,0.6490886211395264,0.46902766823768616,-0.01971876062452793,0.6494643688201904,0.5313680171966553,-0.03375761955976486,0.6570665240287781,0.5793675780296326,-0.03240293264389038,0.7010053396224976,0.49661117792129517,-0.0007693030638620257,0.6728506088256836,0.4671382009983063,-0.030912932008504868,0.6730996370315552,0.528186023235321,-0.03255645930767059,0.6831656098365784,0.5757325887680054,-0.020463598892092705,0.7305014729499817,0.4901994466781616,-0.014705358073115349,0.7173048853874207,0.4121231138706207,-0.027631236240267754,0.698398768901825,0.36867648363113403,-0.02669636718928814,0.6794205904006958,0.3352976143360138,-0.019555088132619858,0.0,0.0,0.0,0.0,0.0,0.0,0.0,0.0,0.0,0.0,0.0,0.0,0.0,0.0,0.0,0.0,0.0,0.0,0.0,0.0,0.0,0.0,0.0,0.0,0.0,0.0,0.0,0.0,0.0,0.0,0.0,0.0,0.0,0.0,0.0,0.0,0.0,0.0,0.0,0.0,0.0,0.0,0.0,0.0,0.0,0.0,0.0,0.0,0.0,0.0,0.0,0.0,0.0,0.0,0.0,0.0,0.0,0.0,0.0,0.0,0.0,0.0,0.0,I
0.7314095497131348,0.6807693243026733,-5.878495699107589e-07,0.6723743081092834,0.6628210544586182,-0.007623393088579178,0.622698962688446,0.6112093329429626,-0.011376815848052502,0.603918194770813,0.5586329698562622,-0.020074309781193733,0.6037611961364746,0.5101677179336548,-0.02499031275510788,0.6502181887626648,0.5221068859100342,0.01345382072031498,0.6299949884414673,0.48392587900161743,-0.011892878450453281,0.6311643719673157,0.5360449552536011,-0.025125980377197266,0.6389394402503967,0.5796144604682922,-0.026460830122232437,0.6747187972068787,0.5118604302406311,0.007788343820720911,0.6509909629821777,0.4765888452529907,-0.02551012672483921,0.6547934412956238,0.5426788926124573,-0.037011295557022095,0.6647577285766602,0.5898198485374451,-0.03347580507397652,0.7025886178016663,0.5057246685028076,-0.0023985097650438547,0.6785406470298767,0.4763999283313751,-0.03481210768222809,0.6800300478935242,0.5398008823394775,-0.03623591735959053,0.6896681189537048,0.5860406160354614,-0.02349752187728882,0.7323501110076904,0.49990105628967285,-0.013236015103757381,0.7193921804428101,0.42674100399017334,-0.02921370603144169,0.7004081606864929,0.38469773530960083,-0.030836520716547966,0.6813981533050537,0.34997159242630005,-0.02520117722451687,0.0,0.0,0.0,0.0,0.0,0.0,0.0,0.0,0.0,0.0,0.0,0.0,0.0,0.0,0.0,0.0,0.0,0.0,0.0,0.0,0.0,0.0,0.0,0.0,0.0,0.0,0.0,0.0,0.0,0.0,0.0,0.0,0.0,0.0,0.0,0.0,0.0,0.0,0.0,0.0,0.0,0.0,0.0,0.0,0.0,0.0,0.0,0.0,0.0,0.0,0.0,0.0,0.0,0.0,0.0,0.0,0.0,0.0,0.0,0.0,0.0,0.0,0.0,I
0.7366272211074829,0.6765037178993225,-5.258596047497122e-07,0.6792421340942383,0.6630024909973145,-0.006550394929945469,0.6302611827850342,0.6154568195343018,-0.009802689775824547,0.6112780570983887,0.5670782923698425,-0.01760987751185894,0.607948899269104,0.5204458832740784,-0.021942924708127975,0.651907205581665,0.5290273427963257,0.01197565533220768,0.6319190859794617,0.48995664715766907,-0.01206286158412695,0.6334981322288513,0.5349084138870239,-0.024695007130503654,0.6414332389831543,0.5770612955093384,-0.025762880221009254,0.676848828792572,0.516624927520752,0.006277192384004593,0.6549045443534851,0.47998595237731934,-0.02484406903386116,0.6582854986190796,0.5402871966362,-0.03636464849114418,0.6679120063781738,0.5878059267997742,-0.0331391803920269,0.7048584818840027,0.5085898041725159,-0.003490150673314929,0.6832994818687439,0.482532799243927,-0.033022962510585785,0.6839962601661682,0.5397633910179138,-0.03583201393485069,0.6922711730003357,0.5831554532051086,-0.024932600557804108,0.7351392507553101,0.5006663799285889,-0.01378658227622509,0.7222126126289368,0.43136152625083923,-0.028135737404227257,0.7034493684768677,0.39230096340179443,-0.030152320861816406,0.6848254203796387,0.36139434576034546,-0.025258740410208702,0.0,0.0,0.0,0.0,0.0,0.0,0.0,0.0,0.0,0.0,0.0,0.0,0.0,0.0,0.0,0.0,0.0,0.0,0.0,0.0,0.0,0.0,0.0,0.0,0.0,0.0,0.0,0.0,0.0,0.0,0.0,0.0,0.0,0.0,0.0,0.0,0.0,0.0,0.0,0.0,0.0,0.0,0.0,0.0,0.0,0.0,0.0,0.0,0.0,0.0,0.0,0.0,0.0,0.0,0.0,0.0,0.0,0.0,0.0,0.0,0.0,0.0,0.0,I
0.7512373328208923,0.6756641268730164,-4.6170359269126493e-07,0.6941389441490173,0.667009174823761,-0.009673533961176872,0.642540693283081,0.6245709657669067,-0.014729774557054043,0.6211154460906982,0.5765348672866821,-0.023390598595142365,0.6211262941360474,0.529084324836731,-0.028359241783618927,0.6616939902305603,0.5383335947990417,0.009624117985367775,0.6426726579666138,0.5001665949821472,-0.01346107292920351,0.6481249332427979,0.5434870719909668,-0.025470154359936714,0.6586772799491882,0.5812668204307556,-0.02677806466817856,0.686468780040741,0.5253278613090515,0.005716283340007067,0.6671396493911743,0.4905286133289337,-0.024871794506907463,0.6740695834159851,0.5470447540283203,-0.036264337599277496,0.6843814253807068,0.5916497707366943,-0.03344540297985077,0.7139166593551636,0.5161675810813904,-0.0023494914639741182,0.6942508816719055,0.48960328102111816,-0.03111659176647663,0.6986402273178101,0.5444455146789551,-0.03331516683101654,0.7080980539321899,0.5860095024108887,-0.022772429510951042,0.7431847453117371,0.5079118013381958,-0.0111555065959692,0.7301074266433716,0.443053662776947,-0.024405602365732193,0.7150269746780396,0.4048706889152527,-0.02600284479558468,0.6997960209846497,0.372894287109375,-0.021453170105814934,0.0,0.0,0.0,0.0,0.0,0.0,0.0,0.0,0.0,0.0,0.0,0.0,0.0,0.0,0.0,0.0,0.0,0.0,0.0,0.0,0.0,0.0,0.0,0.0,0.0,0.0,0.0,0.0,0.0,0.0,0.0,0.0,0.0,0.0,0.0,0.0,0.0,0.0,0.0,0.0,0.0,0.0,0.0,0.0,0.0,0.0,0.0,0.0,0.0,0.0,0.0,0.0,0.0,0.0,0.0,0.0,0.0,0.0,0.0,0.0,0.0,0.0,0.0,I
0.7566523551940918,0.6800456643104553,-4.286826253974141e-07,0.6996555924415588,0.6724172234535217,-0.009830988012254238,0.6500436067581177,0.6344003677368164,-0.015403306111693382,0.6295310258865356,0.5885623693466187,-0.024560680612921715,0.6282361149787903,0.5412421226501465,-0.030207771807909012,0.6654053926467896,0.5501195788383484,0.009685033932328224,0.6478636860847473,0.5148545503616333,-0.013060313649475574,0.6557248830795288,0.5564150214195251,-0.02542944625020027,0.6671099662780762,0.5918101072311401,-0.027507677674293518,0.690541684627533,0.5367580652236938,0.005593492183834314,0.6736923456192017,0.504391074180603,-0.02497319132089615,0.6818044781684875,0.559993326663971,-0.03753874823451042,0.6915196776390076,0.6028623580932617,-0.03610415384173393,0.7180392146110535,0.5276247262954712,-0.002618162427097559,0.7010667324066162,0.5031071305274963,-0.03156214579939842,0.7055005431175232,0.557155966758728,-0.03444530442357063,0.7134022116661072,0.597797691822052,-0.02480783686041832,0.747206449508667,0.5198447108268738,-0.011569952592253685,0.734865128993988,0.4572658836841583,-0.025410683825612068,0.720824122428894,0.4208943545818329,-0.02735474519431591,0.7056658267974854,0.3906458616256714,-0.023267721757292747,0.0,0.0,0.0,0.0,0.0,0.0,0.0,0.0,0.0,0.0,0.0,0.0,0.0,0.0,0.0,0.0,0.0,0.0,0.0,0.0,0.0,0.0,0.0,0.0,0.0,0.0,0.0,0.0,0.0,0.0,0.0,0.0,0.0,0.0,0.0,0.0,0.0,0.0,0.0,0.0,0.0,0.0,0.0,0.0,0.0,0.0,0.0,0.0,0.0,0.0,0.0,0.0,0.0,0.0,0.0,0.0,0.0,0.0,0.0,0.0,0.0,0.0,0.0,I
0.3128485083580017,0.6944871544837952,2.74383097575992e-07,0.35965496301651,0.6711961030960083,-0.013875536620616913,0.4001513123512268,0.6400444507598877,-0.024107765406370163,0.4303560256958008,0.6090119481086731,-0.036095891147851944,0.44274386763572693,0.5689879655838013,-0.04635997489094734,0.3702448308467865,0.5408647656440735,-0.004871674347668886,0.40512552857398987,0.4995317757129669,-0.03277182579040527,0.4224480390548706,0.5209172368049622,-0.0566735565662384,0.4288903772830963,0.5511717796325684,-0.06797602772712708,0.34972357749938965,0.5191360116004944,-0.010669640265405178,0.3745703101158142,0.4475725591182709,-0.02584683522582054,0.3947789669036865,0.40291300415992737,-0.041311465203762054,0.4102398753166199,0.36569371819496155,-0.05184765160083771,0.32391154766082764,0.5150241851806641,-0.021042443811893463,0.3368285000324249,0.43721723556518555,-0.03571674972772598,0.3465639352798462,0.38962477445602417,-0.047969188541173935,0.35632288455963135,0.3516237139701843,-0.0551045723259449,0.29514601826667786,0.5272559523582458,-0.03310220316052437,0.2916494905948639,0.4681050777435303,-0.043955110013484955,0.2909986972808838,0.4272596538066864,-0.047175440937280655,0.2921832799911499,0.39291542768478394,-0.04805871844291687,0.0,0.0,0.0,0.0,0.0,0.0,0.0,0.0,0.0,0.0,0.0,0.0,0.0,0.0,0.0,0.0,0.0,0.0,0.0,0.0,0.0,0.0,0.0,0.0,0.0,0.0,0.0,0.0,0.0,0.0,0.0,0.0,0.0,0.0,0.0,0.0,0.0,0.0,0.0,0.0,0.0,0.0,0.0,0.0,0.0,0.0,0.0,0.0,0.0,0.0,0.0,0.0,0.0,0.0,0.0,0.0,0.0,0.0,0.0,0.0,0.0,0.0,0.0,O
0.25985413789749146,0.7632169127464294,3.41790524771568e-07,0.3219887614250183,0.7311797142028809,-0.01846628077328205,0.3741033971309662,0.6876886487007141,-0.03383897989988327,0.4133530557155609,0.6499357223510742,-0.05162429064512253,0.43040674924850464,0.6026918292045593,-0.06714355200529099,0.3320907652378082,0.5508623719215393,-0.011698763817548752,0.37775710225105286,0.49291178584098816,-0.05197065696120262,0.3995516896247864,0.5302503705024719,-0.08514481037855148,0.4062420725822449,0.5756482481956482,-0.10049144923686981,0.3026282787322998,0.5258654356002808,-0.02092897705733776,0.3346039354801178,0.42760682106018066,-0.04311347380280495,0.3629222810268402,0.3674026131629944,-0.06442128121852875,0.38497230410575867,0.31418174505233765,-0.07921547442674637,0.2659671902656555,0.5271968841552734,-0.03629607707262039,0.2815421223640442,0.42054781317710876,-0.05764343589544296,0.2937953770160675,0.35538697242736816,-0.07605446130037308,0.3057461977005005,0.29962798953056335,-0.08726832270622253,0.22648745775222778,0.5507673621177673,-0.053690142929553986,0.2180081605911255,0.46858489513397217,-0.06983549147844315,0.2149486541748047,0.41275858879089355,-0.07581562548875809,0.21454918384552002,0.3638428747653961,-0.07846204191446304,0.0,0.0,0.0,0.0,0.0,0.0,0.0,0.0,0.0,0.0,0.0,0.0,0.0,0.0,0.0,0.0,0.0,0.0,0.0,0.0,0.0,0.0,0.0,0.0,0.0,0.0,0.0,0.0,0.0,0.0,0.0,0.0,0.0,0.0,0.0,0.0,0.0,0.0,0.0,0.0,0.0,0.0,0.0,0.0,0.0,0.0,0.0,0.0,0.0,0.0,0.0,0.0,0.0,0.0,0.0,0.0,0.0,0.0,0.0,0.0,0.0,0.0,0.0,O
0.2904636859893799,0.7856178879737854,4.680452434513427e-07,0.364532470703125,0.7488863468170166,-0.02208668366074562,0.42893874645233154,0.697474479675293,-0.04190882295370102,0.47932249307632446,0.657752513885498,-0.06455928087234497,0.5068431496620178,0.6008895635604858,-0.08470846712589264,0.3774321377277374,0.5289692878723145,-0.014805578626692295,0.43502360582351685,0.46278658509254456,-0.06407725811004639,0.46507781744003296,0.5070991516113281,-0.10447883605957031,0.4778333902359009,0.5609046816825867,-0.12370394915342331,0.3457794785499573,0.4984889626502991,-0.026579592376947403,0.38860297203063965,0.38515034317970276,-0.05501970648765564,0.42930418252944946,0.3153885006904602,-0.08198937028646469,0.462516725063324,0.25357645750045776,-0.10076472163200378,0.3048444986343384,0.4987572133541107,-0.04570299759507179,0.3301171660423279,0.3693702220916748,-0.07342078536748886,0.35117149353027344,0.2895461916923523,-0.09672760963439941,0.3712133765220642,0.22188213467597961,-0.1109582930803299,0.25984877347946167,0.5266562104225159,-0.06704041361808777,0.25503256916999817,0.42645618319511414,-0.08855580538511276,0.2570655345916748,0.3546951413154602,-0.09720700979232788,0.26222866773605347,0.29143503308296204,-0.10146533697843552,0.0,0.0,0.0,0.0,0.0,0.0,0.0,0.0,0.0,0.0,0.0,0.0,0.0,0.0,0.0,0.0,0.0,0.0,0.0,0.0,0.0,0.0,0.0,0.0,0.0,0.0,0.0,0.0,0.0,0.0,0.0,0.0,0.0,0.0,0.0,0.0,0.0,0.0,0.0,0.0,0.0,0.0,0.0,0.0,0.0,0.0,0.0,0.0,0.0,0.0,0.0,0.0,0.0,0.0,0.0,0.0,0.0,0.0,0.0,0.0,0.0,0.0,0.0,O
0.23092952370643616,0.8374316692352295,6.637453680014005e-07,0.32136300206184387,0.7783068418502808,-0.02845129743218422,0.3959549069404602,0.7093261480331421,-0.0554666705429554,0.45435845851898193,0.6556933522224426,-0.0859377309679985,0.4844192862510681,0.5842952728271484,-0.11361610144376755,0.3249220550060272,0.5081282258033752,-0.024997450411319733,0.39296895265579224,0.4217725098133087,-0.08860462158918381,0.4325661063194275,0.47638171911239624,-0.13936790823936462,0.45010894536972046,0.5415331125259399,-0.16350188851356506,0.2776505947113037,0.4746575355529785,-0.04114547744393349,0.3247521221637726,0.32517728209495544,-0.08022741973400116,0.3749372661113739,0.23276850581169128,-0.11471980065107346,0.4166816771030426,0.15016314387321472,-0.1384773552417755,0.21988672018051147,0.4811306297779083,-0.06647572666406631,0.24269655346870422,0.312486469745636,-0.10558217018842697,0.26658186316490173,0.20290455222129822,-0.13823539018630981,0.29077377915382385,0.10972493886947632,-0.15790796279907227,0.15887747704982758,0.5211396217346191,-0.09411683678627014,0.14722830057144165,0.3888944387435913,-0.12409844249486923,0.14498554170131683,0.29477763175964355,-0.137312650680542,0.14732114970684052,0.21105161309242249,-0.14444559812545776,0.0,0.0,0.0,0.0,0.0,0.0,0.0,0.0,0.0,0.0,0.0,0.0,0.0,0.0,0.0,0.0,0.0,0.0,0.0,0.0,0.0,0.0,0.0,0.0,0.0,0.0,0.0,0.0,0.0,0.0,0.0,0.0,0.0,0.0,0.0,0.0,0.0,0.0,0.0,0.0,0.0,0.0,0.0,0.0,0.0,0.0,0.0,0.0,0.0,0.0,0.0,0.0,0.0,0.0,0.0,0.0,0.0,0.0,0.0,0.0,0.0,0.0,0.0,O
0.2515294551849365,0.9384557008743286,6.903098892507842e-07,0.3517571985721588,0.8654354810714722,-0.027292417362332344,0.4370591640472412,0.7820982933044434,-0.061182651668787,0.5076030492782593,0.7292779684066772,-0.0993889719247818,0.5514893531799316,0.6565360426902771,-0.13490045070648193,0.3586309552192688,0.5526912212371826,-0.038835909217596054,0.44335609674453735,0.4543829560279846,-0.11650975048542023,0.4897090196609497,0.5285359025001526,-0.17540861666202545,0.5083073973655701,0.6117236018180847,-0.20274057984352112,0.30926835536956787,0.5220792889595032,-0.06174090504646301,0.3666512370109558,0.34517401456832886,-0.11067627370357513,0.42888662219047546,0.2418643832206726,-0.15005365014076233,0.4804495573043823,0.1511256992816925,-0.176655113697052,0.24624064564704895,0.5383902192115784,-0.09390075504779816,0.2722972333431244,0.3391839861869812,-0.14165082573890686,0.3034927546977997,0.21293193101882935,-0.17911112308502197,0.33362650871276855,0.10418850183486938,-0.20166045427322388,0.17994339764118195,0.5943854451179504,-0.12777172029018402,0.16171419620513916,0.4433490037918091,-0.16454970836639404,0.15791672468185425,0.33260712027549744,-0.17958684265613556,0.15851466357707977,0.23235681653022766,-0.1876390278339386,0.0,0.0,0.0,0.0,0.0,0.0,0.0,0.0,0.0,0.0,0.0,0.0,0.0,0.0,0.0,0.0,0.0,0.0,0.0,0.0,0.0,0.0,0.0,0.0,0.0,0.0,0.0,0.0,0.0,0.0,0.0,0.0,0.0,0.0,0.0,0.0,0.0,0.0,0.0,0.0,0.0,0.0,0.0,0.0,0.0,0.0,0.0,0.0,0.0,0.0,0.0,0.0,0.0,0.0,0.0,0.0,0.0,0.0,0.0,0.0,0.0,0.0,0.0,O
0.3604920506477356,0.7445744276046753,3.740394731721608e-07,0.4287779629230499,0.7198621034622192,-0.02887611836194992,0.487774133682251,0.6827846169471741,-0.05131852999329567,0.528905987739563,0.6431848406791687,-0.07569543272256851,0.531775176525116,0.5842463970184326,-0.0976506844162941,0.47662895917892456,0.5245065093040466,-0.02263191156089306,0.5223559141159058,0.45527219772338867,-0.0717090517282486,0.5253229141235352,0.5008553862571716,-0.11213771253824234,0.5147587656974792,0.5528789162635803,-0.13139566779136658,0.4389075040817261,0.48839861154556274,-0.030265724286437035,0.4828624427318573,0.3825839161872864,-0.058007657527923584,0.514756441116333,0.3186837434768677,-0.0842391699552536,0.5398064851760864,0.2602556049823761,-0.1026928573846817,0.3909628391265869,0.479476660490036,-0.04559909924864769,0.4204043745994568,0.36202308535575867,-0.07062587141990662,0.43868955969810486,0.2858646512031555,-0.09290838986635208,0.4567575752735138,0.2215983271598816,-0.10710776597261429,0.33670833706855774,0.49461883306503296,-0.06400161981582642,0.343464732170105,0.3993957042694092,-0.08176059275865555,0.35032781958580017,0.3340127468109131,-0.08958955854177475,0.3594304025173187,0.27704012393951416,-0.09416403621435165,0.0,0.0,0.0,0.0,0.0,0.0,0.0,0.0,0.0,0.0,0.0,0.0,0.0,0.0,0.0,0.0,0.0,0.0,0.0,0.0,0.0,0.0,0.0,0.0,0.0,0.0,0.0,0.0,0.0,0.0,0.0,0.0,0.0,0.0,0.0,0.0,0.0,0.0,0.0,0.0,0.0,0.0,0.0,0.0,0.0,0.0,0.0,0.0,0.0,0.0,0.0,0.0,0.0,0.0,0.0,0.0,0.0,0.0,0.0,0.0,0.0,0.0,0.0,O
0.27709877490997314,0.6417883634567261,-9.978808002131245e-09,0.30928054451942444,0.6298723220825195,-0.040351878851652145,0.3414885401725769,0.5805479288101196,-0.05865805596113205,0.33312979340553284,0.5125990509986877,-0.07361771166324615,0.3170858919620514,0.4587494134902954,-0.08477652817964554,0.38655081391334534,0.48619842529296875,-0.020593145862221718,0.39236751198768616,0.4142600893974304,-0.05576635152101517,0.35340577363967896,0.42338061332702637,-0.08738286048173904,0.3170468211174011,0.445152223110199,-0.10395921766757965,0.3594434857368469,0.4545196294784546,-0.013491036370396614,0.38411831855773926,0.36970072984695435,-0.028903771191835403,0.38925838470458984,0.3110169768333435,-0.04549895599484444,0.396460622549057,0.2581055760383606,-0.057678140699863434,0.33093854784965515,0.4449594020843506,-0.013917531818151474,0.3569309711456299,0.36828291416168213,-0.025528157129883766,0.3685530424118042,0.31592699885368347,-0.034657251089811325,0.3815421760082245,0.2683561146259308,-0.04090337082743645,0.29792118072509766,0.45301416516304016,-0.01940249651670456,0.31481170654296875,0.3962674140930176,-0.0252072773873806,0.3258618116378784,0.3597697615623474,-0.024432465434074402,0.3381602168083191,0.3234747648239136,-0.023630915209650993,0.0,0.0,0.0,0.0,0.0,0.0,0.0,0.0,0.0,0.0,0.0,0.0,0.0,0.0,0.0,0.0,0.0,0.0,0.0,0.0,0.0,0.0,0.0,0.0,0.0,0.0,0.0,0.0,0.0,0.0,0.0,0.0,0.0,0.0,0.0,0.0,0.0,0.0,0.0,0.0,0.0,0.0,0.0,0.0,0.0,0.0,0.0,0.0,0.0,0.0,0.0,0.0,0.0,0.0,0.0,0.0,0.0,0.0,0.0,0.0,0.0,0.0,0.0,O
0.272784948348999,0.6368051171302795,-5.963012483789498e-08,0.28011465072631836,0.6190072894096375,-0.05331001430749893,0.2828077971935272,0.5615817308425903,-0.07872956246137619,0.2601104974746704,0.4972047507762909,-0.09688170254230499,0.2425677478313446,0.4439171850681305,-0.10954250395298004,0.3499739468097687,0.481240451335907,-0.04256773367524147,0.32387059926986694,0.415207177400589,-0.07686329632997513,0.28531545400619507,0.4256451427936554,-0.10396560281515121,0.260892778635025,0.4465915560722351,-0.118743896484375,0.3366572856903076,0.4522820711135864,-0.028087148442864418,0.33041080832481384,0.365129679441452,-0.05517379939556122,0.31732165813446045,0.3067507743835449,-0.0751732736825943,0.3097461462020874,0.2573414146900177,-0.0880219116806984,0.31781885027885437,0.4431670308113098,-0.02011239156126976,0.3186787962913513,0.3603264391422272,-0.04592479392886162,0.31606191396713257,0.3059765100479126,-0.05892188847064972,0.3175308108329773,0.2590600550174713,-0.06478910148143768,0.2961491644382477,0.4483450949192047,-0.016511064022779465,0.30722442269325256,0.38187435269355774,-0.033720482140779495,0.30900561809539795,0.3336195945739746,-0.038760583847761154,0.31080642342567444,0.29002994298934937,-0.04047711193561554,0.0,0.0,0.0,0.0,0.0,0.0,0.0,0.0,0.0,0.0,0.0,0.0,0.0,0.0,0.0,0.0,0.0,0.0,0.0,0.0,0.0,0.0,0.0,0.0,0.0,0.0,0.0,0.0,0.0,0.0,0.0,0.0,0.0,0.0,0.0,0.0,0.0,0.0,0.0,0.0,0.0,0.0,0.0,0.0,0.0,0.0,0.0,0.0,0.0,0.0,0.0,0.0,0.0,0.0,0.0,0.0,0.0,0.0,0.0,0.0,0.0,0.0,0.0,O
0.3340187966823578,0.6119438409805298,-1.231546775670722e-07,0.3113243579864502,0.5746803879737854,-0.042212072759866714,0.2927120327949524,0.5152142643928528,-0.06116519123315811,0.2639915645122528,0.4645826816558838,-0.0716872438788414,0.242723286151886,0.42282024025917053,-0.07938453555107117,0.36731427907943726,0.44392433762550354,-0.04653526470065117,0.32036641240119934,0.3807634115219116,-0.0662999153137207,0.2787700891494751,0.3872242867946625,-0.08375179767608643,0.2543148398399353,0.40687188506126404,-0.09356895089149475,0.3729441165924072,0.43134447932243347,-0.030599374324083328,0.34473657608032227,0.34197670221328735,-0.046842094510793686,0.32368162274360657,0.2922130227088928,-0.06105063110589981,0.30753275752067566,0.25265073776245117,-0.07118798047304153,0.36775481700897217,0.43221092224121094,-0.017219973728060722,0.34759265184402466,0.3466898202896118,-0.03399759531021118,0.3342664837837219,0.29923906922340393,-0.046847499907016754,0.32346999645233154,0.26109975576400757,-0.054701946675777435,0.3522220849990845,0.4432924687862396,-0.006115521304309368,0.33529210090637207,0.38652315735816956,-0.01788214221596718,0.31967198848724365,0.37344270944595337,-0.019191382452845573,0.30203455686569214,0.37129613757133484,-0.018922774121165276,0.0,0.0,0.0,0.0,0.0,0.0,0.0,0.0,0.0,0.0,0.0,0.0,0.0,0.0,0.0,0.0,0.0,0.0,0.0,0.0,0.0,0.0,0.0,0.0,0.0,0.0,0.0,0.0,0.0,0.0,0.0,0.0,0.0,0.0,0.0,0.0,0.0,0.0,0.0,0.0,0.0,0.0,0.0,0.0,0.0,0.0,0.0,0.0,0.0,0.0,0.0,0.0,0.0,0.0,0.0,0.0,0.0,0.0,0.0,0.0,0.0,0.0,0.0,O
0.34744346141815186,0.6243874430656433,-1.6058480412084464e-07,0.3102147579193115,0.5891824960708618,-0.023883551359176636,0.2759075462818146,0.542138397693634,-0.03833920881152153,0.24042032659053802,0.505111575126648,-0.049208689481019974,0.22021809220314026,0.4702010154724121,-0.058043137192726135,0.33809417486190796,0.45944589376449585,-0.027279013767838478,0.28846144676208496,0.40967920422554016,-0.049475546926259995,0.24991299211978912,0.4275560975074768,-0.06975147873163223,0.22705134749412537,0.4493168890476227,-0.07999745011329651,0.34809747338294983,0.44504064321517944,-0.01851622574031353,0.31625106930732727,0.36932891607284546,-0.03447083756327629,0.2892340421676636,0.3292383551597595,-0.047123365104198456,0.2667304277420044,0.29246944189071655,-0.05541712045669556,0.3518793284893036,0.4435153305530548,-0.011565718799829483,0.33837994933128357,0.3653659224510193,-0.02240697853267193,0.327236145734787,0.32124239206314087,-0.02811017818748951,0.31738176941871643,0.28539103269577026,-0.030581733211874962,0.34590035676956177,0.4511113464832306,-0.006098408717662096,0.3409097194671631,0.39111828804016113,-0.007811283692717552,0.33773839473724365,0.3552991449832916,-0.003482342232018709,0.33472517132759094,0.3273196816444397,0.00043340446427464485,0.0,0.0,0.0,0.0,0.0,0.0,0.0,0.0,0.0,0.0,0.0,0.0,0.0,0.0,0.0,0.0,0.0,0.0,0.0,0.0,0.0,0.0,0.0,0.0,0.0,0.0,0.0,0.0,0.0,0.0,0.0,0.0,0.0,0.0,0.0,0.0,0.0,0.0,0.0,0.0,0.0,0.0,0.0,0.0,0.0,0.0,0.0,0.0,0.0,0.0,0.0,0.0,0.0,0.0,0.0,0.0,0.0,0.0,0.0,0.0,0.0,0.0,0.0,O
0.3741377592086792,0.6053869128227234,9.249703780689345e-10,0.3196617066860199,0.5916440486907959,-0.017152177169919014,0.271152526140213,0.5634793639183044,-0.0278707854449749,0.22631877660751343,0.5413462519645691,-0.03511292114853859,0.19753201305866241,0.514202356338501,-0.04014245420694351,0.29163438081741333,0.4677521884441376,-0.026124795898795128,0.23176604509353638,0.43709978461265564,-0.040164101868867874,0.2093685269355774,0.4638811945915222,-0.04975312575697899,0.2037706971168518,0.48916545510292053,-0.054242148995399475,0.3058306574821472,0.4396362602710724,-0.020010896027088165,0.24861453473567963,0.38200321793556213,-0.03581426665186882,0.21315225958824158,0.3513786792755127,-0.04526682570576668,0.18590739369392395,0.3245537281036377,-0.051267385482788086,0.32285284996032715,0.4348851442337036,-0.014207176864147186,0.29712170362472534,0.36626914143562317,-0.029471389949321747,0.2808151841163635,0.316238135099411,-0.03751126676797867,0.26849067211151123,0.27463430166244507,-0.04122770577669144,0.33672183752059937,0.4484555721282959,-0.008204991929233074,0.3325319290161133,0.39140212535858154,-0.016501452773809433,0.330308735370636,0.35306188464164734,-0.01610061340034008,0.32971981167793274,0.32008281350135803,-0.014884603209793568,0.0,0.0,0.0,0.0,0.0,0.0,0.0,0.0,0.0,0.0,0.0,0.0,0.0,0.0,0.0,0.0,0.0,0.0,0.0,0.0,0.0,0.0,0.0,0.0,0.0,0.0,0.0,0.0,0.0,0.0,0.0,0.0,0.0,0.0,0.0,0.0,0.0,0.0,0.0,0.0,0.0,0.0,0.0,0.0,0.0,0.0,0.0,0.0,0.0,0.0,0.0,0.0,0.0,0.0,0.0,0.0,0.0,0.0,0.0,0.0,0.0,0.0,0.0,O
0.3876853585243225,0.6574954986572266,2.412322146483348e-07,0.4306178092956543,0.6200984716415405,-0.013782411813735962,0.4658334255218506,0.573636531829834,-0.024283576756715775,0.48635703325271606,0.531963586807251,-0.03688294067978859,0.4819716215133667,0.48949649930000305,-0.048124708235263824,0.4339887201786041,0.47874611616134644,-0.007962053641676903,0.4540027976036072,0.4158558249473572,-0.036557380110025406,0.4668554961681366,0.4331952929496765,-0.060542032122612,0.4721255898475647,0.46425774693489075,-0.07183366268873215,0.40544965863227844,0.4629816710948944,-0.014563461765646935,0.42069387435913086,0.3820621371269226,-0.03011743724346161,0.4367629885673523,0.3351438045501709,-0.04544850438833237,0.44996729493141174,0.29774487018585205,-0.05609830468893051,0.37237122654914856,0.4659480154514313,-0.025879928842186928,0.3756752908229828,0.3799102306365967,-0.040884021669626236,0.37849217653274536,0.3254971504211426,-0.05549325421452522,0.3845469057559967,0.28149980306625366,-0.06492853909730911,0.3386339247226715,0.48651322722435,-0.038765799254179,0.3219852149486542,0.4226493239402771,-0.05076421797275543,0.3123674988746643,0.3795984387397766,-0.05643874406814575,0.3070409595966339,0.34213823080062866,-0.059626463800668716,0.0,0.0,0.0,0.0,0.0,0.0,0.0,0.0,0.0,0.0,0.0,0.0,0.0,0.0,0.0,0.0,0.0,0.0,0.0,0.0,0.0,0.0,0.0,0.0,0.0,0.0,0.0,0.0,0.0,0.0,0.0,0.0,0.0,0.0,0.0,0.0,0.0,0.0,0.0,0.0,0.0,0.0,0.0,0.0,0.0,0.0,0.0,0.0,0.0,0.0,0.0,0.0,0.0,0.0,0.0,0.0,0.0,0.0,0.0,0.0,0.0,0.0,0.0,O
0.3823387026786804,0.6779608726501465,2.566013108662446e-07,0.4176710247993469,0.6171602010726929,-0.001354416599497199,0.43696850538253784,0.55475914478302,-0.011371615342795849,0.4602319896221161,0.5091804265975952,-0.025917237624526024,0.48312345147132874,0.46630120277404785,-0.03942729905247688,0.3698318302631378,0.4876106381416321,0.004140069242566824,0.39544251561164856,0.4217866063117981,-0.022145750001072884,0.4301084280014038,0.4347371459007263,-0.04452192038297653,0.454448938369751,0.45943641662597656,-0.05656307935714722,0.3608759641647339,0.48434534668922424,-0.010648285038769245,0.37670406699180603,0.39309173822402954,-0.02760242484509945,0.4047006070613861,0.3393692970275879,-0.042203210294246674,0.4287203848361969,0.3030410408973694,-0.05214844271540642,0.3535747826099396,0.49906763434410095,-0.02970137633383274,0.35182058811187744,0.4043574929237366,-0.0459495447576046,0.3608744144439697,0.34609806537628174,-0.05893046781420708,0.37063896656036377,0.30054134130477905,-0.06775800883769989,0.352801650762558,0.5246590375900269,-0.049435749650001526,0.33785280585289,0.46720707416534424,-0.06281455606222153,0.33023566007614136,0.42215150594711304,-0.06872661411762238,0.32525065541267395,0.38168492913246155,-0.07287410646677017,0.0,0.0,0.0,0.0,0.0,0.0,0.0,0.0,0.0,0.0,0.0,0.0,0.0,0.0,0.0,0.0,0.0,0.0,0.0,0.0,0.0,0.0,0.0,0.0,0.0,0.0,0.0,0.0,0.0,0.0,0.0,0.0,0.0,0.0,0.0,0.0,0.0,0.0,0.0,0.0,0.0,0.0,0.0,0.0,0.0,0.0,0.0,0.0,0.0,0.0,0.0,0.0,0.0,0.0,0.0,0.0,0.0,0.0,0.0,0.0,0.0,0.0,0.0,O
0.32760727405548096,0.7183355689048767,2.4712210233701626e-07,0.368764191865921,0.6378313899040222,0.01704171486198902,0.3796018958091736,0.5669389367103577,0.015559974126517773,0.3953993022441864,0.5233871340751648,0.006949293427169323,0.4223511219024658,0.4852648377418518,-0.001461586682125926,0.2906914949417114,0.5167324542999268,0.010184001177549362,0.32399269938468933,0.430728942155838,-0.007448508869856596,0.3554002642631531,0.4115157127380371,-0.020491894334554672,0.38460126519203186,0.4085076153278351,-0.02996993623673916,0.2866019010543823,0.5233099460601807,-0.013105502352118492,0.32196250557899475,0.42048609256744385,-0.03159672021865845,0.3531361520290375,0.36337989568710327,-0.042669668793678284,0.3793582022190094,0.3226594924926758,-0.0500829704105854,0.2961370646953583,0.5402364730834961,-0.03778749704360962,0.30922842025756836,0.4298059344291687,-0.05552807077765465,0.3201189637184143,0.3668277859687805,-0.06590022891759872,0.3276512920856476,0.3155783414840698,-0.07359924912452698,0.3187376856803894,0.5564923286437988,-0.06139310076832771,0.3155232071876526,0.48990973830223083,-0.08031312376260757,0.3088206648826599,0.4414891004562378,-0.0907517746090889,0.30416181683540344,0.39737406373023987,-0.0981466993689537,0.0,0.0,0.0,0.0,0.0,0.0,0.0,0.0,0.0,0.0,0.0,0.0,0.0,0.0,0.0,0.0,0.0,0.0,0.0,0.0,0.0,0.0,0.0,0.0,0.0,0.0,0.0,0.0,0.0,0.0,0.0,0.0,0.0,0.0,0.0,0.0,0.0,0.0,0.0,0.0,0.0,0.0,0.0,0.0,0.0,0.0,0.0,0.0,0.0,0.0,0.0,0.0,0.0,0.0,0.0,0.0,0.0,0.0,0.0,0.0,0.0,0.0,0.0,O
0.5609772205352783,0.959412693977356,6.494345683449865e-08,0.4998399317264557,0.8490357995033264,0.002387254498898983,0.48241955041885376,0.7442654371261597,-0.004309129435569048,0.5024228096008301,0.6491708755493164,-0.009738456457853317,0.5352120995521545,0.5885292887687683,-0.011206167750060558,0.5508236885070801,0.6850341558456421,-0.03499516472220421,0.5608195662498474,0.556736946105957,-0.04811381548643112,0.5527801513671875,0.5801523923873901,-0.041542887687683105,0.5509014129638672,0.6257126331329346,-0.03293817117810249,0.619204580783844,0.6937276124954224,-0.04723582789301872,0.6335110068321228,0.5180630683898926,-0.07415714114904404,0.6436519026756287,0.4215708374977112,-0.08432205766439438,0.6540781259536743,0.346539169549942,-0.08813930302858353,0.6717350482940674,0.7263811230659485,-0.05645474046468735,0.725632905960083,0.5839318037033081,-0.09090133756399155,0.7643548846244812,0.5000708699226379,-0.10885828733444214,0.791586697101593,0.431705504655838,-0.1155044212937355,0.7084395885467529,0.7784269452095032,-0.06081946939229965,0.7669939994812012,0.6903530955314636,-0.08433175832033157,0.8041650652885437,0.6373291611671448,-0.08737006783485413,0.8334048986434937,0.5902471542358398,-0.085676409304142,0.0,0.0,0.0,0.0,0.0,0.0,0.0,0.0,0.0,0.0,0.0,0.0,0.0,0.0,0.0,0.0,0.0,0.0,0.0,0.0,0.0,0.0,0.0,0.0,0.0,0.0,0.0,0.0,0.0,0.0,0.0,0.0,0.0,0.0,0.0,0.0,0.0,0.0,0.0,0.0,0.0,0.0,0.0,0.0,0.0,0.0,0.0,0.0,0.0,0.0,0.0,0.0,0.0,0.0,0.0,0.0,0.0,0.0,0.0,0.0,0.0,0.0,0.0,O
0.6450669765472412,0.7330705523490906,-3.4609961119258514e-08,0.5893971920013428,0.6937581300735474,-0.014620930887758732,0.5478615164756775,0.6348265409469604,-0.026470700278878212,0.5193486213684082,0.5834473967552185,-0.04066305235028267,0.509499192237854,0.5285865068435669,-0.05334508419036865,0.5952447652816772,0.5354241728782654,0.0026268677320331335,0.5693378448486328,0.475991427898407,-0.030018532648682594,0.5434993505477905,0.48615753650665283,-0.05812830850481987,0.5307457447052002,0.5149064064025879,-0.07193070650100708,0.6209299564361572,0.5139121413230896,-0.004329248797148466,0.6069501638412476,0.42243602871894836,-0.02250532992184162,0.5844992995262146,0.3699193596839905,-0.037833355367183685,0.5647247433662415,0.3276568651199341,-0.0472860224545002,0.6516229510307312,0.5146162509918213,-0.01747344620525837,0.6489971876144409,0.4173409938812256,-0.035611286759376526,0.6403944492340088,0.3579956293106079,-0.04592731595039368,0.6323896646499634,0.30784955620765686,-0.05106319487094879,0.681684136390686,0.5356385111808777,-0.03267284110188484,0.6964092254638672,0.46081697940826416,-0.04525146260857582,0.7041797041893005,0.4109935164451599,-0.047340407967567444,0.7096149325370789,0.3663977384567261,-0.04711288586258888,0.0,0.0,0.0,0.0,0.0,0.0,0.0,0.0,0.0,0.0,0.0,0.0,0.0,0.0,0.0,0.0,0.0,0.0,0.0,0.0,0.0,0.0,0.0,0.0,0.0,0.0,0.0,0.0,0.0,0.0,0.0,0.0,0.0,0.0,0.0,0.0,0.0,0.0,0.0,0.0,0.0,0.0,0.0,0.0,0.0,0.0,0.0,0.0,0.0,0.0,0.0,0.0,0.0,0.0,0.0,0.0,0.0,0.0,0.0,0.0,0.0,0.0,0.0,O
0.6726300120353699,0.7745345830917358,-9.500941189344303e-08,0.606326699256897,0.7322757244110107,-0.018479542806744576,0.5540201663970947,0.6626785397529602,-0.03318669646978378,0.5175570249557495,0.6067731380462646,-0.050427909940481186,0.5044413805007935,0.5442461371421814,-0.06577634811401367,0.6058036088943481,0.5320260524749756,-0.003244982101023197,0.5718698501586914,0.45827239751815796,-0.04292614758014679,0.5403321385383606,0.48181387782096863,-0.07627764344215393,0.5256816148757935,0.5243985652923584,-0.09291128814220428,0.6379324793815613,0.507382333278656,-0.012008421123027802,0.6168980598449707,0.39755624532699585,-0.036270346492528915,0.5847467184066772,0.33852988481521606,-0.05673126503825188,0.5556594729423523,0.29215070605278015,-0.06917034089565277,0.6768612861633301,0.5112037658691406,-0.02761346474289894,0.6673409342765808,0.39236539602279663,-0.05135944113135338,0.6498761177062988,0.32181277871131897,-0.0664825588464737,0.6332172155380249,0.2617446780204773,-0.07451437413692474,0.7161299586296082,0.5404031276702881,-0.045419465750455856,0.7312490344047546,0.4482693672180176,-0.06328953802585602,0.7365125417709351,0.38621512055397034,-0.0685134306550026,0.7385811805725098,0.32993823289871216,-0.06995754688978195,0.0,0.0,0.0,0.0,0.0,0.0,0.0,0.0,0.0,0.0,0.0,0.0,0.0,0.0,0.0,0.0,0.0,0.0,0.0,0.0,0.0,0.0,0.0,0.0,0.0,0.0,0.0,0.0,0.0,0.0,0.0,0.0,0.0,0.0,0.0,0.0,0.0,0.0,0.0,0.0,0.0,0.0,0.0,0.0,0.0,0.0,0.0,0.0,0.0,0.0,0.0,0.0,0.0,0.0,0.0,0.0,0.0,0.0,0.0,0.0,0.0,0.0,0.0,O
0.677090585231781,0.8102966547012329,-1.393437543129039e-07,0.5993992686271667,0.7598310708999634,-0.02087150514125824,0.5383044481277466,0.6732380390167236,-0.03828325495123863,0.4944647550582886,0.6045151948928833,-0.05905251204967499,0.46398916840553284,0.5324032306671143,-0.07795422524213791,0.6013007164001465,0.5219770669937134,-0.003309059189632535,0.557401716709137,0.43281441926956177,-0.049336787313222885,0.5199042558670044,0.46006840467453003,-0.08835285902023315,0.5012161731719971,0.5082409977912903,-0.10758961737155914,0.6371614933013916,0.494538277387619,-0.014934762381017208,0.608573317527771,0.36226993799209595,-0.04341621324419975,0.5627237558364868,0.29506853222846985,-0.06773871928453445,0.5204187035560608,0.2430141568183899,-0.08243351429700851,0.6816895604133606,0.49848002195358276,-0.034559495747089386,0.6626285910606384,0.35195738077163696,-0.06136874854564667,0.6318327784538269,0.2665868401527405,-0.0792434811592102,0.6040708422660828,0.19475102424621582,-0.08906471729278564,0.7271753549575806,0.5284193158149719,-0.056925106793642044,0.7387683391571045,0.40972787141799927,-0.07645759731531143,0.7418438196182251,0.33071377873420715,-0.0829266756772995,0.7420997619628906,0.25936776399612427,-0.08541931957006454,0.0,0.0,0.0,0.0,0.0,0.0,0.0,0.0,0.0,0.0,0.0,0.0,0.0,0.0,0.0,0.0,0.0,0.0,0.0,0.0,0.0,0.0,0.0,0.0,0.0,0.0,0.0,0.0,0.0,0.0,0.0,0.0,0.0,0.0,0.0,0.0,0.0,0.0,0.0,0.0,0.0,0.0,0.0,0.0,0.0,0.0,0.0,0.0,0.0,0.0,0.0,0.0,0.0,0.0,0.0,0.0,0.0,0.0,0.0,0.0,0.0,0.0,0.0,O
0.7409863471984863,0.9118118286132812,-2.0372630160636618e-07,0.6367254257202148,0.8278586864471436,-0.024764757603406906,0.5537611246109009,0.7211135625839233,-0.04760488495230675,0.4982388913631439,0.6365149021148682,-0.07534117996692657,0.46937841176986694,0.5419026017189026,-0.10018234699964523,0.641145646572113,0.5273069739341736,-0.001978459069505334,0.5899516344070435,0.40030139684677124,-0.0653730258345604,0.5422890186309814,0.437323659658432,-0.11985375732183456,0.5167125463485718,0.5015110373497009,-0.14703607559204102,0.6884316802024841,0.49832427501678467,-0.01814483292400837,0.6503993272781372,0.3198356628417969,-0.05676905810832977,0.5960279703140259,0.22989937663078308,-0.09183048456907272,0.5469349026679993,0.15873679518699646,-0.11417403072118759,0.746562123298645,0.5049039721488953,-0.044933244585990906,0.7231842279434204,0.3127763867378235,-0.08149025589227676,0.6905340552330017,0.2014687955379486,-0.10651111602783203,0.6609882712364197,0.10635685920715332,-0.12035481631755829,0.808293342590332,0.5436435341835022,-0.07494770735502243,0.8199722766876221,0.3843557834625244,-0.09928397089242935,0.8239214420318604,0.2833173871040344,-0.10570895671844482,0.8245620131492615,0.19222885370254517,-0.10775309801101685,0.0,0.0,0.0,0.0,0.0,0.0,0.0,0.0,0.0,0.0,0.0,0.0,0.0,0.0,0.0,0.0,0.0,0.0,0.0,0.0,0.0,0.0,0.0,0.0,0.0,0.0,0.0,0.0,0.0,0.0,0.0,0.0,0.0,0.0,0.0,0.0,0.0,0.0,0.0,0.0,0.0,0.0,0.0,0.0,0.0,0.0,0.0,0.0,0.0,0.0,0.0,0.0,0.0,0.0,0.0,0.0,0.0,0.0,0.0,0.0,0.0,0.0,0.0,O
0.6220996379852295,0.7123960852622986,-1.34807422114136e-07,0.5619228482246399,0.6708321571350098,-0.014041103422641754,0.5174350738525391,0.609204113483429,-0.026157179847359657,0.4856503903865814,0.5575898885726929,-0.04153849184513092,0.47105151414871216,0.502620279788971,-0.05499992519617081,0.5685590505599976,0.5058392882347107,0.005135088227689266,0.5372929573059082,0.4377749562263489,-0.028621315956115723,0.5110056400299072,0.4557407796382904,-0.058120861649513245,0.5006315112113953,0.4902704954147339,-0.07269363850355148,0.5920067429542542,0.48509618639945984,-0.0023251583334058523,0.569939911365509,0.3927936851978302,-0.021116100251674652,0.5384341478347778,0.34392526745796204,-0.037513088434934616,0.5104055404663086,0.3074131906032562,-0.04784727096557617,0.6212137937545776,0.48386895656585693,-0.016391515731811523,0.6082474589347839,0.38465389609336853,-0.0326148197054863,0.589448094367981,0.3258752226829529,-0.04192672669887543,0.5723276138305664,0.2762989103794098,-0.047061167657375336,0.6506688594818115,0.5004477500915527,-0.032938577234745026,0.6551857590675354,0.420232355594635,-0.04325893521308899,0.6540380716323853,0.36708712577819824,-0.04491487890481949,0.6514135599136353,0.3188769221305847,-0.0449347123503685,0.0,0.0,0.0,0.0,0.0,0.0,0.0,0.0,0.0,0.0,0.0,0.0,0.0,0.0,0.0,0.0,0.0,0.0,0.0,0.0,0.0,0.0,0.0,0.0,0.0,0.0,0.0,0.0,0.0,0.0,0.0,0.0,0.0,0.0,0.0,0.0,0.0,0.0,0.0,0.0,0.0,0.0,0.0,0.0,0.0,0.0,0.0,0.0,0.0,0.0,0.0,0.0,0.0,0.0,0.0,0.0,0.0,0.0,0.0,0.0,0.0,0.0,0.0,O
0.6232532262802124,0.6616837978363037,-9.433110648160437e-08,0.5719858407974243,0.6334952712059021,-0.009833209216594696,0.5335726141929626,0.5858690142631531,-0.018351903185248375,0.5052175521850586,0.5448823571205139,-0.029928700998425484,0.4924352765083313,0.5004674196243286,-0.04007350280880928,0.5693732500076294,0.5023238658905029,0.008399084210395813,0.5428922772407532,0.45063474774360657,-0.01850230246782303,0.5229589343070984,0.46344470977783203,-0.042333781719207764,0.5160161852836609,0.48954442143440247,-0.05406766012310982,0.5875464677810669,0.48292648792266846,0.001715796533972025,0.5655032992362976,0.41120263934135437,-0.012431368231773376,0.5373513102531433,0.37292012572288513,-0.025233961641788483,0.5128061175346375,0.3441765606403351,-0.03348040208220482,0.6122626662254333,0.47829800844192505,-0.010504728183150291,0.5966357588768005,0.39937037229537964,-0.023251645267009735,0.5783752799034119,0.3529761731624603,-0.03020818717777729,0.5625459551811218,0.3151557445526123,-0.0339219905436039,0.6382433772087097,0.48707738518714905,-0.024717751890420914,0.6375129818916321,0.42078590393066406,-0.03274136781692505,0.6339635848999023,0.37700819969177246,-0.03365509212017059,0.6297319531440735,0.33838438987731934,-0.033363014459609985,0.0,0.0,0.0,0.0,0.0,0.0,0.0,0.0,0.0,0.0,0.0,0.0,0.0,0.0,0.0,0.0,0.0,0.0,0.0,0.0,0.0,0.0,0.0,0.0,0.0,0.0,0.0,0.0,0.0,0.0,0.0,0.0,0.0,0.0,0.0,0.0,0.0,0.0,0.0,0.0,0.0,0.0,0.0,0.0,0.0,0.0,0.0,0.0,0.0,0.0,0.0,0.0,0.0,0.0,0.0,0.0,0.0,0.0,0.0,0.0,0.0,0.0,0.0,O
0.6533642411231995,0.648748517036438,-2.538087642278697e-07,0.588745653629303,0.6032986044883728,0.033888328820466995,0.5562989115715027,0.5489292144775391,0.03578897938132286,0.5244442224502563,0.5218608975410461,0.027093471959233284,0.49566757678985596,0.4894459545612335,0.01622050069272518,0.6255587339401245,0.45579656958580017,0.027467604726552963,0.5836111903190613,0.3926287889480591,0.01965099386870861,0.5525527000427246,0.3775451183319092,0.009826602414250374,0.5286625027656555,0.3754127025604248,0.0021685552783310413,0.6357940435409546,0.46033522486686707,-0.002663419349119067,0.5778664946556091,0.3860701024532318,-0.007867103442549706,0.5356550812721252,0.3505406677722931,-0.014178234152495861,0.5034476518630981,0.3274112939834595,-0.02214532531797886,0.6331587433815002,0.47758710384368896,-0.032583702355623245,0.585207998752594,0.3865969479084015,-0.036640625447034836,0.549865186214447,0.3414122760295868,-0.03734707832336426,0.524596095085144,0.30800771713256836,-0.04242802411317825,0.6162611246109009,0.49657294154167175,-0.060348302125930786,0.5947380661964417,0.42847517132759094,-0.06816010922193527,0.5797125697135925,0.3824164867401123,-0.07050751149654388,0.5668554902076721,0.3400329649448395,-0.07456982135772705,0.0,0.0,0.0,0.0,0.0,0.0,0.0,0.0,0.0,0.0,0.0,0.0,0.0,0.0,0.0,0.0,0.0,0.0,0.0,0.0,0.0,0.0,0.0,0.0,0.0,0.0,0.0,0.0,0.0,0.0,0.0,0.0,0.0,0.0,0.0,0.0,0.0,0.0,0.0,0.0,0.0,0.0,0.0,0.0,0.0,0.0,0.0,0.0,0.0,0.0,0.0,0.0,0.0,0.0,0.0,0.0,0.0,0.0,0.0,0.0,0.0,0.0,0.0,O
0.30256029963493347,0.8639968037605286,5.600509211944882e-07,0.35642293095588684,0.8000121116638184,-0.04389432072639465,0.38732293248176575,0.7103877663612366,-0.0600123256444931,0.40283793210983276,0.6323410868644714,-0.06587887555360794,0.40029484033584595,0.5661529302597046,-0.06426841020584106,0.27689018845558167,0.6478847861289978,-0.04639458656311035,0.3075321912765503,0.5498611330986023,-0.06643618643283844,0.35007020831108093,0.5540003776550293,-0.07557056844234467,0.3775233328342438,0.5792979001998901,-0.07485274225473404,0.24585628509521484,0.6491119861602783,-0.025557639077305794,0.24576503038406372,0.5335210561752319,-0.04589000716805458,0.26408839225769043,0.4631004333496094,-0.05513211712241173,0.2802554666996002,0.4132230281829834,-0.05694893002510071,0.23360887169837952,0.6619855761528015,-0.007655734661966562,0.21864132583141327,0.5631804466247559,-0.02374846674501896,0.21837374567985535,0.498468279838562,-0.03335816413164139,0.22264885902404785,0.4497818946838379,-0.03503630682826042,0.23620876669883728,0.6787149906158447,0.007411512546241283,0.220558762550354,0.5973159670829773,0.0028873542323708534,0.21140223741531372,0.5494317412376404,0.003786031622439623,0.21135857701301575,0.5147749185562134,0.007514807395637035,0.0,0.0,0.0,0.0,0.0,0.0,0.0,0.0,0.0,0.0,0.0,0.0,0.0,0.0,0.0,0.0,0.0,0.0,0.0,0.0,0.0,0.0,0.0,0.0,0.0,0.0,0.0,0.0,0.0,0.0,0.0,0.0,0.0,0.0,0.0,0.0,0.0,0.0,0.0,0.0,0.0,0.0,0.0,0.0,0.0,0.0,0.0,0.0,0.0,0.0,0.0,0.0,0.0,0.0,0.0,0.0,0.0,0.0,0.0,0.0,0.0,0.0,0.0,O
0.35016438364982605,0.8506770133972168,3.6447372053771687e-07,0.40971314907073975,0.7868306636810303,-0.018812056630849838,0.44602617621421814,0.7041723728179932,-0.023564888164401054,0.46279317140579224,0.630022406578064,-0.021383799612522125,0.46655645966529846,0.5741813778877258,-0.01245786715298891,0.3514330983161926,0.6168106198310852,-0.01889922469854355,0.39459845423698425,0.5372477173805237,-0.026083296164870262,0.42691314220428467,0.5580576658248901,-0.02960244193673134,0.4421379864215851,0.591016948223114,-0.027265317738056183,0.31395161151885986,0.6194676160812378,-0.006574026308953762,0.34762126207351685,0.5116415023803711,-0.009735025465488434,0.3801461160182953,0.46325185894966125,-0.01017374824732542,0.4065002202987671,0.43386608362197876,-0.00830468162894249,0.2916487753391266,0.6371475458145142,0.004550217650830746,0.3006947636604309,0.5334070324897766,0.0035861716605722904,0.31642282009124756,0.4777836799621582,9.806008893065155e-05,0.3331919312477112,0.44023048877716064,-0.0008779482450336218,0.2822239398956299,0.6631924510002136,0.014829939231276512,0.27231213450431824,0.5891499519348145,0.01801450178027153,0.26930955052375793,0.5448363423347473,0.02094356343150139,0.2723364233970642,0.5079057216644287,0.024792110547423363,0.0,0.0,0.0,0.0,0.0,0.0,0.0,0.0,0.0,0.0,0.0,0.0,0.0,0.0,0.0,0.0,0.0,0.0,0.0,0.0,0.0,0.0,0.0,0.0,0.0,0.0,0.0,0.0,0.0,0.0,0.0,0.0,0.0,0.0,0.0,0.0,0.0,0.0,0.0,0.0,0.0,0.0,0.0,0.0,0.0,0.0,0.0,0.0,0.0,0.0,0.0,0.0,0.0,0.0,0.0,0.0,0.0,0.0,0.0,0.0,0.0,0.0,0.0,O
0.36813637614250183,0.8480892777442932,1.219605536562085e-07,0.4286642074584961,0.782731294631958,0.001224260893650353,0.45556044578552246,0.7015184760093689,0.001128497184254229,0.4511530101299286,0.6263387203216553,0.0022128827404230833,0.4324599504470825,0.5831538438796997,0.005822089035063982,0.39173388481140137,0.6229308247566223,-0.01301982719451189,0.3981250524520874,0.5461432933807373,-0.015760118141770363,0.40507856011390686,0.5702153444290161,-0.012848800979554653,0.40718117356300354,0.6067960262298584,-0.009195138700306416,0.34613803029060364,0.6224746704101562,-0.01628890633583069,0.3548852801322937,0.5180379152297974,-0.019327843561768532,0.3694317638874054,0.473951518535614,-0.01830810122191906,0.3829953074455261,0.4498276114463806,-0.017799057066440582,0.307619571685791,0.6419084668159485,-0.018761374056339264,0.30351051688194275,0.5344164967536926,-0.02406591922044754,0.3078625798225403,0.47586870193481445,-0.03018171340227127,0.3152122497558594,0.43695396184921265,-0.035622816532850266,0.28009307384490967,0.6743401885032654,-0.01958065666258335,0.25672274827957153,0.5975900888442993,-0.026240576058626175,0.24662473797798157,0.5487889647483826,-0.029212957248091698,0.24120306968688965,0.5084403157234192,-0.03124089352786541,0.0,0.0,0.0,0.0,0.0,0.0,0.0,0.0,0.0,0.0,0.0,0.0,0.0,0.0,0.0,0.0,0.0,0.0,0.0,0.0,0.0,0.0,0.0,0.0,0.0,0.0,0.0,0.0,0.0,0.0,0.0,0.0,0.0,0.0,0.0,0.0,0.0,0.0,0.0,0.0,0.0,0.0,0.0,0.0,0.0,0.0,0.0,0.0,0.0,0.0,0.0,0.0,0.0,0.0,0.0,0.0,0.0,0.0,0.0,0.0,0.0,0.0,0.0,O
0.3606729209423065,0.8504854440689087,3.7272675967869873e-07,0.4200502932071686,0.7870659232139587,-0.02074609510600567,0.4545525312423706,0.7013900876045227,-0.026376521214842796,0.46651843190193176,0.626586377620697,-0.02409244328737259,0.46730849146842957,0.5703233480453491,-0.015035297721624374,0.3612509071826935,0.6203969717025757,-0.02561892755329609,0.39201778173446655,0.540511429309845,-0.02969045378267765,0.4231836795806885,0.5587524175643921,-0.02781321294605732,0.43873080611228943,0.5887280106544495,-0.022734886035323143,0.32213470339775085,0.6232389807701111,-0.012570085003972054,0.34223270416259766,0.5168856382369995,-0.018718117848038673,0.3724774718284607,0.46888116002082825,-0.017450083047151566,0.3981419503688812,0.43942946195602417,-0.013431538827717304,0.29821717739105225,0.640582799911499,-5.693019920727238e-05,0.2964286804199219,0.5370811820030212,-0.0044746557250618935,0.30957889556884766,0.48169970512390137,-0.008028553798794746,0.32438328862190247,0.4440743029117584,-0.0083374148234725,0.2900635898113251,0.6662381887435913,0.011820279061794281,0.28137001395225525,0.5892894268035889,0.0127271618694067,0.28070738911628723,0.5474436283111572,0.01500858087092638,0.28526055812835693,0.5153759717941284,0.01852499134838581,0.0,0.0,0.0,0.0,0.0,0.0,0.0,0.0,0.0,0.0,0.0,0.0,0.0,0.0,0.0,0.0,0.0,0.0,0.0,0.0,0.0,0.0,0.0,0.0,0.0,0.0,0.0,0.0,0.0,0.0,0.0,0.0,0.0,0.0,0.0,0.0,0.0,0.0,0.0,0.0,0.0,0.0,0.0,0.0,0.0,0.0,0.0,0.0,0.0,0.0,0.0,0.0,0.0,0.0,0.0,0.0,0.0,0.0,0.0,0.0,0.0,0.0,0.0,O
0.38934463262557983,0.8401153683662415,8.983197119505348e-08,0.44610780477523804,0.7728489637374878,0.009404671378433704,0.4689268469810486,0.694782018661499,0.013604401610791683,0.45948877930641174,0.6232603788375854,0.017719009891152382,0.43982699513435364,0.5798392295837402,0.023575017228722572,0.4140017032623291,0.6201626062393188,-0.0023573630023747683,0.41001057624816895,0.5489600896835327,-0.0004020432534161955,0.40970516204833984,0.5692023634910583,0.005629521328955889,0.4103085696697235,0.6037655472755432,0.011092029511928558,0.36767566204071045,0.6193729639053345,-0.007804926950484514,0.3696281313896179,0.5151490569114685,-0.008067214861512184,0.37859463691711426,0.4738060235977173,-0.004756719805300236,0.38968610763549805,0.4525231122970581,-0.00201742653734982,0.3281283974647522,0.6385613083839417,-0.01177321095019579,0.31846341490745544,0.5326700806617737,-0.013896472752094269,0.31679198145866394,0.4759358763694763,-0.017753684893250465,0.3199864625930786,0.4375324845314026,-0.02131243795156479,0.29891854524612427,0.6716444492340088,-0.0134595837444067,0.27580341696739197,0.5952609181404114,-0.015515723265707493,0.2652360796928406,0.550288736820221,-0.015104735270142555,0.25919416546821594,0.5128751993179321,-0.01482617761939764,0.0,0.0,0.0,0.0,0.0,0.0,0.0,0.0,0.0,0.0,0.0,0.0,0.0,0.0,0.0,0.0,0.0,0.0,0.0,0.0,0.0,0.0,0.0,0.0,0.0,0.0,0.0,0.0,0.0,0.0,0.0,0.0,0.0,0.0,0.0,0.0,0.0,0.0,0.0,0.0,0.0,0.0,0.0,0.0,0.0,0.0,0.0,0.0,0.0,0.0,0.0,0.0,0.0,0.0,0.0,0.0,0.0,0.0,0.0,0.0,0.0,0.0,0.0,O
0.401968777179718,0.8172436952590942,2.6879732217821584e-07,0.48976215720176697,0.8129096031188965,-0.06799573451280594,0.5621689558029175,0.7615698575973511,-0.10564272105693817,0.605809211730957,0.7100335955619812,-0.14144404232501984,0.5775758028030396,0.6627910733222961,-0.17445996403694153,0.5014581084251404,0.5179827213287354,-0.043672285974025726,0.5164058208465576,0.4056321978569031,-0.09839000552892685,0.5206765532493591,0.40104979276657104,-0.14175395667552948,0.5201722979545593,0.46144717931747437,-0.16115890443325043,0.4402030110359192,0.49913129210472107,-0.033774230629205704,0.43744102120399475,0.3475106954574585,-0.0815809816122055,0.4353555142879486,0.36246901750564575,-0.11782296746969223,0.4414628744125366,0.4279489815235138,-0.13329243659973145,0.3878808915615082,0.5071424245834351,-0.033483847975730896,0.3795359134674072,0.3873271346092224,-0.07185845077037811,0.38227999210357666,0.39973586797714233,-0.098123699426651,0.3919709026813507,0.4621385931968689,-0.10710307955741882,0.3379230797290802,0.5369064211845398,-0.03989655524492264,0.3283309042453766,0.4432617127895355,-0.06557584553956985,0.3327672481536865,0.44237828254699707,-0.07947800308465958,0.3440118730068207,0.4857040047645569,-0.08382005989551544,0.0,0.0,0.0,0.0,0.0,0.0,0.0,0.0,0.0,0.0,0.0,0.0,0.0,0.0,0.0,0.0,0.0,0.0,0.0,0.0,0.0,0.0,0.0,0.0,0.0,0.0,0.0,0.0,0.0,0.0,0.0,0.0,0.0,0.0,0.0,0.0,0.0,0.0,0.0,0.0,0.0,0.0,0.0,0.0,0.0,0.0,0.0,0.0,0.0,0.0,0.0,0.0,0.0,0.0,0.0,0.0,0.0,0.0,0.0,0.0,0.0,0.0,0.0,TESAJA
0.40567752718925476,0.816138744354248,2.2177796665800997e-07,0.49184074997901917,0.8096693158149719,-0.060621228069067,0.5623249411582947,0.7592791318893433,-0.093564473092556,0.6024675369262695,0.708489716053009,-0.12543460726737976,0.5741429328918457,0.6614359617233276,-0.154558464884758,0.5001046657562256,0.5166200399398804,-0.03684714809060097,0.51666659116745,0.40713340044021606,-0.08797907084226608,0.5212218761444092,0.40133044123649597,-0.12869298458099365,0.5195767879486084,0.4560442864894867,-0.14683356881141663,0.4403015077114105,0.49763917922973633,-0.029229996725916862,0.4372873306274414,0.3470965623855591,-0.07343117892742157,0.4357241094112396,0.3597584664821625,-0.10740772634744644,0.4401821792125702,0.42319515347480774,-0.12208788841962814,0.3894088566303253,0.5074326395988464,-0.03043096885085106,0.38131701946258545,0.38673269748687744,-0.06669226288795471,0.3832441568374634,0.40005916357040405,-0.09054204821586609,0.39108943939208984,0.4599885046482086,-0.0980466976761818,0.3412260413169861,0.5392299890518188,-0.037534430623054504,0.3319554328918457,0.443440705537796,-0.061135899275541306,0.3357625901699066,0.4405059218406677,-0.07235845923423767,0.34542611241340637,0.4808545708656311,-0.07481595128774643,0.0,0.0,0.0,0.0,0.0,0.0,0.0,0.0,0.0,0.0,0.0,0.0,0.0,0.0,0.0,0.0,0.0,0.0,0.0,0.0,0.0,0.0,0.0,0.0,0.0,0.0,0.0,0.0,0.0,0.0,0.0,0.0,0.0,0.0,0.0,0.0,0.0,0.0,0.0,0.0,0.0,0.0,0.0,0.0,0.0,0.0,0.0,0.0,0.0,0.0,0.0,0.0,0.0,0.0,0.0,0.0,0.0,0.0,0.0,0.0,0.0,0.0,0.0,TESAJA
0.4293680787086487,0.7875857353210449,8.679941032596616e-08,0.5079235434532166,0.7608889937400818,-0.04445063695311546,0.5702333450317383,0.7015028595924377,-0.07202251255512238,0.6064496636390686,0.6543281674385071,-0.10062431544065475,0.6038913726806641,0.609809160232544,-0.12703432142734528,0.4890442490577698,0.49865007400512695,-0.03514567390084267,0.4841599464416504,0.3851754069328308,-0.08507518470287323,0.4918321371078491,0.3841170072555542,-0.12108014523983002,0.5000760555267334,0.43343010544776917,-0.13600240647792816,0.4275563359260559,0.4930700957775116,-0.03588489070534706,0.39730212092399597,0.3406304121017456,-0.0814627930521965,0.40555518865585327,0.36923402547836304,-0.10657927393913269,0.42061713337898254,0.4406388998031616,-0.11330650746822357,0.3761935532093048,0.5135377049446106,-0.04347774013876915,0.34487050771713257,0.38851308822631836,-0.08327348530292511,0.3580683767795563,0.42427873611450195,-0.09367050975561142,0.37600576877593994,0.489591121673584,-0.08961465209722519,0.3288756012916565,0.5543080568313599,-0.055366527289152145,0.3052843511104584,0.4635346233844757,-0.08265125751495361,0.3164528012275696,0.47919297218322754,-0.08479814231395721,0.3324490785598755,0.5274717211723328,-0.07840577512979507,0.0,0.0,0.0,0.0,0.0,0.0,0.0,0.0,0.0,0.0,0.0,0.0,0.0,0.0,0.0,0.0,0.0,0.0,0.0,0.0,0.0,0.0,0.0,0.0,0.0,0.0,0.0,0.0,0.0,0.0,0.0,0.0,0.0,0.0,0.0,0.0,0.0,0.0,0.0,0.0,0.0,0.0,0.0,0.0,0.0,0.0,0.0,0.0,0.0,0.0,0.0,0.0,0.0,0.0,0.0,0.0,0.0,0.0,0.0,0.0,0.0,0.0,0.0,TESAJA
0.44943878054618835,0.7580901384353638,-5.132068636726217e-08,0.5249527096748352,0.7313141822814941,-0.034490201622247696,0.5809277892112732,0.6647274494171143,-0.058871541172266006,0.6145315170288086,0.613902747631073,-0.08469860255718231,0.6336526870727539,0.5716984868049622,-0.10903241485357285,0.5072469115257263,0.4748820960521698,-0.03489874675869942,0.49322405457496643,0.36745548248291016,-0.08245545625686646,0.5101134777069092,0.3844863772392273,-0.11783743649721146,0.5185685157775879,0.43445947766304016,-0.13480603694915771,0.4499835669994354,0.47908642888069153,-0.04050283506512642,0.4112011790275574,0.33885636925697327,-0.08683708310127258,0.44172796607017517,0.3833777904510498,-0.11196960508823395,0.46309447288513184,0.45170170068740845,-0.12055770307779312,0.4019109606742859,0.5055839419364929,-0.051224127411842346,0.3643648624420166,0.38409653306007385,-0.09155416488647461,0.3986441493034363,0.43122684955596924,-0.09833452850580215,0.41911834478378296,0.492220938205719,-0.09377648681402206,0.3570948839187622,0.5499952435493469,-0.06524977833032608,0.33684226870536804,0.4668734669685364,-0.09395405650138855,0.36197134852409363,0.49386024475097656,-0.09428420662879944,0.378256618976593,0.539025068283081,-0.08813449740409851,0.0,0.0,0.0,0.0,0.0,0.0,0.0,0.0,0.0,0.0,0.0,0.0,0.0,0.0,0.0,0.0,0.0,0.0,0.0,0.0,0.0,0.0,0.0,0.0,0.0,0.0,0.0,0.0,0.0,0.0,0.0,0.0,0.0,0.0,0.0,0.0,0.0,0.0,0.0,0.0,0.0,0.0,0.0,0.0,0.0,0.0,0.0,0.0,0.0,0.0,0.0,0.0,0.0,0.0,0.0,0.0,0.0,0.0,0.0,0.0,0.0,0.0,0.0,TESAJA
0.4496641159057617,0.7335950136184692,-8.864019207521778e-08,0.5343186259269714,0.695029616355896,-0.023991946130990982,0.5756397843360901,0.6127190589904785,-0.0449528805911541,0.6046449542045593,0.5600985884666443,-0.06877302378416061,0.6295430660247803,0.5279068350791931,-0.09338386356830597,0.5130147933959961,0.4497841000556946,-0.045505981892347336,0.49292922019958496,0.34608837962150574,-0.09196825325489044,0.5212741494178772,0.36744314432144165,-0.12259538471698761,0.5324376821517944,0.41752684116363525,-0.13903406262397766,0.46347424387931824,0.46604928374290466,-0.060080837458372116,0.42275258898735046,0.32990339398384094,-0.11196931451559067,0.46823108196258545,0.38418006896972656,-0.14014680683612823,0.4908073842525482,0.4446176588535309,-0.1527664214372635,0.4204793870449066,0.5013985633850098,-0.07740242034196854,0.3835722506046295,0.38919904828071594,-0.1274702101945877,0.4368143081665039,0.4491519033908844,-0.1394445151090622,0.45950448513031006,0.5054694414138794,-0.1395587921142578,0.38079968094825745,0.553896963596344,-0.09597086906433105,0.36595895886421204,0.47946134209632874,-0.13748303055763245,0.4050039052963257,0.5193350911140442,-0.14441156387329102,0.4238373637199402,0.5625081062316895,-0.1441795825958252,0.0,0.0,0.0,0.0,0.0,0.0,0.0,0.0,0.0,0.0,0.0,0.0,0.0,0.0,0.0,0.0,0.0,0.0,0.0,0.0,0.0,0.0,0.0,0.0,0.0,0.0,0.0,0.0,0.0,0.0,0.0,0.0,0.0,0.0,0.0,0.0,0.0,0.0,0.0,0.0,0.0,0.0,0.0,0.0,0.0,0.0,0.0,0.0,0.0,0.0,0.0,0.0,0.0,0.0,0.0,0.0,0.0,0.0,0.0,0.0,0.0,0.0,0.0,TESAJA
0.442287802696228,0.7202531695365906,-7.799189205570656e-08,0.5350953936576843,0.6774489879608154,-0.01917514018714428,0.5713721513748169,0.587946355342865,-0.037033673375844955,0.593436598777771,0.5371994972229004,-0.057991866022348404,0.6189844608306885,0.5069926381111145,-0.07995107024908066,0.5039001107215881,0.4428854286670685,-0.051738109439611435,0.481208473443985,0.33720940351486206,-0.09770701825618744,0.5123152732849121,0.3546602725982666,-0.12407407909631729,0.5247905850410461,0.40657269954681396,-0.13800697028636932,0.4569427967071533,0.46500763297080994,-0.07027478516101837,0.41330215334892273,0.32660341262817383,-0.12494580447673798,0.46130698919296265,0.37605249881744385,-0.15483607351779938,0.48607122898101807,0.4319274425506592,-0.16961391270160675,0.4170452356338501,0.5025662183761597,-0.09071706235408783,0.3792394995689392,0.3892599940299988,-0.14896146953105927,0.4364556670188904,0.44609636068344116,-0.16917860507965088,0.4610375761985779,0.5008065104484558,-0.17496947944164276,0.38225775957107544,0.5552341938018799,-0.11087991297245026,0.3731376826763153,0.4814155399799347,-0.16411812603473663,0.41535210609436035,0.5234091877937317,-0.18054862320423126,0.4341161251068115,0.5685199499130249,-0.18732279539108276,0.0,0.0,0.0,0.0,0.0,0.0,0.0,0.0,0.0,0.0,0.0,0.0,0.0,0.0,0.0,0.0,0.0,0.0,0.0,0.0,0.0,0.0,0.0,0.0,0.0,0.0,0.0,0.0,0.0,0.0,0.0,0.0,0.0,0.0,0.0,0.0,0.0,0.0,0.0,0.0,0.0,0.0,0.0,0.0,0.0,0.0,0.0,0.0,0.0,0.0,0.0,0.0,0.0,0.0,0.0,0.0,0.0,0.0,0.0,0.0,0.0,0.0,0.0,TESAJA
0.4378013610839844,0.7134905457496643,-7.959325643014381e-08,0.5284484028816223,0.6576766967773438,-0.01198660396039486,0.5578662753105164,0.5664786696434021,-0.028926843777298927,0.5764434337615967,0.5146429538726807,-0.050974421203136444,0.600537121295929,0.4830436110496521,-0.07389429956674576,0.4898328483104706,0.4358540177345276,-0.04674283415079117,0.4635925590991974,0.33267056941986084,-0.09264487028121948,0.4979282319545746,0.35017019510269165,-0.11848162859678268,0.5122929215431213,0.399027943611145,-0.13260501623153687,0.44914278388023376,0.46438249945640564,-0.07081387937068939,0.40524107217788696,0.3323723375797272,-0.12867780029773712,0.4583551287651062,0.3806581497192383,-0.1604895293712616,0.48284679651260376,0.43283718824386597,-0.176211416721344,0.41494402289390564,0.5060281753540039,-0.09640759229660034,0.37489572167396545,0.39660102128982544,-0.1585502028465271,0.43675312399864197,0.4492862820625305,-0.18135415017604828,0.4610217809677124,0.4996747374534607,-0.18842925131320953,0.38616007566452026,0.5599298477172852,-0.12089786678552628,0.37610501050949097,0.4902750849723816,-0.17697851359844208,0.4204263687133789,0.5276877284049988,-0.195712611079216,0.4397178292274475,0.569446325302124,-0.2042246162891388,0.0,0.0,0.0,0.0,0.0,0.0,0.0,0.0,0.0,0.0,0.0,0.0,0.0,0.0,0.0,0.0,0.0,0.0,0.0,0.0,0.0,0.0,0.0,0.0,0.0,0.0,0.0,0.0,0.0,0.0,0.0,0.0,0.0,0.0,0.0,0.0,0.0,0.0,0.0,0.0,0.0,0.0,0.0,0.0,0.0,0.0,0.0,0.0,0.0,0.0,0.0,0.0,0.0,0.0,0.0,0.0,0.0,0.0,0.0,0.0,0.0,0.0,0.0,TESAJA
0.4354664087295532,0.7104184031486511,-1.6234015731697582e-07,0.5212735533714294,0.6439543962478638,-0.004305522423237562,0.543478786945343,0.5508027076721191,-0.019157148897647858,0.5634506344795227,0.49876752495765686,-0.039991602301597595,0.5911513566970825,0.46818867325782776,-0.06176385655999184,0.475638747215271,0.4294874966144562,-0.04612148553133011,0.443675696849823,0.3331930637359619,-0.087411068379879,0.48114025592803955,0.3448951244354248,-0.10677735507488251,0.49498146772384644,0.386396199464798,-0.11793927848339081,0.43883126974105835,0.46208861470222473,-0.0734175443649292,0.39529210329055786,0.3385080397129059,-0.12972529232501984,0.4554709196090698,0.39465445280075073,-0.15575413405895233,0.47781896591186523,0.4435659348964691,-0.1673450469970703,0.4089081883430481,0.5071361660957336,-0.10095947235822678,0.3675838112831116,0.405441552400589,-0.16034911572933197,0.436352014541626,0.45826709270477295,-0.17634427547454834,0.4596765637397766,0.505699634552002,-0.17958036065101624,0.38457179069519043,0.565605103969574,-0.12676456570625305,0.37408173084259033,0.5016056895256042,-0.1812359094619751,0.4223553538322449,0.5348670482635498,-0.19680657982826233,0.4409581124782562,0.572317361831665,-0.20354904234409332,0.0,0.0,0.0,0.0,0.0,0.0,0.0,0.0,0.0,0.0,0.0,0.0,0.0,0.0,0.0,0.0,0.0,0.0,0.0,0.0,0.0,0.0,0.0,0.0,0.0,0.0,0.0,0.0,0.0,0.0,0.0,0.0,0.0,0.0,0.0,0.0,0.0,0.0,0.0,0.0,0.0,0.0,0.0,0.0,0.0,0.0,0.0,0.0,0.0,0.0,0.0,0.0,0.0,0.0,0.0,0.0,0.0,0.0,0.0,0.0,0.0,0.0,0.0,TESAJA
0.4390460252761841,0.7138251662254333,-7.165088078409099e-08,0.5199823379516602,0.6627470254898071,-0.015280027873814106,0.5485656261444092,0.5702164769172668,-0.03162503242492676,0.5671641230583191,0.5191106200218201,-0.050948187708854675,0.5901332497596741,0.4878484904766083,-0.07060591876506805,0.4781109690666199,0.431551992893219,-0.04846541956067085,0.44782692193984985,0.3364584147930145,-0.09061825275421143,0.48132041096687317,0.3500710725784302,-0.11222422122955322,0.4948855936527252,0.39296913146972656,-0.12390365451574326,0.43479591608047485,0.4575938582420349,-0.06801631301641464,0.38499921560287476,0.3305041193962097,-0.11905456334352493,0.43765169382095337,0.3764689564704895,-0.14332719147205353,0.46224281191825867,0.4214945435523987,-0.15472003817558289,0.397909551858902,0.4994601905345917,-0.08897967636585236,0.3560214340686798,0.3983299136161804,-0.14348755776882172,0.41660457849502563,0.45067161321640015,-0.15584053099155426,0.44081416726112366,0.49415409564971924,-0.15715554356575012,0.3654516935348511,0.5571445226669312,-0.1095348671078682,0.3547394275665283,0.49421992897987366,-0.15885193645954132,0.3989660441875458,0.5316755771636963,-0.16950789093971252,0.41694870591163635,0.5661437511444092,-0.1725023239850998,0.0,0.0,0.0,0.0,0.0,0.0,0.0,0.0,0.0,0.0,0.0,0.0,0.0,0.0,0.0,0.0,0.0,0.0,0.0,0.0,0.0,0.0,0.0,0.0,0.0,0.0,0.0,0.0,0.0,0.0,0.0,0.0,0.0,0.0,0.0,0.0,0.0,0.0,0.0,0.0,0.0,0.0,0.0,0.0,0.0,0.0,0.0,0.0,0.0,0.0,0.0,0.0,0.0,0.0,0.0,0.0,0.0,0.0,0.0,0.0,0.0,0.0,0.0,TESAJA
0.4483841359615326,0.7464991807937622,-5.4619253120336e-08,0.5220333933830261,0.7110421061515808,-0.031582776457071304,0.5789068341255188,0.6414827704429626,-0.05310339108109474,0.6099598407745361,0.5890692472457886,-0.07618671655654907,0.620707094669342,0.5456624627113342,-0.09701841324567795,0.5008822679519653,0.45436206459999084,-0.0239929910749197,0.4864491820335388,0.349570095539093,-0.06666234880685806,0.5024996399879456,0.36493080854415894,-0.09895127266645432,0.5120277404785156,0.41316643357276917,-0.1137724444270134,0.4442066550254822,0.4586271345615387,-0.029168054461479187,0.4076126217842102,0.32342180609703064,-0.06932269781827927,0.4374154508113861,0.3643677234649658,-0.09152688086032867,0.45921432971954346,0.42964524030685425,-0.09802428632974625,0.39640167355537415,0.48423105478286743,-0.039603158831596375,0.3647189140319824,0.3686803877353668,-0.07517682760953903,0.3979009985923767,0.41578635573387146,-0.07908245921134949,0.41704633831977844,0.47426554560661316,-0.072348453104496,0.3526282012462616,0.526861310005188,-0.05335678532719612,0.3333480954170227,0.445509135723114,-0.07773323357105255,0.35901695489883423,0.4732661247253418,-0.07439450919628143,0.37578025460243225,0.5165944695472717,-0.06517299264669418,0.0,0.0,0.0,0.0,0.0,0.0,0.0,0.0,0.0,0.0,0.0,0.0,0.0,0.0,0.0,0.0,0.0,0.0,0.0,0.0,0.0,0.0,0.0,0.0,0.0,0.0,0.0,0.0,0.0,0.0,0.0,0.0,0.0,0.0,0.0,0.0,0.0,0.0,0.0,0.0,0.0,0.0,0.0,0.0,0.0,0.0,0.0,0.0,0.0,0.0,0.0,0.0,0.0,0.0,0.0,0.0,0.0,0.0,0.0,0.0,0.0,0.0,0.0,TESAJA
0.4218273460865021,0.7596140503883362,1.4219064325970976e-07,0.4994092583656311,0.7423134446144104,-0.04139861464500427,0.5636109709739685,0.6929907202720642,-0.06485487520694733,0.5996534824371338,0.6429945230484009,-0.08878516405820847,0.5788657665252686,0.5994614958763123,-0.1098383367061615,0.498500257730484,0.47637760639190674,-0.022210389375686646,0.5065617561340332,0.37335270643234253,-0.06462132930755615,0.5124805569648743,0.369789719581604,-0.09788593649864197,0.5150970220565796,0.42074698209762573,-0.11111976206302643,0.44314509630203247,0.4632955491542816,-0.01965833641588688,0.4329968988895416,0.3324317932128906,-0.051569290459156036,0.4376123249530792,0.34182238578796387,-0.07322205603122711,0.4461989402770996,0.3951616883277893,-0.080529123544693,0.3963703513145447,0.47648754715919495,-0.02409282885491848,0.3836567997932434,0.36943045258522034,-0.049920063465833664,0.3893642723560333,0.381849080324173,-0.05840349942445755,0.39894750714302063,0.42806529998779297,-0.056726276874542236,0.3527211844921112,0.5101097226142883,-0.03324257954955101,0.3395198881626129,0.4242055118083954,-0.049343664199113846,0.3447449803352356,0.4245431423187256,-0.048699796199798584,0.35437533259391785,0.45676738023757935,-0.04206607863306999,0.0,0.0,0.0,0.0,0.0,0.0,0.0,0.0,0.0,0.0,0.0,0.0,0.0,0.0,0.0,0.0,0.0,0.0,0.0,0.0,0.0,0.0,0.0,0.0,0.0,0.0,0.0,0.0,0.0,0.0,0.0,0.0,0.0,0.0,0.0,0.0,0.0,0.0,0.0,0.0,0.0,0.0,0.0,0.0,0.0,0.0,0.0,0.0,0.0,0.0,0.0,0.0,0.0,0.0,0.0,0.0,0.0,0.0,0.0,0.0,0.0,0.0,0.0,TESAJA
0.4090360701084137,0.7457718849182129,2.669150660494779e-07,0.4722746014595032,0.7365288734436035,-0.042477089911699295,0.5291311144828796,0.689648449420929,-0.06411461532115936,0.5527325868606567,0.6376885175704956,-0.08408687263727188,0.5157589912414551,0.604058563709259,-0.10049456357955933,0.49032557010650635,0.48361441493034363,-0.01767745241522789,0.5143489837646484,0.3873949348926544,-0.053646937012672424,0.5226553678512573,0.37285810708999634,-0.0824616327881813,0.5234900116920471,0.40626245737075806,-0.09382961690425873,0.44330090284347534,0.45932960510253906,-0.010798541828989983,0.44808030128479004,0.3465411067008972,-0.031424712389707565,0.45410776138305664,0.32989832758903503,-0.04602310433983803,0.46203598380088806,0.35260009765625,-0.0518118217587471,0.4036021828651428,0.4648720622062683,-0.011722181923687458,0.4006187319755554,0.3687800467014313,-0.029459085315465927,0.4067833423614502,0.3510696291923523,-0.03595953807234764,0.4195052981376648,0.36530429124832153,-0.03588037192821503,0.36594128608703613,0.4923902750015259,-0.01764580048620701,0.3598392903804779,0.4165114760398865,-0.029065227136015892,0.36343494057655334,0.39769279956817627,-0.028643738478422165,0.37525513768196106,0.40581458806991577,-0.024019796401262283,0.0,0.0,0.0,0.0,0.0,0.0,0.0,0.0,0.0,0.0,0.0,0.0,0.0,0.0,0.0,0.0,0.0,0.0,0.0,0.0,0.0,0.0,0.0,0.0,0.0,0.0,0.0,0.0,0.0,0.0,0.0,0.0,0.0,0.0,0.0,0.0,0.0,0.0,0.0,0.0,0.0,0.0,0.0,0.0,0.0,0.0,0.0,0.0,0.0,0.0,0.0,0.0,0.0,0.0,0.0,0.0,0.0,0.0,0.0,0.0,0.0,0.0,0.0,TESAJA
0.4003833830356598,0.7331686615943909,1.8721870276294794e-07,0.4551573693752289,0.7294808030128479,-0.05868851765990257,0.5052565932273865,0.6908122301101685,-0.08944885432720184,0.5007432103157043,0.6404995322227478,-0.1158171221613884,0.45768988132476807,0.603172242641449,-0.13863599300384521,0.48640918731689453,0.4792361855506897,-0.03438751399517059,0.5193146467208862,0.37735140323638916,-0.07182302325963974,0.5162791013717651,0.3777218163013458,-0.10255435854196548,0.5091610550880432,0.41697001457214355,-0.11764167249202728,0.44130659103393555,0.45601826906204224,-0.021136973053216934,0.45715785026550293,0.33592653274536133,-0.05210539698600769,0.4487876892089844,0.33585846424102783,-0.07896343618631363,0.4468051791191101,0.3684130907058716,-0.09306652843952179,0.40393856167793274,0.458068311214447,-0.015514628030359745,0.4110088348388672,0.35183238983154297,-0.04028245061635971,0.4044666588306427,0.3525099456310272,-0.06000847741961479,0.4074510931968689,0.3840540051460266,-0.06937802582979202,0.3670405149459839,0.48064568638801575,-0.015197478234767914,0.36533188819885254,0.40040042996406555,-0.0298747718334198,0.361359179019928,0.39500734210014343,-0.03756929934024811,0.36612555384635925,0.41930869221687317,-0.04084056615829468,0.0,0.0,0.0,0.0,0.0,0.0,0.0,0.0,0.0,0.0,0.0,0.0,0.0,0.0,0.0,0.0,0.0,0.0,0.0,0.0,0.0,0.0,0.0,0.0,0.0,0.0,0.0,0.0,0.0,0.0,0.0,0.0,0.0,0.0,0.0,0.0,0.0,0.0,0.0,0.0,0.0,0.0,0.0,0.0,0.0,0.0,0.0,0.0,0.0,0.0,0.0,0.0,0.0,0.0,0.0,0.0,0.0,0.0,0.0,0.0,0.0,0.0,0.0,TESAJA
0.4017309248447418,0.6640340089797974,6.33501258562319e-07,0.4406284689903259,0.6830426454544067,-0.05736691504716873,0.47511109709739685,0.659793496131897,-0.08666020631790161,0.4654313623905182,0.6178544163703918,-0.11014417558908463,0.43079185485839844,0.5805158019065857,-0.13038547337055206,0.48090890049934387,0.480969101190567,-0.040703486651182175,0.5115320682525635,0.4044269919395447,-0.06986036151647568,0.517017126083374,0.37462007999420166,-0.09159478545188904,0.5178219079971313,0.38216739892959595,-0.10164032131433487,0.4426671862602234,0.45052239298820496,-0.0255886260420084,0.46086928248405457,0.35521870851516724,-0.04781755059957504,0.461956262588501,0.3289550542831421,-0.06529782712459564,0.4661511182785034,0.3401617407798767,-0.07302465289831161,0.4095041751861572,0.4445117712020874,-0.017126023769378662,0.41473767161369324,0.3575749397277832,-0.040585245937108994,0.409197598695755,0.3511914610862732,-0.055305518209934235,0.4106252193450928,0.37627774477005005,-0.05960380658507347,0.3790155053138733,0.45755863189697266,-0.013408100232481956,0.3782722055912018,0.3918568193912506,-0.03354083374142647,0.37224629521369934,0.38697320222854614,-0.041564203798770905,0.37074390053749084,0.4116338789463043,-0.04220748692750931,0.3990263044834137,0.7126314640045166,2.7012859504793596e-07,0.44287005066871643,0.7046524286270142,-0.07261762768030167,0.47334274649620056,0.6695496439933777,-0.1115771234035492,0.46776333451271057,0.6231960654258728,-0.14369544386863708,0.4298552870750427,0.5859615206718445,-0.172377347946167,0.4822394549846649,0.4734470546245575,-0.04657560586929321,0.5204301476478577,0.37930983304977417,-0.0829310417175293,0.5147868990898132,0.36825504899024963,-0.1120782196521759,0.50594162940979,0.4024108648300171,-0.12658332288265228,0.444035142660141,0.44852766394615173,-0.026426425203680992,0.47021740674972534,0.32730644941329956,-0.060295749455690384,0.4548351764678955,0.3312520384788513,-0.08681006729602814,0.4490891695022583,0.3678336441516876,-0.09792552143335342,0.41194188594818115,0.4453808069229126,-0.014632335864007473,0.42580553889274597,0.33978575468063354,-0.03969133272767067,0.41386762261390686,0.34452497959136963,-0.06037415564060211,0.41422396898269653,0.3827391266822815,-0.06936825066804886,0.38190752267837524,0.46107083559036255,-0.009425707161426544,0.37959492206573486,0.3934107720851898,-0.024570535868406296,0.3713843524456024,0.38804706931114197,-0.03585232421755791,0.3741391599178314,0.4122617244720459,-0.041518982499837875,TESAJA
0.4103732407093048,0.7039893269538879,5.616334988189919e-07,0.4431450068950653,0.707495927810669,-0.07583583146333694,0.47261157631874084,0.6816093325614929,-0.1154368445277214,0.4681732654571533,0.6386842727661133,-0.14552758634090424,0.43345579504966736,0.6015573740005493,-0.17271138727664948,0.4881334602832794,0.49119827151298523,-0.05961954593658447,0.5294697284698486,0.41145458817481995,-0.08886751532554626,0.5380884408950806,0.39015454053878784,-0.1146005392074585,0.5406408905982971,0.3982560634613037,-0.12970633804798126,0.4570086896419525,0.45940494537353516,-0.03532728925347328,0.48103755712509155,0.354799747467041,-0.06008462235331535,0.48171767592430115,0.33137255907058716,-0.08455543220043182,0.4842323362827301,0.34013915061950684,-0.09935381263494492,0.42780518531799316,0.45330947637557983,-0.017868835479021072,0.44059789180755615,0.35657188296318054,-0.03913694620132446,0.43369054794311523,0.3481866121292114,-0.05951104313135147,0.4322333335876465,0.371664822101593,-0.0707474946975708,0.40033167600631714,0.4653725028038025,-0.006756373215466738,0.40485069155693054,0.39569973945617676,-0.022035233676433563,0.39920493960380554,0.3857996463775635,-0.03323674574494362,0.3966938257217407,0.4045422077178955,-0.03979548066854477,0.0,0.0,0.0,0.0,0.0,0.0,0.0,0.0,0.0,0.0,0.0,0.0,0.0,0.0,0.0,0.0,0.0,0.0,0.0,0.0,0.0,0.0,0.0,0.0,0.0,0.0,0.0,0.0,0.0,0.0,0.0,0.0,0.0,0.0,0.0,0.0,0.0,0.0,0.0,0.0,0.0,0.0,0.0,0.0,0.0,0.0,0.0,0.0,0.0,0.0,0.0,0.0,0.0,0.0,0.0,0.0,0.0,0.0,0.0,0.0,0.0,0.0,0.0,TESAJA
0.406544029712677,0.6876746416091919,6.220803356882243e-07,0.42448335886001587,0.6765983700752258,-0.06800876557826996,0.43823814392089844,0.6456974744796753,-0.10457836091518402,0.44018739461898804,0.610927164554596,-0.13205288350582123,0.4246174395084381,0.5716608166694641,-0.15692931413650513,0.4717694818973541,0.486775666475296,-0.059794094413518906,0.5096046924591064,0.41627493500709534,-0.08818449079990387,0.5242551565170288,0.3904957175254822,-0.1141137182712555,0.5311996340751648,0.3896670937538147,-0.1293051689863205,0.4487873911857605,0.4607808589935303,-0.037606414407491684,0.4657498598098755,0.36537861824035645,-0.05952079966664314,0.47572648525238037,0.33051568269729614,-0.08252441883087158,0.48581814765930176,0.32599228620529175,-0.09740089625120163,0.42831137776374817,0.45860183238983154,-0.021053800359368324,0.4316727817058563,0.37731385231018066,-0.03776752948760986,0.4356010854244232,0.3503408133983612,-0.05620482563972473,0.44291597604751587,0.35301607847213745,-0.06842882186174393,0.40804100036621094,0.4732484519481659,-0.01043297816067934,0.40960609912872314,0.42139753699302673,-0.020851021632552147,0.41040295362472534,0.40388697385787964,-0.02880287542939186,0.41324108839035034,0.4114610254764557,-0.03420546278357506,0.0,0.0,0.0,0.0,0.0,0.0,0.0,0.0,0.0,0.0,0.0,0.0,0.0,0.0,0.0,0.0,0.0,0.0,0.0,0.0,0.0,0.0,0.0,0.0,0.0,0.0,0.0,0.0,0.0,0.0,0.0,0.0,0.0,0.0,0.0,0.0,0.0,0.0,0.0,0.0,0.0,0.0,0.0,0.0,0.0,0.0,0.0,0.0,0.0,0.0,0.0,0.0,0.0,0.0,0.0,0.0,0.0,0.0,0.0,0.0,0.0,0.0,0.0,TESAJA
0.41242069005966187,0.6865972280502319,5.241847702563973e-07,0.4244192838668823,0.685957670211792,-0.09170929342508316,0.4361878037452698,0.6563063859939575,-0.13708750903606415,0.43622875213623047,0.6119231581687927,-0.1691550612449646,0.4143346846103668,0.5657758116722107,-0.1969795823097229,0.4806462228298187,0.4814039170742035,-0.07568653672933578,0.5297179222106934,0.4013698697090149,-0.10689207166433334,0.5246977806091309,0.3794473111629486,-0.13144968450069427,0.5143439769744873,0.3942158818244934,-0.1440669149160385,0.4560403525829315,0.4515712857246399,-0.0410107858479023,0.4843296706676483,0.34066423773765564,-0.06690460443496704,0.4723958373069763,0.3214982748031616,-0.08815658837556839,0.46577829122543335,0.3430463671684265,-0.09897062182426453,0.43129444122314453,0.44468826055526733,-0.014304005540907383,0.44021809101104736,0.3509053885936737,-0.03525682911276817,0.4264083504676819,0.3502792716026306,-0.055325135588645935,0.4238104522228241,0.38455313444137573,-0.06565845757722855,0.40767422318458557,0.4514945149421692,0.00488084414973855,0.4049057066440582,0.38666507601737976,-0.010309616103768349,0.39534974098205566,0.38007742166519165,-0.023898804560303688,0.39397087693214417,0.40480369329452515,-0.03179188072681427,0.0,0.0,0.0,0.0,0.0,0.0,0.0,0.0,0.0,0.0,0.0,0.0,0.0,0.0,0.0,0.0,0.0,0.0,0.0,0.0,0.0,0.0,0.0,0.0,0.0,0.0,0.0,0.0,0.0,0.0,0.0,0.0,0.0,0.0,0.0,0.0,0.0,0.0,0.0,0.0,0.0,0.0,0.0,0.0,0.0,0.0,0.0,0.0,0.0,0.0,0.0,0.0,0.0,0.0,0.0,0.0,0.0,0.0,0.0,0.0,0.0,0.0,0.0,TESAJA
0.4027286767959595,0.7109035849571228,3.535664916398673e-07,0.45241525769233704,0.7092657089233398,-0.043473441153764725,0.4988020062446594,0.6717911958694458,-0.06415629386901855,0.4997178018093109,0.6247117519378662,-0.08188104629516602,0.4599679708480835,0.6002246737480164,-0.09655943512916565,0.4664301872253418,0.4823084771633148,-0.021228494122624397,0.492300808429718,0.39457541704177856,-0.047785788774490356,0.49122488498687744,0.3757348656654358,-0.07111234962940216,0.4870169758796692,0.3886222839355469,-0.08285848796367645,0.4224097728729248,0.45730724930763245,-0.012808569706976414,0.4273270070552826,0.35961735248565674,-0.028555745258927345,0.4263238310813904,0.32980096340179443,-0.044664740562438965,0.42889484763145447,0.327859103679657,-0.05473863705992699,0.3857007324695587,0.4607343375682831,-0.010895207524299622,0.37952786684036255,0.3725866675376892,-0.02723614126443863,0.3784545063972473,0.361483633518219,-0.038685910403728485,0.3840863108634949,0.3721942603588104,-0.044154901057481766,0.35355687141418457,0.4840332269668579,-0.013350872322916985,0.34113937616348267,0.4155232906341553,-0.02575686015188694,0.33830827474594116,0.4091819226741791,-0.028654087334871292,0.34294894337654114,0.424561470746994,-0.028298843652009964,0.0,0.0,0.0,0.0,0.0,0.0,0.0,0.0,0.0,0.0,0.0,0.0,0.0,0.0,0.0,0.0,0.0,0.0,0.0,0.0,0.0,0.0,0.0,0.0,0.0,0.0,0.0,0.0,0.0,0.0,0.0,0.0,0.0,0.0,0.0,0.0,0.0,0.0,0.0,0.0,0.0,0.0,0.0,0.0,0.0,0.0,0.0,0.0,0.0,0.0,0.0,0.0,0.0,0.0,0.0,0.0,0.0,0.0,0.0,0.0,0.0,0.0,0.0,TESAJA
0.427310585975647,0.6868822574615479,7.090633147299741e-08,0.4880296289920807,0.6840859055519104,-0.055804286152124405,0.5339528322219849,0.6529291272163391,-0.09600184857845306,0.5614704489707947,0.6271870732307434,-0.13251708447933197,0.5694700479507446,0.6093858480453491,-0.16689708828926086,0.4533802270889282,0.5032621026039124,-0.07906435430049896,0.44299253821372986,0.39620858430862427,-0.13570740818977356,0.4367474317550659,0.40279296040534973,-0.16814376413822174,0.4347060024738312,0.4413165748119354,-0.18094000220298767,0.39409035444259644,0.5061122179031372,-0.07334774732589722,0.350628137588501,0.38575154542922974,-0.12614795565605164,0.35684317350387573,0.43821942806243896,-0.1407935619354248,0.3756331205368042,0.4951342046260834,-0.13961286842823029,0.3501952588558197,0.5247210264205933,-0.07338809221982956,0.30630359053611755,0.42476987838745117,-0.1138942539691925,0.3165214955806732,0.47240108251571655,-0.10969637334346771,0.3379260003566742,0.5183894038200378,-0.09656362980604172,0.31916433572769165,0.5559408664703369,-0.07844415307044983,0.28101056814193726,0.49224668741226196,-0.10196690261363983,0.28584951162338257,0.5151278972625732,-0.09595713019371033,0.30270007252693176,0.5452303886413574,-0.08513940125703812,0.0,0.0,0.0,0.0,0.0,0.0,0.0,0.0,0.0,0.0,0.0,0.0,0.0,0.0,0.0,0.0,0.0,0.0,0.0,0.0,0.0,0.0,0.0,0.0,0.0,0.0,0.0,0.0,0.0,0.0,0.0,0.0,0.0,0.0,0.0,0.0,0.0,0.0,0.0,0.0,0.0,0.0,0.0,0.0,0.0,0.0,0.0,0.0,0.0,0.0,0.0,0.0,0.0,0.0,0.0,0.0,0.0,0.0,0.0,0.0,0.0,0.0,0.0,TESAJA
0.4245348870754242,0.6777418851852417,-6.313305078720077e-08,0.48364198207855225,0.6901534795761108,-0.0648418739438057,0.5271681547164917,0.6650347709655762,-0.11165381222963333,0.5582417249679565,0.6468592882156372,-0.15360495448112488,0.5817604064941406,0.6293466091156006,-0.19261839985847473,0.4527408480644226,0.5165168046951294,-0.09743883460760117,0.4429498314857483,0.4063839316368103,-0.1647963523864746,0.43862593173980713,0.4408855140209198,-0.19984139502048492,0.43820565938949585,0.4952370822429657,-0.21237659454345703,0.3946654498577118,0.5182650089263916,-0.08915838599205017,0.3488349914550781,0.40695977210998535,-0.1516084223985672,0.3484591543674469,0.4818764328956604,-0.16462300717830658,0.3663330674171448,0.5407071709632874,-0.16056771576404572,0.3512345254421234,0.5332227945327759,-0.0878991186618805,0.3080116808414459,0.44772809743881226,-0.13775938749313354,0.31245487928390503,0.5164729952812195,-0.13143910467624664,0.33410078287124634,0.5635743141174316,-0.11487927287817001,0.3207782506942749,0.5608704686164856,-0.09213380515575409,0.2828991711139679,0.5121404528617859,-0.12080829590559006,0.28636541962623596,0.552442729473114,-0.11379443109035492,0.3070552349090576,0.5853787064552307,-0.10132312774658203,0.0,0.0,0.0,0.0,0.0,0.0,0.0,0.0,0.0,0.0,0.0,0.0,0.0,0.0,0.0,0.0,0.0,0.0,0.0,0.0,0.0,0.0,0.0,0.0,0.0,0.0,0.0,0.0,0.0,0.0,0.0,0.0,0.0,0.0,0.0,0.0,0.0,0.0,0.0,0.0,0.0,0.0,0.0,0.0,0.0,0.0,0.0,0.0,0.0,0.0,0.0,0.0,0.0,0.0,0.0,0.0,0.0,0.0,0.0,0.0,0.0,0.0,0.0,TESAJA
0.4050084054470062,0.6642101407051086,-1.0246656501067264e-07,0.47274500131607056,0.6736560463905334,-0.05671117082238197,0.52838534116745,0.640380859375,-0.10220404714345932,0.5668410062789917,0.635177493095398,-0.14318443834781647,0.5801606774330139,0.6485221982002258,-0.18275727331638336,0.4478476345539093,0.5535468459129333,-0.10987148433923721,0.4362865686416626,0.4373389780521393,-0.18043632805347443,0.43656036257743835,0.46550291776657104,-0.21897299587726593,0.42965471744537354,0.5226276516914368,-0.23358146846294403,0.38429704308509827,0.5608687400817871,-0.10496768355369568,0.34401077032089233,0.46199044585227966,-0.1711851954460144,0.3501887321472168,0.530302882194519,-0.18366797268390656,0.35866308212280273,0.5932702422142029,-0.18103867769241333,0.33710190653800964,0.57246994972229,-0.10499927401542664,0.30163827538490295,0.4890725314617157,-0.15357309579849243,0.3117513358592987,0.5491737127304077,-0.1422741711139679,0.32517102360725403,0.5965378284454346,-0.1249210387468338,0.3049529194831848,0.5896427631378174,-0.11002180725336075,0.27484792470932007,0.5459429621696472,-0.13377831876277924,0.2850188612937927,0.5879980325698853,-0.12088487297296524,0.3019081950187683,0.6205158829689026,-0.10696543008089066,0.0,0.0,0.0,0.0,0.0,0.0,0.0,0.0,0.0,0.0,0.0,0.0,0.0,0.0,0.0,0.0,0.0,0.0,0.0,0.0,0.0,0.0,0.0,0.0,0.0,0.0,0.0,0.0,0.0,0.0,0.0,0.0,0.0,0.0,0.0,0.0,0.0,0.0,0.0,0.0,0.0,0.0,0.0,0.0,0.0,0.0,0.0,0.0,0.0,0.0,0.0,0.0,0.0,0.0,0.0,0.0,0.0,0.0,0.0,0.0,0.0,0.0,0.0,TESAJA
0.3985712230205536,0.6696047782897949,-2.4643725282658124e-07,0.47032859921455383,0.6697521209716797,-0.05577925965189934,0.5333510041236877,0.6272804737091064,-0.10013637691736221,0.5808451175689697,0.63282710313797,-0.14104989171028137,0.5797766447067261,0.6691595315933228,-0.1812458485364914,0.451717734336853,0.5665012001991272,-0.11419295519590378,0.43366849422454834,0.4618793725967407,-0.1893434077501297,0.4369716942310333,0.5025045275688171,-0.2298755645751953,0.43269288539886475,0.5599222779273987,-0.24654409289360046,0.38533422350883484,0.5750487446784973,-0.11163933575153351,0.34380221366882324,0.489889919757843,-0.18616831302642822,0.35982799530029297,0.5714280009269714,-0.20005275309085846,0.3750669062137604,0.6316261291503906,-0.198666512966156,0.3364863395690918,0.5840895175933838,-0.11398196220397949,0.29625460505485535,0.5078517198562622,-0.16920796036720276,0.31688326597213745,0.5856895446777344,-0.15502694249153137,0.33899974822998047,0.6350255608558655,-0.13509821891784668,0.30053281784057617,0.5986510515213013,-0.12165088206529617,0.2693285346031189,0.5552640557289124,-0.14955231547355652,0.2854476869106293,0.6085490584373474,-0.13630878925323486,0.30732375383377075,0.644984245300293,-0.12273715436458588,0.0,0.0,0.0,0.0,0.0,0.0,0.0,0.0,0.0,0.0,0.0,0.0,0.0,0.0,0.0,0.0,0.0,0.0,0.0,0.0,0.0,0.0,0.0,0.0,0.0,0.0,0.0,0.0,0.0,0.0,0.0,0.0,0.0,0.0,0.0,0.0,0.0,0.0,0.0,0.0,0.0,0.0,0.0,0.0,0.0,0.0,0.0,0.0,0.0,0.0,0.0,0.0,0.0,0.0,0.0,0.0,0.0,0.0,0.0,0.0,0.0,0.0,0.0,TESAJA
0.4019516408443451,0.6723602414131165,1.9648533466920526e-08,0.4618530571460724,0.6639787554740906,-0.05108080431818962,0.5110085606575012,0.647651731967926,-0.092716284096241,0.5551753044128418,0.6611648797988892,-0.12918156385421753,0.5894008874893188,0.6838737726211548,-0.16433340311050415,0.4646230936050415,0.6111749410629272,-0.10145359486341476,0.45846015214920044,0.5364404320716858,-0.16648823022842407,0.4552454352378845,0.5298441648483276,-0.20253640413284302,0.44891804456710815,0.5270441174507141,-0.22083766758441925,0.40210703015327454,0.6233011484146118,-0.09654048085212708,0.363626629114151,0.5598956346511841,-0.16100715100765228,0.3796614706516266,0.6335790157318115,-0.1690494269132614,0.3995476961135864,0.6685193181037903,-0.16581356525421143,0.3548903167247772,0.6335315704345703,-0.09609198570251465,0.31549620628356934,0.5745359659194946,-0.14795345067977905,0.3366120457649231,0.6422309279441833,-0.13054631650447845,0.3631913959980011,0.6697118282318115,-0.10986354202032089,0.3249950706958771,0.6459049582481384,-0.0998920351266861,0.29008859395980835,0.625293493270874,-0.12762847542762756,0.3100751042366028,0.6712626218795776,-0.11334371566772461,0.3383677005767822,0.6892772912979126,-0.09901852160692215,0.4168817400932312,0.696259081363678,-2.211196203916188e-07,0.49121859669685364,0.6836788058280945,-0.04898952320218086,0.5513225793838501,0.6291530728340149,-0.08620836585760117,0.6013593673706055,0.6372065544128418,-0.12290922552347183,0.5978744626045227,0.6825612187385559,-0.16026389598846436,0.4746648669242859,0.5937131643295288,-0.09397373348474503,0.45562121272087097,0.49306708574295044,-0.1619008481502533,0.46021395921707153,0.5244592428207397,-0.20133593678474426,0.46021077036857605,0.581611692905426,-0.21913324296474457,0.40303531289100647,0.6043831706047058,-0.09432221204042435,0.3592863082885742,0.5354204773902893,-0.16052605211734772,0.38024309277534485,0.6118140816688538,-0.176131933927536,0.40019655227661133,0.6689071655273438,-0.1786879301071167,0.35227465629577637,0.6203422546386719,-0.10000835359096527,0.305538535118103,0.5517346262931824,-0.14963875710964203,0.33102428913116455,0.6244882941246033,-0.14314600825309753,0.3587553799152374,0.6707804203033447,-0.13126105070114136,0.31547456979751587,0.6443108916282654,-0.11042601615190506,0.2835739850997925,0.6128689646720886,-0.13583630323410034,0.3000648617744446,0.6589207649230957,-0.12835834920406342,0.324258029460907,0.6920872926712036,-0.12131571024656296,TESAJA
0.3906104862689972,0.6409149169921875,3.1926248311719974e-08,0.43420231342315674,0.6239657402038574,-0.035273052752017975,0.4702097177505493,0.6184704899787903,-0.06285496056079865,0.4891836643218994,0.6079139113426208,-0.08426807075738907,0.49153223633766174,0.5896812677383423,-0.10575198382139206,0.43328168988227844,0.5987786054611206,-0.0860624760389328,0.45815739035606384,0.6902353763580322,-0.1282050609588623,0.4617046117782593,0.678124189376831,-0.15814705193042755,0.4578872323036194,0.6522961258888245,-0.1781962662935257,0.3898547291755676,0.6149755716323853,-0.08402518928050995,0.426561564207077,0.7103524804115295,-0.11597376316785812,0.4284854829311371,0.6781942844390869,-0.12529319524765015,0.4193934202194214,0.6392605900764465,-0.13674883544445038,0.3558981716632843,0.6369271278381348,-0.083023302257061,0.3871208727359772,0.7191551327705383,-0.10868684202432632,0.38925835490226746,0.6871808767318726,-0.1036476120352745,0.3831280767917633,0.6446666121482849,-0.10279878973960876,0.33260488510131836,0.6626303791999817,-0.08617173880338669,0.352725088596344,0.7243050336837769,-0.10818685591220856,0.35465267300605774,0.7016510963439941,-0.10915828496217728,0.3489290773868561,0.6665527820587158,-0.11080333590507507,0.4437464475631714,0.7241425514221191,-3.0947435902817233e-07,0.5120062828063965,0.6935017704963684,-0.04549291357398033,0.5709729194641113,0.6244322061538696,-0.07853756099939346,0.6169478297233582,0.6316901445388794,-0.1111111119389534,0.6200326681137085,0.6579592227935791,-0.14398688077926636,0.5003986358642578,0.6064848303794861,-0.09101883322000504,0.4874587655067444,0.5112627148628235,-0.162461057305336,0.493343323469162,0.5424858927726746,-0.20461687445640564,0.4944397807121277,0.6042419075965881,-0.2233065366744995,0.4327038824558258,0.6268267035484314,-0.09116478264331818,0.3975164294242859,0.5827246308326721,-0.16095662117004395,0.42146795988082886,0.6587477326393127,-0.17867618799209595,0.4425233006477356,0.7144410014152527,-0.1821727603673935,0.3828240633010864,0.6524407267570496,-0.09703376144170761,0.34068766236305237,0.605781614780426,-0.15191194415092468,0.36752772331237793,0.6703993082046509,-0.14889134466648102,0.3963935375213623,0.7106574177742004,-0.1383475661277771,0.3451959192752838,0.6829471588134766,-0.10677839815616608,0.3143288493156433,0.6654388308525085,-0.13981766998767853,0.3341991901397705,0.7023953199386597,-0.1370815634727478,0.36104002594947815,0.7269816994667053,-0.13152317702770233,TESAJA
0.41990819573402405,0.6833738088607788,-6.23864053750367e-08,0.49603599309921265,0.676337480545044,-0.0430380180478096,0.558748185634613,0.6469197273254395,-0.0803578794002533,0.6025817394256592,0.636715829372406,-0.11602003872394562,0.6079702973365784,0.6392871737480164,-0.15383131802082062,0.4811408221721649,0.5697441697120667,-0.08733503520488739,0.47284531593322754,0.48189204931259155,-0.14111754298210144,0.4681885838508606,0.4782485067844391,-0.17472116649150848,0.4606935381889343,0.4844777584075928,-0.1927318125963211,0.41545113921165466,0.5754881501197815,-0.08931158483028412,0.38339298963546753,0.4879149794578552,-0.14431698620319366,0.390125036239624,0.5399534106254578,-0.15972483158111572,0.40160688757896423,0.5844205021858215,-0.16378845274448395,0.3625311851501465,0.589919924736023,-0.09345962852239609,0.3252871632575989,0.5106008052825928,-0.13636425137519836,0.34041696786880493,0.5678665637969971,-0.1259801834821701,0.36006802320480347,0.6127005815505981,-0.11203791201114655,0.321206271648407,0.6143895387649536,-0.10164771229028702,0.2846711277961731,0.5693952441215515,-0.1279141902923584,0.30085551738739014,0.6095379590988159,-0.11656179279088974,0.32557350397109985,0.6430221796035767,-0.10434678196907043,0.0,0.0,0.0,0.0,0.0,0.0,0.0,0.0,0.0,0.0,0.0,0.0,0.0,0.0,0.0,0.0,0.0,0.0,0.0,0.0,0.0,0.0,0.0,0.0,0.0,0.0,0.0,0.0,0.0,0.0,0.0,0.0,0.0,0.0,0.0,0.0,0.0,0.0,0.0,0.0,0.0,0.0,0.0,0.0,0.0,0.0,0.0,0.0,0.0,0.0,0.0,0.0,0.0,0.0,0.0,0.0,0.0,0.0,0.0,0.0,0.0,0.0,0.0,TESAJA
0.4593816101551056,0.7146568298339844,2.7548611569727655e-07,0.5239831805229187,0.7118900418281555,-0.037354011088609695,0.5837247371673584,0.6847450733184814,-0.06134125217795372,0.6043009161949158,0.6502590179443359,-0.08411119133234024,0.5963725447654724,0.612233579158783,-0.10401400923728943,0.53304123878479,0.4845618009567261,-0.024304060265421867,0.5484400391578674,0.3931416869163513,-0.05850335955619812,0.5506951808929443,0.37385812401771545,-0.08680438995361328,0.5495014190673828,0.38662606477737427,-0.10007655620574951,0.481907457113266,0.4649631381034851,-0.021526839584112167,0.4779896140098572,0.36779141426086426,-0.04194050654768944,0.4776810109615326,0.33878642320632935,-0.06024455279111862,0.4793062210083008,0.333764910697937,-0.0713806301355362,0.43832483887672424,0.4711382985115051,-0.024915359914302826,0.43127065896987915,0.38735443353652954,-0.040631912648677826,0.43411991000175476,0.3612220287322998,-0.04893150180578232,0.44080621004104614,0.35336071252822876,-0.052572812885046005,0.40040692687034607,0.4978550970554352,-0.032585687935352325,0.38729578256607056,0.4269410967826843,-0.041314784437417984,0.3916442394256592,0.40718597173690796,-0.039090000092983246,0.4014965891838074,0.4056684672832489,-0.034771621227264404,0.0,0.0,0.0,0.0,0.0,0.0,0.0,0.0,0.0,0.0,0.0,0.0,0.0,0.0,0.0,0.0,0.0,0.0,0.0,0.0,0.0,0.0,0.0,0.0,0.0,0.0,0.0,0.0,0.0,0.0,0.0,0.0,0.0,0.0,0.0,0.0,0.0,0.0,0.0,0.0,0.0,0.0,0.0,0.0,0.0,0.0,0.0,0.0,0.0,0.0,0.0,0.0,0.0,0.0,0.0,0.0,0.0,0.0,0.0,0.0,0.0,0.0,0.0,TESAJA
0.4506072402000427,0.7002882957458496,3.02988979683505e-07,0.5178868770599365,0.6989389657974243,-0.03380262851715088,0.5806975960731506,0.6700879335403442,-0.054362501949071884,0.6170764565467834,0.634870707988739,-0.07443651556968689,0.6078967452049255,0.5858660340309143,-0.09113957732915878,0.5483322739601135,0.46174728870391846,-0.01918035000562668,0.5762587189674377,0.3689648509025574,-0.0520586296916008,0.5885657072067261,0.36356741189956665,-0.07728483527898788,0.5886795520782471,0.39827802777290344,-0.08612003177404404,0.5028911828994751,0.43781423568725586,-0.01595747284591198,0.512241780757904,0.3310450315475464,-0.03196534886956215,0.5239595174789429,0.3169454336166382,-0.043704185634851456,0.5335682034492493,0.33314621448516846,-0.04862409457564354,0.46148326992988586,0.4399976432323456,-0.0188892912119627,0.4673878252506256,0.3493865728378296,-0.032354384660720825,0.47891467809677124,0.3330764174461365,-0.03466830030083656,0.49024906754493713,0.3401530981063843,-0.032742105424404144,0.42268863320350647,0.4622390866279602,-0.025896970182657242,0.4217171370983124,0.3844163417816162,-0.03293650969862938,0.4306808114051819,0.3678213357925415,-0.027378765866160393,0.44011974334716797,0.37419596314430237,-0.019247882068157196,0.0,0.0,0.0,0.0,0.0,0.0,0.0,0.0,0.0,0.0,0.0,0.0,0.0,0.0,0.0,0.0,0.0,0.0,0.0,0.0,0.0,0.0,0.0,0.0,0.0,0.0,0.0,0.0,0.0,0.0,0.0,0.0,0.0,0.0,0.0,0.0,0.0,0.0,0.0,0.0,0.0,0.0,0.0,0.0,0.0,0.0,0.0,0.0,0.0,0.0,0.0,0.0,0.0,0.0,0.0,0.0,0.0,0.0,0.0,0.0,0.0,0.0,0.0,TESAJA
0.4694668650627136,0.6784579753875732,7.947880686920428e-10,0.5414636135101318,0.6658955216407776,-0.029984647408127785,0.6063914895057678,0.6309539079666138,-0.04758094623684883,0.6446301341056824,0.5882152318954468,-0.06540822237730026,0.6557113528251648,0.5401700735092163,-0.07930666208267212,0.5576540231704712,0.4321383237838745,-0.012550988234579563,0.5706762075424194,0.33396679162979126,-0.04183170944452286,0.5728627443313599,0.3536926209926605,-0.06360878050327301,0.5686981678009033,0.4044882357120514,-0.07212718576192856,0.5093958377838135,0.4162542521953583,-0.011440238915383816,0.5083190202713013,0.30562663078308105,-0.030491916462779045,0.5123211145401001,0.33903101086616516,-0.04108893498778343,0.5167310833930969,0.38387325406074524,-0.04439844936132431,0.4655489921569824,0.42288416624069214,-0.015881551429629326,0.46330708265304565,0.33072996139526367,-0.03312006592750549,0.4690549969673157,0.35965752601623535,-0.03155967593193054,0.472792387008667,0.39839327335357666,-0.026196341961622238,0.42253434658050537,0.4461863040924072,-0.023835036903619766,0.41893017292022705,0.3720960319042206,-0.03341738507151604,0.4259735345840454,0.3856693506240845,-0.02599322237074375,0.4296959638595581,0.4132896065711975,-0.01658330112695694,0.0,0.0,0.0,0.0,0.0,0.0,0.0,0.0,0.0,0.0,0.0,0.0,0.0,0.0,0.0,0.0,0.0,0.0,0.0,0.0,0.0,0.0,0.0,0.0,0.0,0.0,0.0,0.0,0.0,0.0,0.0,0.0,0.0,0.0,0.0,0.0,0.0,0.0,0.0,0.0,0.0,0.0,0.0,0.0,0.0,0.0,0.0,0.0,0.0,0.0,0.0,0.0,0.0,0.0,0.0,0.0,0.0,0.0,0.0,0.0,0.0,0.0,0.0,TESAJA
